quando,fonte,tipo,loja,vendedor,titulo,preco,preco_pix,parcelado,cupom,url,modelo
2026-09-13T15:31:09-03:00,amazon,loja,Amazon,Fast Shop Loja Oficial,Smart TV TCL 55 Polegadas QLED Mini LED 4K C6K WiFi Bluetooth Google TV 4 HDMI 144Hz HDR10+ 55C6K,3278.06,,"12x R$ 273,19 sem juros",,https://www.amazon.com.br/dp/B0F7JZMVKF
2026-09-13T15:31:09-03:00,mercadolivre,loja,Mercado Livre,CIPOLONI ELETRO,Smart TV TCL 55 Polegadas QLED Mini LED 4K C6K WiFi Bluetooth Google TV 4 HDMI 144Hz HDR10+ 55C6K,3519.9,,10x R$ 429,,https://www.mercadolivre.com.br/smart-tv-tcl-55-polegadas-qled-mini-led-4k-c6k-wifi-bluetooth-google-tv-4-hdmi-144hz-hdr10-55c6k/p/MLB48808732
2026-09-13T15:31:09-03:00,aliexpress,loja,AliExpress,,"Smart TV 55"" TCL 4K UHD MiniLED 55C6K 120Hz Google TV AiPQ Google Assistente 4 HDMI 2 USB R$ 3 . 799 R$4.199 -9% 4.8 5.000+ vendido(s) Top v",4199.0,,,,https://pt.aliexpress.com/item/1005009459962683.html
2026-09-13T15:31:09-03:00,casasbahia,loja,Casas Bahia,Casas Bahia,Smart TV 55” TCL 55C6K 4K QD-Mini Led 144Hz Sistema Operacional Google TV,,3599.09,,,https://www.casasbahia.com.br/smart-tv-55-tcl-55c6k-4k-qd-mini-led-144hz-sistema-operacional-google-tv/p/55069456
2026-09-14T21:08:06-03:00,amazon,loja,Amazon,Fast Shop Loja Oficial,Smart TV TCL 55 Polegadas QLED Mini LED 4K C6K WiFi Bluetooth Google TV 4 HDMI 144Hz HDR10+ 55C6K,3199.0,,"12x R$ 266,62 sem juros",,https://www.amazon.com.br/dp/B0F7JZMVKF
2026-09-14T21:08:06-03:00,aliexpress,loja,AliExpress,,"Smart TV 55"" TCL 4K UHD MiniLED 55C6K 120Hz Google TV AiPQ Google Assistente 4 HDMI 2 USB R$ 3 . 799 R$4.199 -9% 4.8 5.000+ vendido(s) Top v",4199.0,,,,https://pt.aliexpress.com/item/1005009459962683.html
2026-09-14T21:08:06-03:00,casasbahia,loja,Casas Bahia,Casas Bahia,Smart TV 55” TCL 55C6K 4K QD-Mini Led 144Hz Sistema Operacional Google TV,,3599.09,,,https://www.casasbahia.com.br/smart-tv-55-tcl-55c6k-4k-qd-mini-led-144hz-sistema-operacional-google-tv/p/55069456
2026-09-14T22:07:14-03:00,amazon,loja,Amazon,Fast Shop Loja Oficial,Smart TV TCL 55 Polegadas QLED Mini LED 4K C6K WiFi Bluetooth Google TV 4 HDMI 144Hz HDR10+ 55C6K,3199.0,,"12x R$ 266,62 sem juros",,https://www.amazon.com.br/dp/B0F7JZMVKF
2026-09-14T22:07:14-03:00,aliexpress,loja,AliExpress,,"Smart TV 55"" TCL 4K UHD MiniLED 55C6K 120Hz Google TV AiPQ Google Assistente 4 HDMI 2 USB R$ 3 . 799 R$4.199 -9% 4.8 5.000+ vendido(s) Top v",4199.0,,,,https://pt.aliexpress.com/item/1005009459962683.html
2026-09-14T22:07:14-03:00,casasbahia,loja,Casas Bahia,Casas Bahia,Smart TV 55” TCL 55C6K 4K QD-Mini Led 144Hz Sistema Operacional Google TV,,3599.09,,,https://www.casasbahia.com.br/smart-tv-55-tcl-55c6k-4k-qd-mini-led-144hz-sistema-operacional-google-tv/p/55069456
2026-09-15T20:11:53-03:00,amazon,loja,Amazon,Fast Shop Loja Oficial,Smart TV TCL 55 Polegadas QLED Mini LED 4K C6K WiFi Bluetooth Google TV 4 HDMI 144Hz HDR10+ 55C6K,3199.0,,"12x R$ 266,62 sem juros",,https://www.amazon.com.br/dp/B0F7JZMVKF
2026-09-15T20:11:53-03:00,mercadolivre,loja,Mercado Livre,,Smart TV TCL 55 Polegadas QLED Mini LED 4K C6K WiFi Bluetooth Google TV 4 HDMI 144Hz HDR10+ 55C6K,3879.02,,10x R$ 399,,https://www.mercadolivre.com.br/smart-tv-tcl-55-polegadas-qled-mini-led-4k-c6k-wifi-bluetooth-google-tv-4-hdmi-144hz-hdr10-55c6k/p/MLB48808732
2026-09-15T20:11:53-03:00,aliexpress,loja,AliExpress,,"Smart TV 55"" TCL 4K UHD MiniLED 55C6K 120Hz Google TV AiPQ Google Assistente 4 HDMI 2 USB R$ 4 . 069 R$4.199 4.8 5.000+ vendido(s) Top venda",4199.0,,,,https://pt.aliexpress.com/item/1005009459962683.html
2026-09-15T20:11:53-03:00,casasbahia,loja,Casas Bahia,Casas Bahia,Smart TV 55” TCL 55C6K 4K QD-Mini Led 144Hz Sistema Operacional Google TV,,3599.09,,,https://www.casasbahia.com.br/smart-tv-55-tcl-55c6k-4k-qd-mini-led-144hz-sistema-operacional-google-tv/p/55069456
2026-09-16T20:48:25-03:00,amazon,loja,Amazon,Magalu.,Smart TV TCL 55 Polegadas QLED Mini LED 4K C6K WiFi Bluetooth Google TV 4 HDMI 144Hz HDR10+ 55C6K,3549.0,,"12x R$ 330,51",,https://www.amazon.com.br/dp/B0F7JZMVKF
2026-09-16T20:48:25-03:00,mercadolivre,loja,Mercado Livre,,Smart Tv Tcl 55 Polegadas Qd-Mini Led 4k C6k Wifi Bluetooth Google Tv 4 Hdmi 144hz Hdr10+ 55c6k,3879.02,,10x R$ 399,,https://www.mercadolivre.com.br/smart-tv-tcl-55-polegadas-qd-mini-led-4k-c6k-wifi-bluetooth-google-tv-4-hdmi-144hz-hdr10-55c6k/p/MLB48808732
2026-09-16T20:48:25-03:00,aliexpress,loja,AliExpress,,"Smart TV 55"" TCL 4K UHD MiniLED 55C6K 120Hz Google TV AiPQ Google Assistente 4 HDMI 2 USB R$ 4 . 069 R$4.199 4.8 5.000+ vendido(s) Top venda",4199.0,,,,https://pt.aliexpress.com/item/1005009459962683.html
2026-09-17T20:19:22-03:00,amazon,loja,Amazon,Magalu.,Smart TV TCL 55 Polegadas QLED Mini LED 4K C6K WiFi Bluetooth Google TV 4 HDMI 144Hz HDR10+ 55C6K,3998.99,,"12x R$ 333,35 sem juros",,https://www.amazon.com.br/dp/B0F7JZMVKF
2026-09-17T20:19:22-03:00,mercadolivre,loja,Mercado Livre,,Smart Tv Tcl 55 Polegadas Qd-Mini Led 4k C6k Wifi Bluetooth Google Tv 4 Hdmi 144hz Hdr10+ 55c6k,4169.0,,10x R$ 416,,https://www.mercadolivre.com.br/smart-tv-tcl-55-polegadas-qd-mini-led-4k-c6k-wifi-bluetooth-google-tv-4-hdmi-144hz-hdr10-55c6k/p/MLB48808732
2026-09-17T20:19:22-03:00,aliexpress,loja,AliExpress,,"Smart TV 55"" TCL 4K UHD MiniLED 55C6K 120Hz Google TV AiPQ Google Assistente 4 HDMI 2 USB R$ 4 . 069 R$4.199 4.8 5.000+ vendido(s) Top venda",4199.0,,,,https://pt.aliexpress.com/item/1005009459962683.html
2026-09-17T20:19:22-03:00,casasbahia,loja,Casas Bahia,Casas Bahia,Smart TV 55” TCL 55C6K 4K QD-Mini Led 144Hz Sistema Operacional Google TV,,3599.09,,,https://www.casasbahia.com.br/smart-tv-55-tcl-55c6k-4k-qd-mini-led-144hz-sistema-operacional-google-tv/p/55069456
2026-09-17T20:37:33-03:00,amazon,loja,Amazon,Magalu.,Smart TV TCL 55 Polegadas QLED Mini LED 4K C6K WiFi Bluetooth Google TV 4 HDMI 144Hz HDR10+ 55C6K,3998.99,,"12x R$ 333,35 sem juros",,https://www.amazon.com.br/dp/B0F7JZMVKF
2026-09-17T20:37:33-03:00,mercadolivre,loja,Mercado Livre,,Smart Tv Tcl 55 Polegadas Qd-Mini Led 4k C6k Wifi Bluetooth Google Tv 4 Hdmi 144hz Hdr10+ 55c6k,4169.0,,10x R$ 416,,https://www.mercadolivre.com.br/smart-tv-tcl-55-polegadas-qd-mini-led-4k-c6k-wifi-bluetooth-google-tv-4-hdmi-144hz-hdr10-55c6k/p/MLB48808732
2026-09-17T20:37:33-03:00,aliexpress,loja,AliExpress,,"Smart TV 55"" TCL 4K UHD MiniLED 55C6K 120Hz Google TV AiPQ Google Assistente 4 HDMI 2 USB R$ 4 . 069 R$4.199 4.8 5.000+ vendido(s) Top venda",4199.0,,,,https://pt.aliexpress.com/item/1005009459962683.html
2026-09-17T20:37:33-03:00,casasbahia,loja,Casas Bahia,Casas Bahia,Smart TV 55” TCL 55C6K 4K QD-Mini Led 144Hz Sistema Operacional Google TV,,3599.09,,,https://www.casasbahia.com.br/smart-tv-55-tcl-55c6k-4k-qd-mini-led-144hz-sistema-operacional-google-tv/p/55069456
2026-09-17T21:09:48-03:00,amazon,loja,Amazon,Magalu.,Smart TV TCL 55 Polegadas QLED Mini LED 4K C6K WiFi Bluetooth Google TV 4 HDMI 144Hz HDR10+ 55C6K,3998.99,,"12x R$ 333,35 sem juros",,https://www.amazon.com.br/dp/B0F7JZMVKF
2026-09-17T21:09:48-03:00,mercadolivre,loja,Mercado Livre,,Smart Tv Tcl 55 Polegadas Qd-Mini Led 4k C6k Wifi Bluetooth Google Tv 4 Hdmi 144hz Hdr10+ 55c6k,4169.0,,10x R$ 416,,https://www.mercadolivre.com.br/smart-tv-tcl-55-polegadas-qd-mini-led-4k-c6k-wifi-bluetooth-google-tv-4-hdmi-144hz-hdr10-55c6k/p/MLB48808732
2026-09-17T21:09:48-03:00,aliexpress,loja,AliExpress,,"Smart TV 55"" TCL 4K UHD MiniLED 55C6K 120Hz Google TV AiPQ Google Assistente 4 HDMI 2 USB R$ 4 . 069 R$4.199 4.8 5.000+ vendido(s) Top venda",4199.0,,,,https://pt.aliexpress.com/item/1005009459962683.html
2026-09-17T21:37:53-03:00,amazon,loja,Amazon,Magalu.,Smart TV TCL 55 Polegadas QLED Mini LED 4K C6K WiFi Bluetooth Google TV 4 HDMI 144Hz HDR10+ 55C6K,4034.5,,"12x R$ 336,30 sem juros",,https://www.amazon.com.br/dp/B0F7JZMVKF
2026-09-17T21:37:53-03:00,mercadolivre,loja,Mercado Livre,,Smart Tv Tcl 55 Polegadas Qd-Mini Led 4k C6k Wifi Bluetooth Google Tv 4 Hdmi 144hz Hdr10+ 55c6k,4169.0,,10x R$ 416,,https://www.mercadolivre.com.br/smart-tv-tcl-55-polegadas-qd-mini-led-4k-c6k-wifi-bluetooth-google-tv-4-hdmi-144hz-hdr10-55c6k/p/MLB48808732
2026-09-17T21:37:53-03:00,aliexpress,loja,AliExpress,,"Smart TV 55"" TCL 4K UHD MiniLED 55C6K 120Hz Google TV AiPQ Google Assistente 4 HDMI 2 USB R$ 4 . 069 R$4.199 4.8 5.000+ vendido(s) Top venda",4199.0,,,,https://pt.aliexpress.com/item/1005009459962683.html
2026-09-17T21:45:55-03:00,amazon,loja,Amazon,Magalu.,Smart TV TCL 55 Polegadas QLED Mini LED 4K C6K WiFi Bluetooth Google TV 4 HDMI 144Hz HDR10+ 55C6K,4034.5,,"12x R$ 336,30 sem juros",,https://www.amazon.com.br/dp/B0F7JZMVKF
2026-09-17T21:45:55-03:00,mercadolivre,loja,Mercado Livre,,Smart Tv Tcl 55 Polegadas Qd-Mini Led 4k C6k Wifi Bluetooth Google Tv 4 Hdmi 144hz Hdr10+ 55c6k,4169.0,,10x R$ 416,,https://www.mercadolivre.com.br/smart-tv-tcl-55-polegadas-qd-mini-led-4k-c6k-wifi-bluetooth-google-tv-4-hdmi-144hz-hdr10-55c6k/p/MLB48808732
2026-09-17T21:45:55-03:00,aliexpress,loja,AliExpress,,"Smart TV 55"" TCL 4K UHD MiniLED 55C6K 120Hz Google TV AiPQ Google Assistente 4 HDMI 2 USB R$ 4 . 069 R$4.199 4.8 5.000+ vendido(s) Top venda",4199.0,,,,https://pt.aliexpress.com/item/1005009459962683.html
2026-09-17T22:07:32-03:00,amazon,loja,Amazon,Magalu.,Smart TV TCL 55 Polegadas QLED Mini LED 4K C6K WiFi Bluetooth Google TV 4 HDMI 144Hz HDR10+ 55C6K,4034.5,,"12x R$ 336,30 sem juros",,https://www.amazon.com.br/dp/B0F7JZMVKF
2026-09-17T22:07:32-03:00,mercadolivre,loja,Mercado Livre,,Smart Tv Tcl 55 Polegadas Qd-Mini Led 4k C6k Wifi Bluetooth Google Tv 4 Hdmi 144hz Hdr10+ 55c6k,4169.0,,10x R$ 416,,https://www.mercadolivre.com.br/smart-tv-tcl-55-polegadas-qd-mini-led-4k-c6k-wifi-bluetooth-google-tv-4-hdmi-144hz-hdr10-55c6k/p/MLB48808732
2026-09-17T22:07:32-03:00,aliexpress,loja,AliExpress,,"Smart TV 55"" TCL 4K UHD MiniLED 55C6K 120Hz Google TV AiPQ Google Assistente 4 HDMI 2 USB R$ 4 . 069 R$4.199 4.8 5.000+ vendido(s) Top venda",4199.0,,,,https://pt.aliexpress.com/item/1005009459962683.html
2026-09-18T14:08:21-03:00,amazon,loja,Amazon,Magalu.,Smart TV TCL 55 Polegadas QLED Mini LED 4K C6K WiFi Bluetooth Google TV 4 HDMI 144Hz HDR10+ 55C6K,3749.0,,"12x R$ 312,49 sem juros",,https://www.amazon.com.br/dp/B0F7JZMVKF
2026-09-18T14:08:21-03:00,casasbahia,loja,Casas Bahia,Casas Bahia,Smart TV 55” TCL 55C6K 4K QD-Mini Led 144Hz Sistema Operacional Google TV,3599.09,,,,https://www.casasbahia.com.br/smart-tv-55-tcl-55c6k-4k-qd-mini-led-144hz-sistema-operacional-google-tv/p/55069456
2026-09-18T14:08:21-03:00,mercadolivre,loja,Mercado Livre,Loja oficial Magalu,Smart Tv Tcl 55 Polegadas Qd-Mini Led 4k C6k Wifi Bluetooth Google Tv 4 Hdmi 144hz Hdr10+ 55c6k,3491.03,,,,https://www.mercadolivre.com.br/smart-tv-tcl-55-polegadas-qd-mini-led-4k-c6k-wifi-bluetooth-google-tv-4-hdmi-144hz-hdr10-55c6k/p/MLB48808732
2026-09-18T14:08:21-03:00,aliexpress,loja,AliExpress,,"Smart TV 55"" TCL 4K UHD MiniLED 55C6K 120Hz Google TV AiPQ Google Assistente 4 HDMI 2 USB R$ 3 . 499 R$3.749 -6% 4.8 5.000+ vendido(s) Top v",3749.0,,,,https://pt.aliexpress.com/item/1005009459962683.html
2026-09-18T14:37:35-03:00,amazon,loja,Amazon,Magalu.,Smart TV TCL 55 Polegadas QLED Mini LED 4K C6K WiFi Bluetooth Google TV 4 HDMI 144Hz HDR10+ 55C6K,3749.0,,"12x R$ 312,49 sem juros",,https://www.amazon.com.br/dp/B0F7JZMVKF
2026-09-18T14:37:35-03:00,casasbahia,loja,Casas Bahia,Casas Bahia,Smart TV 55” TCL 55C6K 4K QD-Mini Led 144Hz Sistema Operacional Google TV,3599.09,,,,https://www.casasbahia.com.br/smart-tv-55-tcl-55c6k-4k-qd-mini-led-144hz-sistema-operacional-google-tv/p/55069456
2026-09-18T14:37:35-03:00,mercadolivre,loja,Mercado Livre,,Smart Tv Tcl 55 Polegadas Qd-Mini Led 4k C6k Wifi Bluetooth Google Tv 4 Hdmi 144hz Hdr10+ 55c6k,3749.0,,10x R$ 374,,https://www.mercadolivre.com.br/smart-tv-tcl-55-polegadas-qd-mini-led-4k-c6k-wifi-bluetooth-google-tv-4-hdmi-144hz-hdr10-55c6k/p/MLB48808732
2026-09-18T14:37:35-03:00,aliexpress,loja,AliExpress,,"Smart TV 55"" TCL 4K UHD MiniLED 55C6K 120Hz Google TV AiPQ Google Assistente 4 HDMI 2 USB R$ 3 . 499 R$3.749 -6% 4.8 5.000+ vendido(s) Top v",3749.0,,,,https://pt.aliexpress.com/item/1005009459962683.html
2026-09-18T15:07:56-03:00,amazon,loja,Amazon,Magalu.,Smart TV TCL 55 Polegadas QLED Mini LED 4K C6K WiFi Bluetooth Google TV 4 HDMI 144Hz HDR10+ 55C6K,3749.0,,"12x R$ 312,49 sem juros",,https://www.amazon.com.br/dp/B0F7JZMVKF
2026-09-18T15:07:56-03:00,casasbahia,loja,Casas Bahia,Casas Bahia,Smart TV 55” TCL 55C6K 4K QD-Mini Led 144Hz Sistema Operacional Google TV,3599.09,,,,https://www.casasbahia.com.br/smart-tv-55-tcl-55c6k-4k-qd-mini-led-144hz-sistema-operacional-google-tv/p/55069456
2026-09-18T15:07:56-03:00,mercadolivre,loja,Mercado Livre,,Smart Tv Tcl 55 Polegadas Qd-Mini Led 4k C6k Wifi Bluetooth Google Tv 4 Hdmi 144hz Hdr10+ 55c6k,3749.0,,10x R$ 374,,https://www.mercadolivre.com.br/smart-tv-tcl-55-polegadas-qd-mini-led-4k-c6k-wifi-bluetooth-google-tv-4-hdmi-144hz-hdr10-55c6k/p/MLB48808732
2026-09-18T15:07:56-03:00,aliexpress,loja,AliExpress,,"Smart TV 55"" TCL 4K UHD MiniLED 55C6K 120Hz Google TV AiPQ Google Assistente 4 HDMI 2 USB R$ 3 . 499 R$3.749 -6% 4.8 5.000+ vendido(s) Top v",3749.0,,,,https://pt.aliexpress.com/item/1005009459962683.html
2026-09-18T15:37:55-03:00,amazon,loja,Amazon,Magalu.,Smart TV TCL 55 Polegadas QLED Mini LED 4K C6K WiFi Bluetooth Google TV 4 HDMI 144Hz HDR10+ 55C6K,3749.0,,"12x R$ 312,49 sem juros",,https://www.amazon.com.br/dp/B0F7JZMVKF
2026-09-18T15:37:55-03:00,casasbahia,loja,Casas Bahia,Casas Bahia,Smart TV 55” TCL 55C6K 4K QD-Mini Led 144Hz Sistema Operacional Google TV,3998.99,3599.09,"10x R$ 399,90 sem juros (cartão Casas Bahia)",,https://www.casasbahia.com.br/smart-tv-55-tcl-55c6k-4k-qd-mini-led-144hz-sistema-operacional-google-tv/p/55069456
2026-09-18T15:37:55-03:00,mercadolivre,loja,Mercado Livre,Magalu,Smart Tv Tcl 55 Polegadas Qd-Mini Led 4k C6k Wifi Bluetooth Google Tv 4 Hdmi 144hz Hdr10+ 55c6k,3749.0,,"10x R$ 374,90 sem juros",,https://www.mercadolivre.com.br/smart-tv-tcl-55-polegadas-qd-mini-led-4k-c6k-wifi-bluetooth-google-tv-4-hdmi-144hz-hdr10-55c6k/p/MLB48808732
2026-09-18T15:37:55-03:00,aliexpress,loja,AliExpress,,"Smart TV 55"" TCL 4K UHD MiniLED 55C6K 120Hz Google TV AiPQ Google Assistente 4 HDMI 2 USB R$ 3.499 R$ 3.749 -6% 4.8 5.000+ vendido(s) Top ve",3499.0,,,,https://pt.aliexpress.com/item/1005009459962683.html
2026-09-18T16:07:33-03:00,amazon,loja,Amazon,Magalu.,Smart TV TCL 55 Polegadas QLED Mini LED 4K C6K WiFi Bluetooth Google TV 4 HDMI 144Hz HDR10+ 55C6K,3749.0,,"12x R$ 312,49 sem juros",,https://www.amazon.com.br/dp/B0F7JZMVKF
2026-09-18T16:07:33-03:00,casasbahia,loja,Casas Bahia,Casas Bahia,Smart TV 55” TCL 55C6K 4K QD-Mini Led 144Hz Sistema Operacional Google TV,3998.99,3599.09,"10x R$ 399,90 sem juros (cartão Casas Bahia)",,https://www.casasbahia.com.br/smart-tv-55-tcl-55c6k-4k-qd-mini-led-144hz-sistema-operacional-google-tv/p/55069456
2026-09-18T16:07:33-03:00,mercadolivre,loja,Mercado Livre,Magalu,Smart Tv Tcl 55 Polegadas Qd-Mini Led 4k C6k Wifi Bluetooth Google Tv 4 Hdmi 144hz Hdr10+ 55c6k,3749.0,,"10x R$ 374,90 sem juros",,https://www.mercadolivre.com.br/smart-tv-tcl-55-polegadas-qd-mini-led-4k-c6k-wifi-bluetooth-google-tv-4-hdmi-144hz-hdr10-55c6k/p/MLB48808732
2026-09-18T16:07:33-03:00,aliexpress,loja,AliExpress,,"Smart TV 55"" TCL 4K UHD MiniLED 55C6K 120Hz Google TV AiPQ Google Assistente 4 HDMI 2 USB R$ 3.499 R$ 3.749 -6% 4.8 5.000+ vendido(s) Top ve",3499.0,,,,https://pt.aliexpress.com/item/1005009459962683.html
2026-09-18T16:37:32-03:00,amazon,loja,Amazon,Magalu.,Smart TV TCL 55 Polegadas QLED Mini LED 4K C6K WiFi Bluetooth Google TV 4 HDMI 144Hz HDR10+ 55C6K,3749.0,,"12x R$ 312,49 sem juros",,https://www.amazon.com.br/dp/B0F7JZMVKF
2026-09-18T16:37:32-03:00,casasbahia,loja,Casas Bahia,Casas Bahia,Smart TV 55” TCL 55C6K 4K QD-Mini Led 144Hz Sistema Operacional Google TV,3998.99,3599.09,"10x R$ 399,90 sem juros (cartão Casas Bahia)",,https://www.casasbahia.com.br/smart-tv-55-tcl-55c6k-4k-qd-mini-led-144hz-sistema-operacional-google-tv/p/55069456
2026-09-18T16:37:32-03:00,mercadolivre,loja,Mercado Livre,Magalu,Smart Tv Tcl 55 Polegadas Qd-Mini Led 4k C6k Wifi Bluetooth Google Tv 4 Hdmi 144hz Hdr10+ 55c6k,3749.0,,"10x R$ 374,90 sem juros",,https://www.mercadolivre.com.br/smart-tv-tcl-55-polegadas-qd-mini-led-4k-c6k-wifi-bluetooth-google-tv-4-hdmi-144hz-hdr10-55c6k/p/MLB48808732
2026-09-18T16:37:32-03:00,aliexpress,loja,AliExpress,,"Smart TV 55"" TCL 4K UHD MiniLED 55C6K 120Hz Google TV AiPQ Google Assistente 4 HDMI 2 USB R$ 3.499 R$ 3.749 -6% 4.8 5.000+ vendido(s) Top ve",3499.0,,,,https://pt.aliexpress.com/item/1005009459962683.html
2026-09-18T17:07:34-03:00,amazon,loja,Amazon,Magalu.,Smart TV TCL 55 Polegadas QLED Mini LED 4K C6K WiFi Bluetooth Google TV 4 HDMI 144Hz HDR10+ 55C6K,3749.0,,"12x R$ 312,49 sem juros",,https://www.amazon.com.br/dp/B0F7JZMVKF
2026-09-18T17:07:34-03:00,casasbahia,loja,Casas Bahia,Casas Bahia,Smart TV 55” TCL 55C6K 4K QD-Mini Led 144Hz Sistema Operacional Google TV,3998.99,3599.09,"10x R$ 399,90 sem juros (cartão Casas Bahia)",,https://www.casasbahia.com.br/smart-tv-55-tcl-55c6k-4k-qd-mini-led-144hz-sistema-operacional-google-tv/p/55069456
2026-09-18T17:07:34-03:00,mercadolivre,loja,Mercado Livre,Loja oficial Magalu,Smart Tv Tcl 55 Polegadas Qd-Mini Led 4k C6k Wifi Bluetooth Google Tv 4 Hdmi 144hz Hdr10+ 55c6k,3749.0,,"10x R$ 374,90 sem juros",,https://www.mercadolivre.com.br/smart-tv-tcl-55-polegadas-qd-mini-led-4k-c6k-wifi-bluetooth-google-tv-4-hdmi-144hz-hdr10-55c6k/p/MLB48808732
2026-09-18T17:07:34-03:00,mercadolivre,loja,Mercado Livre,Mercado Livre,Smart Tv Tcl 55 Polegadas Qd-Mini Led 4k C6k Wifi Bluetooth Google Tv 4 Hdmi 144hz Hdr10+ 55c6k,3599.0,3491.03,,,https://www.mercadolivre.com.br/smart-tv-tcl-55-polegadas-qd-mini-led-4k-c6k-wifi-bluetooth-google-tv-4-hdmi-144hz-hdr10-55c6k/p/MLB48808732
2026-09-18T17:07:34-03:00,aliexpress,loja,AliExpress,,"Smart TV 55"" TCL 4K UHD MiniLED 55C6K 120Hz Google TV AiPQ Google Assistente 4 HDMI 2 USB R$ 3.499 R$ 3.749 -6% 4.8 5.000+ vendido(s) Top ve",3499.0,,,,https://pt.aliexpress.com/item/1005009459962683.html
2026-09-18T17:13:58-03:00,amazon,loja,Amazon,Magalu.,Smart TV TCL 55 Polegadas QLED Mini LED 4K C6K WiFi Bluetooth Google TV 4 HDMI 144Hz HDR10+ 55C6K,3749.0,,"12x R$ 312,49 sem juros",,https://www.amazon.com.br/dp/B0F7JZMVKF
2026-09-18T17:13:58-03:00,casasbahia,loja,Casas Bahia,Casas Bahia,Smart TV 55” TCL 55C6K 4K QD-Mini Led 144Hz Sistema Operacional Google TV,3998.99,3599.09,"10x R$ 399,90 sem juros (cartão Casas Bahia)",,https://www.casasbahia.com.br/smart-tv-55-tcl-55c6k-4k-qd-mini-led-144hz-sistema-operacional-google-tv/p/55069456
2026-09-18T17:13:58-03:00,mercadolivre,loja,Mercado Livre,Loja oficial Magalu,Smart Tv Tcl 55 Polegadas Qd-Mini Led 4k C6k Wifi Bluetooth Google Tv 4 Hdmi 144hz Hdr10+ 55c6k,3749.0,,"10x R$ 374,90 sem juros",,https://www.mercadolivre.com.br/smart-tv-tcl-55-polegadas-qd-mini-led-4k-c6k-wifi-bluetooth-google-tv-4-hdmi-144hz-hdr10-55c6k/p/MLB48808732
2026-09-18T17:13:58-03:00,mercadolivre,loja,Mercado Livre,Mercado Livre,Smart Tv Tcl 55 Polegadas Qd-Mini Led 4k C6k Wifi Bluetooth Google Tv 4 Hdmi 144hz Hdr10+ 55c6k,3599.0,3491.03,,,https://www.mercadolivre.com.br/smart-tv-tcl-55-polegadas-qd-mini-led-4k-c6k-wifi-bluetooth-google-tv-4-hdmi-144hz-hdr10-55c6k/p/MLB48808732
2026-09-18T17:13:58-03:00,aliexpress,loja,AliExpress,,"Smart TV 55"" TCL 4K UHD MiniLED 55C6K 120Hz Google TV AiPQ Google Assistente 4 HDMI 2 USB R$ 3.499 R$ 3.749 -6% 4.8 5.000+ vendido(s) Top ve",3499.0,,,,https://pt.aliexpress.com/item/1005009459962683.html
2026-09-18T17:43:57-03:00,amazon,loja,Amazon,Magalu.,Smart TV TCL 55 Polegadas QLED Mini LED 4K C6K WiFi Bluetooth Google TV 4 HDMI 144Hz HDR10+ 55C6K,3749.0,,"12x R$ 312,49 sem juros",,https://www.amazon.com.br/dp/B0F7JZMVKF
2026-09-18T17:43:57-03:00,casasbahia,loja,Casas Bahia,Casas Bahia,Smart TV 55” TCL 55C6K 4K QD-Mini Led 144Hz Sistema Operacional Google TV,3998.99,3599.09,"10x R$ 399,90 sem juros (cartão Casas Bahia)",,https://www.casasbahia.com.br/smart-tv-55-tcl-55c6k-4k-qd-mini-led-144hz-sistema-operacional-google-tv/p/55069456
2026-09-18T17:43:57-03:00,mercadolivre,loja,Mercado Livre,Loja oficial Magalu,Smart Tv Tcl 55 Polegadas Qd-Mini Led 4k C6k Wifi Bluetooth Google Tv 4 Hdmi 144hz Hdr10+ 55c6k,3749.0,,"10x R$ 374,90 sem juros",,https://www.mercadolivre.com.br/smart-tv-tcl-55-polegadas-qd-mini-led-4k-c6k-wifi-bluetooth-google-tv-4-hdmi-144hz-hdr10-55c6k/p/MLB48808732
2026-09-18T17:43:57-03:00,mercadolivre,loja,Mercado Livre,Mercado Livre,Smart Tv Tcl 55 Polegadas Qd-Mini Led 4k C6k Wifi Bluetooth Google Tv 4 Hdmi 144hz Hdr10+ 55c6k,3599.0,3491.03,,,https://www.mercadolivre.com.br/smart-tv-tcl-55-polegadas-qd-mini-led-4k-c6k-wifi-bluetooth-google-tv-4-hdmi-144hz-hdr10-55c6k/p/MLB48808732
2026-09-18T17:43:57-03:00,aliexpress,loja,AliExpress,,"Smart TV 55"" TCL 4K UHD MiniLED 55C6K 120Hz Google TV AiPQ Google Assistente 4 HDMI 2 USB R$ 3.499 R$ 3.749 -6% 4.8 5.000+ vendido(s) Top ve",3499.0,,,,https://pt.aliexpress.com/item/1005009459962683.html
2026-09-18T20:05:30-03:00,amazon,loja,Amazon,Magalu.,Smart TV TCL 55 Polegadas QLED Mini LED 4K C6K WiFi Bluetooth Google TV 4 HDMI 144Hz HDR10+ 55C6K,3374.1,,"12x R$ 312,49",,https://www.amazon.com.br/dp/B0F7JZMVKF
2026-09-18T20:05:30-03:00,casasbahia,loja,Casas Bahia,Casas Bahia,Smart TV 55” TCL 55C6K 4K QD-Mini Led 144Hz Sistema Operacional Google TV,3998.99,3599.09,"10x R$ 399,90 sem juros (cartão Casas Bahia)",,https://www.casasbahia.com.br/smart-tv-55-tcl-55c6k-4k-qd-mini-led-144hz-sistema-operacional-google-tv/p/55069456
2026-09-18T20:05:30-03:00,mercadolivre,loja,Mercado Livre,Magalu,Smart Tv Tcl 55 Polegadas Qd-Mini Led 4k C6k Wifi Bluetooth Google Tv 4 Hdmi 144hz Hdr10+ 55c6k,3749.0,,"10x R$ 374,90 sem juros",,https://www.mercadolivre.com.br/smart-tv-tcl-55-polegadas-qd-mini-led-4k-c6k-wifi-bluetooth-google-tv-4-hdmi-144hz-hdr10-55c6k/p/MLB48808732
2026-09-18T20:05:30-03:00,aliexpress,loja,AliExpress,,"Smart TV 55"" TCL 4K UHD MiniLED 55C6K 120Hz Google TV AiPQ Google Assistente 4 HDMI 2 USB R$ 3.499 R$ 3.749 -6% 4.8 5.000+ vendido(s) Top ve",3499.0,,,,https://pt.aliexpress.com/item/1005009459962683.html
2026-09-18T20:44:04-03:00,amazon,loja,Amazon,Magalu.,Smart TV TCL 55 Polegadas QLED Mini LED 4K C6K WiFi Bluetooth Google TV 4 HDMI 144Hz HDR10+ 55C6K,3749.0,3374.1,"12x R$ 312,49 sem juros",,https://www.amazon.com.br/dp/B0F7JZMVKF
2026-09-18T20:44:04-03:00,casasbahia,loja,Casas Bahia,Casas Bahia,Smart TV 55” TCL 55C6K 4K QD-Mini Led 144Hz Sistema Operacional Google TV,3998.99,3599.09,"10x R$ 399,90 sem juros (cartão Casas Bahia)",,https://www.casasbahia.com.br/smart-tv-55-tcl-55c6k-4k-qd-mini-led-144hz-sistema-operacional-google-tv/p/55069456
2026-09-18T20:44:04-03:00,mercadolivre,loja,Mercado Livre,Magalu,Smart Tv Tcl 55 Polegadas Qd-Mini Led 4k C6k Wifi Bluetooth Google Tv 4 Hdmi 144hz Hdr10+ 55c6k,3749.0,,"10x R$ 374,90 sem juros",,https://www.mercadolivre.com.br/smart-tv-tcl-55-polegadas-qd-mini-led-4k-c6k-wifi-bluetooth-google-tv-4-hdmi-144hz-hdr10-55c6k/p/MLB48808732
2026-09-18T20:44:04-03:00,aliexpress,loja,AliExpress,,"Smart TV 55"" TCL 4K UHD MiniLED 55C6K 120Hz Google TV AiPQ Google Assistente 4 HDMI 2 USB R$ 3.499 R$ 3.749 -6% 4.8 5.000+ vendido(s) Top ve",3499.0,,,,https://pt.aliexpress.com/item/1005009459962683.html
2026-09-18T21:13:58-03:00,amazon,loja,Amazon,Magalu.,Smart TV TCL 55 Polegadas QLED Mini LED 4K C6K WiFi Bluetooth Google TV 4 HDMI 144Hz HDR10+ 55C6K,3749.0,3374.1,"12x R$ 312,49 sem juros",,https://www.amazon.com.br/dp/B0F7JZMVKF
2026-09-18T21:13:58-03:00,casasbahia,loja,Casas Bahia,Casas Bahia,Smart TV 55” TCL 55C6K 4K QD-Mini Led 144Hz Sistema Operacional Google TV,3998.99,3599.09,"10x R$ 399,90 sem juros (cartão Casas Bahia)",,https://www.casasbahia.com.br/smart-tv-55-tcl-55c6k-4k-qd-mini-led-144hz-sistema-operacional-google-tv/p/55069456
2026-09-18T21:13:58-03:00,mercadolivre,loja,Mercado Livre,Magalu,Smart Tv Tcl 55 Polegadas Qd-Mini Led 4k C6k Wifi Bluetooth Google Tv 4 Hdmi 144hz Hdr10+ 55c6k,3749.0,,"10x R$ 374,90 sem juros",,https://www.mercadolivre.com.br/smart-tv-tcl-55-polegadas-qd-mini-led-4k-c6k-wifi-bluetooth-google-tv-4-hdmi-144hz-hdr10-55c6k/p/MLB48808732
2026-09-18T21:13:58-03:00,aliexpress,loja,AliExpress,,"Smart TV 55"" TCL 4K UHD MiniLED 55C6K 120Hz Google TV AiPQ Google Assistente 4 HDMI 2 USB R$ 3.499 R$ 3.749 -6% 4.8 5.000+ vendido(s) Top ve",3499.0,,,,https://pt.aliexpress.com/item/1005009459962683.html
2026-09-18T21:43:59-03:00,amazon,loja,Amazon,Magalu.,Smart TV TCL 55 Polegadas QLED Mini LED 4K C6K WiFi Bluetooth Google TV 4 HDMI 144Hz HDR10+ 55C6K,3749.0,3374.1,"12x R$ 312,49 sem juros",,https://www.amazon.com.br/dp/B0F7JZMVKF
2026-09-18T21:43:59-03:00,casasbahia,loja,Casas Bahia,Casas Bahia,Smart TV 55” TCL 55C6K 4K QD-Mini Led 144Hz Sistema Operacional Google TV,3998.99,3599.09,"10x R$ 399,90 sem juros (cartão Casas Bahia)",,https://www.casasbahia.com.br/smart-tv-55-tcl-55c6k-4k-qd-mini-led-144hz-sistema-operacional-google-tv/p/55069456
2026-09-18T21:43:59-03:00,mercadolivre,loja,Mercado Livre,Magalu,Smart Tv Tcl 55 Polegadas Qd-Mini Led 4k C6k Wifi Bluetooth Google Tv 4 Hdmi 144hz Hdr10+ 55c6k,3749.0,,"10x R$ 374,90 sem juros",,https://www.mercadolivre.com.br/smart-tv-tcl-55-polegadas-qd-mini-led-4k-c6k-wifi-bluetooth-google-tv-4-hdmi-144hz-hdr10-55c6k/p/MLB48808732
2026-09-18T21:43:59-03:00,aliexpress,loja,AliExpress,,"Smart TV 55"" TCL 4K UHD MiniLED 55C6K 120Hz Google TV AiPQ Google Assistente 4 HDMI 2 USB R$ 3.499 R$ 3.749 -6% 4.8 5.000+ vendido(s) Top ve",3499.0,,,,https://pt.aliexpress.com/item/1005009459962683.html
2026-09-18T22:13:58-03:00,amazon,loja,Amazon,Magalu.,Smart TV TCL 55 Polegadas QLED Mini LED 4K C6K WiFi Bluetooth Google TV 4 HDMI 144Hz HDR10+ 55C6K,3749.0,3374.1,"12x R$ 312,49 sem juros",,https://www.amazon.com.br/dp/B0F7JZMVKF
2026-09-18T22:13:58-03:00,casasbahia,loja,Casas Bahia,Casas Bahia,Smart TV 55” TCL 55C6K 4K QD-Mini Led 144Hz Sistema Operacional Google TV,3998.99,3599.09,"10x R$ 399,90 sem juros (cartão Casas Bahia)",,https://www.casasbahia.com.br/smart-tv-55-tcl-55c6k-4k-qd-mini-led-144hz-sistema-operacional-google-tv/p/55069456
2026-09-18T22:13:58-03:00,mercadolivre,loja,Mercado Livre,Magalu,Smart Tv Tcl 55 Polegadas Qd-Mini Led 4k C6k Wifi Bluetooth Google Tv 4 Hdmi 144hz Hdr10+ 55c6k,3749.0,,"10x R$ 374,90 sem juros",,https://www.mercadolivre.com.br/smart-tv-tcl-55-polegadas-qd-mini-led-4k-c6k-wifi-bluetooth-google-tv-4-hdmi-144hz-hdr10-55c6k/p/MLB48808732
2026-09-18T22:13:58-03:00,aliexpress,loja,AliExpress,,"Smart TV 55"" TCL 4K UHD MiniLED 55C6K 120Hz Google TV AiPQ Google Assistente 4 HDMI 2 USB R$ 3.499 R$ 3.749 -6% 4.8 5.000+ vendido(s) Top ve",3499.0,,,,https://pt.aliexpress.com/item/1005009459962683.html
2026-09-19T11:58:30-03:00,amazon,loja,Amazon,Magalu.,Smart TV TCL 55 Polegadas QLED Mini LED 4K C6K WiFi Bluetooth Google TV 4 HDMI 144Hz HDR10+ 55C6K,3749.0,3374.1,"12x R$ 312,49 sem juros",,https://www.amazon.com.br/dp/B0F7JZMVKF
2026-09-19T11:58:30-03:00,casasbahia,loja,Casas Bahia,Casas Bahia,Smart TV 55” TCL 55C6K 4K QD-Mini Led 144Hz Sistema Operacional Google TV,3998.99,3599.09,"10x R$ 399,90 sem juros (cartão Casas Bahia)",,https://www.casasbahia.com.br/smart-tv-55-tcl-55c6k-4k-qd-mini-led-144hz-sistema-operacional-google-tv/p/55069456
2026-09-19T11:58:30-03:00,mercadolivre,loja,Mercado Livre,Magalu,Smart Tv Tcl 55 Polegadas Qd-Mini Led 4k C6k Wifi Bluetooth Google Tv 4 Hdmi 144hz Hdr10+ 55c6k,3749.0,,"10x R$ 374,90 sem juros",,https://www.mercadolivre.com.br/smart-tv-tcl-55-polegadas-qd-mini-led-4k-c6k-wifi-bluetooth-google-tv-4-hdmi-144hz-hdr10-55c6k/p/MLB48808732
2026-09-19T11:58:30-03:00,aliexpress,loja,AliExpress,,"Smart TV 55"" TCL 4K UHD MiniLED 55C6K 120Hz Google TV AiPQ Google Assistente 4 HDMI 2 USB R$ 3.499 R$ 3.749 -6% 4.8 5.000+ vendido(s) Top ve",3499.0,,,,https://pt.aliexpress.com/item/1005009459962683.html
2026-09-19T12:13:58-03:00,amazon,loja,Amazon,Magalu.,Smart TV TCL 55 Polegadas QLED Mini LED 4K C6K WiFi Bluetooth Google TV 4 HDMI 144Hz HDR10+ 55C6K,3749.0,3374.1,"12x R$ 312,49 sem juros",,https://www.amazon.com.br/dp/B0F7JZMVKF
2026-09-19T12:13:58-03:00,casasbahia,loja,Casas Bahia,Casas Bahia,Smart TV 55” TCL 55C6K 4K QD-Mini Led 144Hz Sistema Operacional Google TV,3998.99,3599.09,"10x R$ 399,90 sem juros (cartão Casas Bahia)",,https://www.casasbahia.com.br/smart-tv-55-tcl-55c6k-4k-qd-mini-led-144hz-sistema-operacional-google-tv/p/55069456
2026-09-19T12:13:58-03:00,mercadolivre,loja,Mercado Livre,Magalu,Smart Tv Tcl 55 Polegadas Qd-Mini Led 4k C6k Wifi Bluetooth Google Tv 4 Hdmi 144hz Hdr10+ 55c6k,3749.0,,"10x R$ 374,90 sem juros",,https://www.mercadolivre.com.br/smart-tv-tcl-55-polegadas-qd-mini-led-4k-c6k-wifi-bluetooth-google-tv-4-hdmi-144hz-hdr10-55c6k/p/MLB48808732
2026-09-19T12:13:58-03:00,aliexpress,loja,AliExpress,,"Smart TV 55"" TCL 4K UHD MiniLED 55C6K 120Hz Google TV AiPQ Google Assistente 4 HDMI 2 USB R$ 3.499 R$ 3.749 -6% 4.8 5.000+ vendido(s) Top ve",3499.0,,,,https://pt.aliexpress.com/item/1005009459962683.html
2026-09-19T12:43:59-03:00,amazon,loja,Amazon,Magalu.,Smart TV TCL 55 Polegadas QLED Mini LED 4K C6K WiFi Bluetooth Google TV 4 HDMI 144Hz HDR10+ 55C6K,3749.0,3374.1,"12x R$ 312,49 sem juros",,https://www.amazon.com.br/dp/B0F7JZMVKF
2026-09-19T12:43:59-03:00,casasbahia,loja,Casas Bahia,Casas Bahia,Smart TV 55” TCL 55C6K 4K QD-Mini Led 144Hz Sistema Operacional Google TV,3998.99,3599.09,"10x R$ 399,90 sem juros (cartão Casas Bahia)",,https://www.casasbahia.com.br/smart-tv-55-tcl-55c6k-4k-qd-mini-led-144hz-sistema-operacional-google-tv/p/55069456
2026-09-19T12:43:59-03:00,mercadolivre,loja,Mercado Livre,Magalu,Smart Tv Tcl 55 Polegadas Qd-Mini Led 4k C6k Wifi Bluetooth Google Tv 4 Hdmi 144hz Hdr10+ 55c6k,3749.0,,"10x R$ 374,90 sem juros",,https://www.mercadolivre.com.br/smart-tv-tcl-55-polegadas-qd-mini-led-4k-c6k-wifi-bluetooth-google-tv-4-hdmi-144hz-hdr10-55c6k/p/MLB48808732
2026-09-19T12:43:59-03:00,aliexpress,loja,AliExpress,,"Smart TV 55"" TCL 4K UHD MiniLED 55C6K 120Hz Google TV AiPQ Google Assistente 4 HDMI 2 USB R$ 3.499 R$ 3.749 -6% 4.8 5.000+ vendido(s) Top ve",3499.0,,,,https://pt.aliexpress.com/item/1005009459962683.html
2026-09-19T13:13:57-03:00,amazon,loja,Amazon,Magalu.,Smart TV TCL 55 Polegadas QLED Mini LED 4K C6K WiFi Bluetooth Google TV 4 HDMI 144Hz HDR10+ 55C6K,3749.0,3374.1,"12x R$ 312,49 sem juros",,https://www.amazon.com.br/dp/B0F7JZMVKF
2026-09-19T13:13:57-03:00,casasbahia,loja,Casas Bahia,Casas Bahia,Smart TV 55” TCL 55C6K 4K QD-Mini Led 144Hz Sistema Operacional Google TV,3998.99,3599.09,"10x R$ 399,90 sem juros (cartão Casas Bahia)",,https://www.casasbahia.com.br/smart-tv-55-tcl-55c6k-4k-qd-mini-led-144hz-sistema-operacional-google-tv/p/55069456
2026-09-19T13:13:57-03:00,mercadolivre,loja,Mercado Livre,Magalu,Smart Tv Tcl 55 Polegadas Qd-Mini Led 4k C6k Wifi Bluetooth Google Tv 4 Hdmi 144hz Hdr10+ 55c6k,3749.0,,"10x R$ 374,90 sem juros",,https://www.mercadolivre.com.br/smart-tv-tcl-55-polegadas-qd-mini-led-4k-c6k-wifi-bluetooth-google-tv-4-hdmi-144hz-hdr10-55c6k/p/MLB48808732
2026-09-19T13:13:57-03:00,aliexpress,loja,AliExpress,,"Smart TV 55"" TCL 4K UHD MiniLED 55C6K 120Hz Google TV AiPQ Google Assistente 4 HDMI 2 USB R$ 3.499 R$ 3.749 -6% 4.8 5.000+ vendido(s) Top ve",3499.0,,,,https://pt.aliexpress.com/item/1005009459962683.html
2026-09-19T13:44:00-03:00,amazon,loja,Amazon,Magalu.,Smart TV TCL 55 Polegadas QLED Mini LED 4K C6K WiFi Bluetooth Google TV 4 HDMI 144Hz HDR10+ 55C6K,3749.0,3374.1,"12x R$ 312,49 sem juros",,https://www.amazon.com.br/dp/B0F7JZMVKF
2026-09-19T13:44:00-03:00,casasbahia,loja,Casas Bahia,Casas Bahia,Smart TV 55” TCL 55C6K 4K QD-Mini Led 144Hz Sistema Operacional Google TV,3998.99,3599.09,"10x R$ 399,90 sem juros (cartão Casas Bahia)",,https://www.casasbahia.com.br/smart-tv-55-tcl-55c6k-4k-qd-mini-led-144hz-sistema-operacional-google-tv/p/55069456
2026-09-19T13:44:00-03:00,mercadolivre,loja,Mercado Livre,Loja oficial Magalu,Smart Tv Tcl 55 Polegadas Qd-Mini Led 4k C6k Wifi Bluetooth Google Tv 4 Hdmi 144hz Hdr10+ 55c6k,3749.0,,"10x R$ 374,90 sem juros",,https://www.mercadolivre.com.br/smart-tv-tcl-55-polegadas-qd-mini-led-4k-c6k-wifi-bluetooth-google-tv-4-hdmi-144hz-hdr10-55c6k/p/MLB48808732
2026-09-19T13:44:00-03:00,mercadolivre,loja,Mercado Livre,Mercado Livre,Smart Tv Tcl 55 Polegadas Qd-Mini Led 4k C6k Wifi Bluetooth Google Tv 4 Hdmi 144hz Hdr10+ 55c6k,3599.0,3491.03,,,https://www.mercadolivre.com.br/smart-tv-tcl-55-polegadas-qd-mini-led-4k-c6k-wifi-bluetooth-google-tv-4-hdmi-144hz-hdr10-55c6k/p/MLB48808732
2026-09-19T13:44:00-03:00,aliexpress,loja,AliExpress,,"Smart TV 55"" TCL 4K UHD MiniLED 55C6K 120Hz Google TV AiPQ Google Assistente 4 HDMI 2 USB R$ 3.499 R$ 3.749 -6% 4.8 5.000+ vendido(s) Top ve",3499.0,,,,https://pt.aliexpress.com/item/1005009459962683.html
2026-09-19T14:13:58-03:00,amazon,loja,Amazon,Magalu.,Smart TV TCL 55 Polegadas QLED Mini LED 4K C6K WiFi Bluetooth Google TV 4 HDMI 144Hz HDR10+ 55C6K,3749.0,3374.1,"12x R$ 312,49 sem juros",,https://www.amazon.com.br/dp/B0F7JZMVKF
2026-09-19T14:13:58-03:00,casasbahia,loja,Casas Bahia,Casas Bahia,Smart TV 55” TCL 55C6K 4K QD-Mini Led 144Hz Sistema Operacional Google TV,3998.99,3599.09,"10x R$ 399,90 sem juros (cartão Casas Bahia)",,https://www.casasbahia.com.br/smart-tv-55-tcl-55c6k-4k-qd-mini-led-144hz-sistema-operacional-google-tv/p/55069456
2026-09-19T14:13:58-03:00,mercadolivre,loja,Mercado Livre,Loja oficial Magalu,Smart Tv Tcl 55 Polegadas Qd-Mini Led 4k C6k Wifi Bluetooth Google Tv 4 Hdmi 144hz Hdr10+ 55c6k,3749.0,,"10x R$ 374,90 sem juros",,https://www.mercadolivre.com.br/smart-tv-tcl-55-polegadas-qd-mini-led-4k-c6k-wifi-bluetooth-google-tv-4-hdmi-144hz-hdr10-55c6k/p/MLB48808732
2026-09-19T14:13:58-03:00,mercadolivre,loja,Mercado Livre,Mercado Livre,Smart Tv Tcl 55 Polegadas Qd-Mini Led 4k C6k Wifi Bluetooth Google Tv 4 Hdmi 144hz Hdr10+ 55c6k,3749.0,3636.53,,,https://www.mercadolivre.com.br/smart-tv-tcl-55-polegadas-qd-mini-led-4k-c6k-wifi-bluetooth-google-tv-4-hdmi-144hz-hdr10-55c6k/p/MLB48808732
2026-09-19T14:13:58-03:00,aliexpress,loja,AliExpress,,"Smart TV 55"" TCL 4K UHD MiniLED 55C6K 120Hz Google TV AiPQ Google Assistente 4 HDMI 2 USB R$ 3.499 R$ 3.749 -6% 4.8 5.000+ vendido(s) Top ve",3499.0,,,,https://pt.aliexpress.com/item/1005009459962683.html
2026-09-19T18:52:44-03:00,amazon,loja,Amazon,Magalu.,Smart TV TCL 55 Polegadas QLED Mini LED 4K C6K WiFi Bluetooth Google TV 4 HDMI 144Hz HDR10+ 55C6K,3749.0,3374.1,"12x R$ 312,49 sem juros",,https://www.amazon.com.br/dp/B0F7JZMVKF
2026-09-19T18:52:44-03:00,casasbahia,loja,Casas Bahia,Casas Bahia,Smart TV 55” TCL 55C6K 4K QD-Mini Led 144Hz Sistema Operacional Google TV,3998.99,3599.09,"10x R$ 399,90 sem juros (cartão Casas Bahia)",,https://www.casasbahia.com.br/smart-tv-55-tcl-55c6k-4k-qd-mini-led-144hz-sistema-operacional-google-tv/p/55069456
2026-09-19T18:52:44-03:00,mercadolivre,loja,Mercado Livre,Magalu,Smart Tv Tcl 55 Polegadas Qd-Mini Led 4k C6k Wifi Bluetooth Google Tv 4 Hdmi 144hz Hdr10+ 55c6k,3749.0,,"10x R$ 374,90 sem juros",,https://www.mercadolivre.com.br/smart-tv-tcl-55-polegadas-qd-mini-led-4k-c6k-wifi-bluetooth-google-tv-4-hdmi-144hz-hdr10-55c6k/p/MLB48808732
2026-09-19T18:52:44-03:00,aliexpress,loja,AliExpress,,"Smart TV 55"" TCL 4K UHD MiniLED 55C6K 120Hz Google TV AiPQ Google Assistente 4 HDMI 2 USB R$ 3.499 R$ 3.749 -6% 4.8 5.000+ vendido(s) Top ve",3499.0,,,,https://pt.aliexpress.com/item/1005009459962683.html
2026-09-19T20:04:21-03:00,amazon,loja,Amazon,Magalu.,Smart TV TCL 55 Polegadas QLED Mini LED 4K C6K WiFi Bluetooth Google TV 4 HDMI 144Hz HDR10+ 55C6K,3749.0,3374.1,"12x R$ 312,49 sem juros",,https://www.amazon.com.br/dp/B0F7JZMVKF
2026-09-19T20:04:21-03:00,casasbahia,loja,Casas Bahia,Casas Bahia,Smart TV 55” TCL 55C6K 4K QD-Mini Led 144Hz Sistema Operacional Google TV,3998.99,3599.09,"10x R$ 399,90 sem juros (cartão Casas Bahia)",,https://www.casasbahia.com.br/smart-tv-55-tcl-55c6k-4k-qd-mini-led-144hz-sistema-operacional-google-tv/p/55069456
2026-09-19T20:04:21-03:00,mercadolivre,loja,Mercado Livre,Magalu,Smart Tv Tcl 55 Polegadas Qd-Mini Led 4k C6k Wifi Bluetooth Google Tv 4 Hdmi 144hz Hdr10+ 55c6k,3749.0,,"10x R$ 374,90 sem juros",,https://www.mercadolivre.com.br/smart-tv-tcl-55-polegadas-qd-mini-led-4k-c6k-wifi-bluetooth-google-tv-4-hdmi-144hz-hdr10-55c6k/p/MLB48808732
2026-09-19T20:04:21-03:00,aliexpress,loja,AliExpress,,"Smart TV 55"" TCL 4K UHD MiniLED 55C6K 120Hz Google TV AiPQ Google Assistente 4 HDMI 2 USB R$ 3.499 R$ 3.749 -6% 4.8 5.000+ vendido(s) Top ve",3499.0,,,,https://pt.aliexpress.com/item/1005009459962683.html
2026-09-19T20:52:18-03:00,amazon,loja,Amazon,Magalu.,Smart TV TCL 55 Polegadas QLED Mini LED 4K C6K WiFi Bluetooth Google TV 4 HDMI 144Hz HDR10+ 55C6K,3749.0,3374.1,"12x R$ 312,49 sem juros",,https://www.amazon.com.br/dp/B0F7JZMVKF
2026-09-19T20:52:18-03:00,casasbahia,loja,Casas Bahia,Casas Bahia,Smart TV 55” TCL 55C6K 4K QD-Mini Led 144Hz Sistema Operacional Google TV,3998.99,3599.09,"10x R$ 399,90 sem juros (cartão Casas Bahia)",,https://www.casasbahia.com.br/smart-tv-55-tcl-55c6k-4k-qd-mini-led-144hz-sistema-operacional-google-tv/p/55069456
2026-09-19T20:52:18-03:00,mercadolivre,loja,Mercado Livre,Magalu,Smart Tv Tcl 55 Polegadas Qd-Mini Led 4k C6k Wifi Bluetooth Google Tv 4 Hdmi 144hz Hdr10+ 55c6k,3749.0,,"10x R$ 374,90 sem juros",,https://www.mercadolivre.com.br/smart-tv-tcl-55-polegadas-qd-mini-led-4k-c6k-wifi-bluetooth-google-tv-4-hdmi-144hz-hdr10-55c6k/p/MLB48808732
2026-09-19T20:52:18-03:00,aliexpress,loja,AliExpress,,"Smart TV 55"" TCL 4K UHD MiniLED 55C6K 120Hz Google TV AiPQ Google Assistente 4 HDMI 2 USB R$ 3.499 R$ 3.749 -6% 4.8 5.000+ vendido(s) Top ve",3499.0,,,,https://pt.aliexpress.com/item/1005009459962683.html
2026-09-19T21:29:34-03:00,amazon,loja,Amazon,Magalu.,Smart TV TCL 55 Polegadas QLED Mini LED 4K C6K WiFi Bluetooth Google TV 4 HDMI 144Hz HDR10+ 55C6K,3749.0,3374.1,"12x R$ 312,49 sem juros",,https://www.amazon.com.br/dp/B0F7JZMVKF
2026-09-19T21:29:34-03:00,casasbahia,loja,Casas Bahia,Casas Bahia,Smart TV 55” TCL 55C6K 4K QD-Mini Led 144Hz Sistema Operacional Google TV,3998.99,3599.09,"10x R$ 399,90 sem juros (cartão Casas Bahia)",,https://www.casasbahia.com.br/smart-tv-55-tcl-55c6k-4k-qd-mini-led-144hz-sistema-operacional-google-tv/p/55069456
2026-09-19T21:29:34-03:00,mercadolivre,loja,Mercado Livre,Magalu,Smart Tv Tcl 55 Polegadas Qd-Mini Led 4k C6k Wifi Bluetooth Google Tv 4 Hdmi 144hz Hdr10+ 55c6k,3749.0,,"10x R$ 374,90 sem juros",,https://www.mercadolivre.com.br/smart-tv-tcl-55-polegadas-qd-mini-led-4k-c6k-wifi-bluetooth-google-tv-4-hdmi-144hz-hdr10-55c6k/p/MLB48808732
2026-09-19T21:29:34-03:00,aliexpress,loja,AliExpress,,"Smart TV 55"" TCL 4K UHD MiniLED 55C6K 120Hz Google TV AiPQ Google Assistente 4 HDMI 2 USB R$ 3.499 R$ 3.749 -6% 4.8 5.000+ vendido(s) Top ve",3499.0,,,,https://pt.aliexpress.com/item/1005009459962683.html
2026-09-19T21:43:57-03:00,amazon,loja,Amazon,Magalu.,Smart TV TCL 55 Polegadas QLED Mini LED 4K C6K WiFi Bluetooth Google TV 4 HDMI 144Hz HDR10+ 55C6K,3749.0,3374.1,"12x R$ 312,49 sem juros",,https://www.amazon.com.br/dp/B0F7JZMVKF
2026-09-19T21:43:57-03:00,casasbahia,loja,Casas Bahia,Casas Bahia,Smart TV 55” TCL 55C6K 4K QD-Mini Led 144Hz Sistema Operacional Google TV,3998.99,3599.09,"10x R$ 399,90 sem juros (cartão Casas Bahia)",,https://www.casasbahia.com.br/smart-tv-55-tcl-55c6k-4k-qd-mini-led-144hz-sistema-operacional-google-tv/p/55069456
2026-09-19T21:43:57-03:00,mercadolivre,loja,Mercado Livre,Magalu,Smart Tv Tcl 55 Polegadas Qd-Mini Led 4k C6k Wifi Bluetooth Google Tv 4 Hdmi 144hz Hdr10+ 55c6k,3749.0,,"10x R$ 374,90 sem juros",,https://www.mercadolivre.com.br/smart-tv-tcl-55-polegadas-qd-mini-led-4k-c6k-wifi-bluetooth-google-tv-4-hdmi-144hz-hdr10-55c6k/p/MLB48808732
2026-09-19T21:43:57-03:00,aliexpress,loja,AliExpress,,"Smart TV 55"" TCL 4K UHD MiniLED 55C6K 120Hz Google TV AiPQ Google Assistente 4 HDMI 2 USB R$ 3.499 R$ 3.749 -6% 4.8 5.000+ vendido(s) Top ve",3499.0,,,,https://pt.aliexpress.com/item/1005009459962683.html
2026-09-19T22:14:20-03:00,amazon,loja,Amazon,Lojas Colombo S/A,Smart TV TCL 55 Polegadas QLED Mini LED 4K C6K WiFi Bluetooth Google TV 4 HDMI 144Hz HDR10+ 55C6K,4184.88,,,,https://www.amazon.com.br/dp/B0F7JZMVKF?smid=A30OZFNW1RCCSM
2026-09-19T22:14:20-03:00,amazon,loja,Amazon,Magalu.,Smart TV TCL 55 Polegadas QLED Mini LED 4K C6K WiFi Bluetooth Google TV 4 HDMI 144Hz HDR10+ 55C6K,3749.0,3374.1,"12x R$ 312,49 sem juros",,https://www.amazon.com.br/dp/B0F7JZMVKF?smid=ACUNARZFR75ET
2026-09-19T22:14:20-03:00,casasbahia,loja,Casas Bahia,Casas Bahia,Smart TV 55” TCL 55C6K 4K QD-Mini Led 144Hz Sistema Operacional Google TV,3998.99,3599.09,"10x R$ 399,90 sem juros (cartão Casas Bahia)",,https://www.casasbahia.com.br/smart-tv-55-tcl-55c6k-4k-qd-mini-led-144hz-sistema-operacional-google-tv/p/55069456
2026-09-19T22:14:20-03:00,casasbahia,loja,Casas Bahia,LOJAS COLOMBO,"Smart TV TCL 55 AI, 4K UHD, QLED Mini LED, Android TV - 55C6K - Voltagem: Bivolt",5283.38,,"10x R$ 528,34 sem juros",,https://www.casasbahia.com.br/smart-tv-tcl-55-ai-4k-uhd-qled-mini-led-android-tv-55c6k/p/1582483296
2026-09-19T22:14:20-03:00,mercadolivre,loja,Mercado Livre,Magalu,Smart Tv Tcl 55 Polegadas Qd-Mini Led 4k C6k Wifi Bluetooth Google Tv 4 Hdmi 144hz Hdr10+ 55c6k,3749.0,,"10x R$ 374,90 sem juros",,https://www.mercadolivre.com.br/p/MLB48808732?pdp_filters=item_id%3AMLB7574364080
2026-09-19T22:14:20-03:00,aliexpress,loja,AliExpress,,"Smart TV 55"" TCL 4K UHD MiniLED 55C6K 120Hz Google TV AiPQ Google Assistente 4 HDMI 2 USB R$ 3.499 R$ 3.749 -6% 4.8 5.000+ vendido(s) Top ve",3499.0,,,,https://pt.aliexpress.com/item/1005009459962683.html
2026-09-20T11:55:27-03:00,amazon,loja,Amazon,Lojas Colombo S/A,Smart TV TCL 55 Polegadas QLED Mini LED 4K C6K WiFi Bluetooth Google TV 4 HDMI 144Hz HDR10+ 55C6K,4184.88,,,,https://www.amazon.com.br/dp/B0F7JZMVKF?smid=A30OZFNW1RCCSM
2026-09-20T11:55:27-03:00,amazon,loja,Amazon,Magalu.,Smart TV TCL 55 Polegadas QLED Mini LED 4K C6K WiFi Bluetooth Google TV 4 HDMI 144Hz HDR10+ 55C6K,3749.0,3374.1,"12x R$ 312,49 sem juros",,https://www.amazon.com.br/dp/B0F7JZMVKF?smid=ACUNARZFR75ET
2026-09-20T11:55:27-03:00,casasbahia,loja,Casas Bahia,Casas Bahia,Smart TV 55” TCL 55C6K 4K QD-Mini Led 144Hz Sistema Operacional Google TV,3998.99,3599.09,"10x R$ 399,90 sem juros (cartão Casas Bahia)",,https://www.casasbahia.com.br/smart-tv-55-tcl-55c6k-4k-qd-mini-led-144hz-sistema-operacional-google-tv/p/55069456
2026-09-20T11:55:27-03:00,casasbahia,loja,Casas Bahia,LOJAS COLOMBO,"Smart TV TCL 55 AI, 4K UHD, QLED Mini LED, Android TV - 55C6K - Voltagem: Bivolt",5283.38,,"10x R$ 528,34 sem juros",,https://www.casasbahia.com.br/smart-tv-tcl-55-ai-4k-uhd-qled-mini-led-android-tv-55c6k/p/1582483296
2026-09-20T11:55:27-03:00,mercadolivre,loja,Mercado Livre,Loja oficial Magalu,Smart Tv Tcl 55 Polegadas Qd-Mini Led 4k C6k Wifi Bluetooth Google Tv 4 Hdmi 144hz Hdr10+ 55c6k,3749.0,,"10x R$ 374,90 sem juros",,https://www.mercadolivre.com.br/p/MLB48808732?pdp_filters=item_id%3AMLB7574364080
2026-09-20T11:55:27-03:00,mercadolivre,loja,Mercado Livre,Mercado Livre,Smart Tv Tcl 55 Polegadas Qd-Mini Led 4k C6k Wifi Bluetooth Google Tv 4 Hdmi 144hz Hdr10+ 55c6k,3749.0,3636.53,,,https://www.mercadolivre.com.br/p/MLB48808732?pdp_filters=item_id%3AMLB5417889802
2026-09-20T11:55:27-03:00,mercadolivre,loja,Mercado Livre,Mercado Livre,Smart Tv Tcl 55  4k Qd-mini Led Google Tv 127/220v 55c6k,3749.0,,,,https://www.mercadolivre.com.br/smart-tv-tcl-55--4k-qdmini-led-google-tv-127220v-55c6k/up/MLBU3165217359
2026-09-20T11:55:27-03:00,aliexpress,loja,AliExpress,,"Smart TV 55"" TCL 4K UHD MiniLED 55C6K 120Hz Google TV AiPQ Google Assistente 4 HDMI 2 USB R$ 3.499 R$ 3.749 -6% 4.8 5.000+ vendido(s) Top ve",3499.0,,,,https://pt.aliexpress.com/item/1005009459962683.html
2026-09-20T12:14:21-03:00,amazon,loja,Amazon,Lojas Colombo S/A,Smart TV TCL 55 Polegadas QLED Mini LED 4K C6K WiFi Bluetooth Google TV 4 HDMI 144Hz HDR10+ 55C6K,4184.88,,,,https://www.amazon.com.br/dp/B0F7JZMVKF?smid=A30OZFNW1RCCSM
2026-09-20T12:14:21-03:00,amazon,loja,Amazon,Magalu.,Smart TV TCL 55 Polegadas QLED Mini LED 4K C6K WiFi Bluetooth Google TV 4 HDMI 144Hz HDR10+ 55C6K,3749.0,3374.1,"12x R$ 312,49 sem juros",,https://www.amazon.com.br/dp/B0F7JZMVKF?smid=ACUNARZFR75ET
2026-09-20T12:14:21-03:00,casasbahia,loja,Casas Bahia,Casas Bahia,Smart TV 55” TCL 55C6K 4K QD-Mini Led 144Hz Sistema Operacional Google TV,3998.99,3599.09,"10x R$ 399,90 sem juros (cartão Casas Bahia)",,https://www.casasbahia.com.br/smart-tv-55-tcl-55c6k-4k-qd-mini-led-144hz-sistema-operacional-google-tv/p/55069456
2026-09-20T12:14:21-03:00,casasbahia,loja,Casas Bahia,LOJAS COLOMBO,"Smart TV TCL 55 AI, 4K UHD, QLED Mini LED, Android TV - 55C6K - Voltagem: Bivolt",5283.38,,"10x R$ 528,34 sem juros",,https://www.casasbahia.com.br/smart-tv-tcl-55-ai-4k-uhd-qled-mini-led-android-tv-55c6k/p/1582483296
2026-09-20T12:14:21-03:00,mercadolivre,loja,Mercado Livre,Loja oficial Magalu,Smart Tv Tcl 55 Polegadas Qd-Mini Led 4k C6k Wifi Bluetooth Google Tv 4 Hdmi 144hz Hdr10+ 55c6k,3749.0,,"10x R$ 374,90 sem juros",,https://www.mercadolivre.com.br/p/MLB48808732?pdp_filters=item_id%3AMLB7574364080
2026-09-20T12:14:21-03:00,mercadolivre,loja,Mercado Livre,Mercado Livre,Smart Tv Tcl 55 Polegadas Qd-Mini Led 4k C6k Wifi Bluetooth Google Tv 4 Hdmi 144hz Hdr10+ 55c6k,3749.0,3636.53,,,https://www.mercadolivre.com.br/p/MLB48808732?pdp_filters=item_id%3AMLB5417889802
2026-09-20T12:14:21-03:00,mercadolivre,loja,Mercado Livre,Mercado Livre,Smart Tv Tcl 55  4k Qd-mini Led Google Tv 127/220v 55c6k,3749.0,,,,https://www.mercadolivre.com.br/smart-tv-tcl-55--4k-qdmini-led-google-tv-127220v-55c6k/up/MLBU3165217359
2026-09-20T12:14:21-03:00,aliexpress,loja,AliExpress,,"Smart TV 55"" TCL 4K UHD MiniLED 55C6K 120Hz Google TV AiPQ Google Assistente 4 HDMI 2 USB R$ 3.499 R$ 3.749 -6% 4.8 5.000+ vendido(s) Top ve",3499.0,,,,https://pt.aliexpress.com/item/1005009459962683.html
2026-09-20T13:01:11-03:00,amazon,loja,Amazon,Lojas Colombo S/A,Smart TV TCL 55 Polegadas QLED Mini LED 4K C6K WiFi Bluetooth Google TV 4 HDMI 144Hz HDR10+ 55C6K,4184.88,,,,https://www.amazon.com.br/dp/B0F7JZMVKF?smid=A30OZFNW1RCCSM
2026-09-20T13:01:11-03:00,amazon,loja,Amazon,Magalu.,Smart TV TCL 55 Polegadas QLED Mini LED 4K C6K WiFi Bluetooth Google TV 4 HDMI 144Hz HDR10+ 55C6K,3749.0,3374.1,"12x R$ 312,49 sem juros",,https://www.amazon.com.br/dp/B0F7JZMVKF?smid=ACUNARZFR75ET
2026-09-20T13:01:11-03:00,casasbahia,loja,Casas Bahia,Casas Bahia,Smart TV 55” TCL 55C6K 4K QD-Mini Led 144Hz Sistema Operacional Google TV,3998.99,3599.09,"10x R$ 399,90 sem juros (cartão Casas Bahia)",,https://www.casasbahia.com.br/smart-tv-55-tcl-55c6k-4k-qd-mini-led-144hz-sistema-operacional-google-tv/p/55069456
2026-09-20T13:01:11-03:00,casasbahia,loja,Casas Bahia,LOJAS COLOMBO,"Smart TV TCL 55 AI, 4K UHD, QLED Mini LED, Android TV - 55C6K - Voltagem: Bivolt",5283.38,,"10x R$ 528,34 sem juros",,https://www.casasbahia.com.br/smart-tv-tcl-55-ai-4k-uhd-qled-mini-led-android-tv-55c6k/p/1582483296
2026-09-20T13:01:11-03:00,mercadolivre,loja,Mercado Livre,Loja oficial Magalu,Smart Tv Tcl 55 Polegadas Qd-Mini Led 4k C6k Wifi Bluetooth Google Tv 4 Hdmi 144hz Hdr10+ 55c6k,3749.0,,"10x R$ 374,90 sem juros",,https://www.mercadolivre.com.br/p/MLB48808732?pdp_filters=item_id%3AMLB7574364080
2026-09-20T13:01:11-03:00,mercadolivre,loja,Mercado Livre,Mercado Livre,Smart Tv Tcl 55 Polegadas Qd-Mini Led 4k C6k Wifi Bluetooth Google Tv 4 Hdmi 144hz Hdr10+ 55c6k,3749.0,3636.53,,,https://www.mercadolivre.com.br/p/MLB48808732?pdp_filters=item_id%3AMLB5417889802
2026-09-20T13:01:11-03:00,mercadolivre,loja,Mercado Livre,Mercado Livre,Smart Tv Tcl 55  4k Qd-mini Led Google Tv 127/220v 55c6k,3749.0,,,,https://www.mercadolivre.com.br/smart-tv-tcl-55--4k-qdmini-led-google-tv-127220v-55c6k/up/MLBU3165217359
2026-09-20T13:01:11-03:00,aliexpress,loja,AliExpress,,"Smart TV 55"" TCL 4K UHD MiniLED 55C6K 120Hz Google TV AiPQ Google Assistente 4 HDMI 2 USB R$ 3.499 R$ 3.749 -6% 4.8 5.000+ vendido(s) Top ve",3499.0,,,,https://pt.aliexpress.com/item/1005009459962683.html
2026-09-20T13:14:17-03:00,amazon,loja,Amazon,Lojas Colombo S/A,Smart TV TCL 55 Polegadas QLED Mini LED 4K C6K WiFi Bluetooth Google TV 4 HDMI 144Hz HDR10+ 55C6K,4184.88,,,,https://www.amazon.com.br/dp/B0F7JZMVKF?smid=A30OZFNW1RCCSM
2026-09-20T13:14:17-03:00,amazon,loja,Amazon,Magalu.,Smart TV TCL 55 Polegadas QLED Mini LED 4K C6K WiFi Bluetooth Google TV 4 HDMI 144Hz HDR10+ 55C6K,3749.0,3374.1,"12x R$ 312,49 sem juros",,https://www.amazon.com.br/dp/B0F7JZMVKF?smid=ACUNARZFR75ET
2026-09-20T13:14:17-03:00,casasbahia,loja,Casas Bahia,Casas Bahia,Smart TV 55” TCL 55C6K 4K QD-Mini Led 144Hz Sistema Operacional Google TV,3998.99,3599.09,"10x R$ 399,90 sem juros (cartão Casas Bahia)",,https://www.casasbahia.com.br/smart-tv-55-tcl-55c6k-4k-qd-mini-led-144hz-sistema-operacional-google-tv/p/55069456
2026-09-20T13:14:17-03:00,casasbahia,loja,Casas Bahia,LOJAS COLOMBO,"Smart TV TCL 55 AI, 4K UHD, QLED Mini LED, Android TV - 55C6K - Voltagem: Bivolt",5283.38,,"10x R$ 528,34 sem juros",,https://www.casasbahia.com.br/smart-tv-tcl-55-ai-4k-uhd-qled-mini-led-android-tv-55c6k/p/1582483296
2026-09-20T13:14:17-03:00,mercadolivre,loja,Mercado Livre,Loja oficial Magalu,Smart Tv Tcl 55 Polegadas Qd-Mini Led 4k C6k Wifi Bluetooth Google Tv 4 Hdmi 144hz Hdr10+ 55c6k,3749.0,,"10x R$ 374,90 sem juros",,https://www.mercadolivre.com.br/p/MLB48808732?pdp_filters=item_id%3AMLB7574364080
2026-09-20T13:14:17-03:00,mercadolivre,loja,Mercado Livre,Mercado Livre,Smart Tv Tcl 55 Polegadas Qd-Mini Led 4k C6k Wifi Bluetooth Google Tv 4 Hdmi 144hz Hdr10+ 55c6k,3749.0,3636.53,,,https://www.mercadolivre.com.br/p/MLB48808732?pdp_filters=item_id%3AMLB5417889802
2026-09-20T13:14:17-03:00,mercadolivre,loja,Mercado Livre,Mercado Livre,Smart Tv Tcl 55  4k Qd-mini Led Google Tv 127/220v 55c6k,3749.0,,,,https://www.mercadolivre.com.br/smart-tv-tcl-55--4k-qdmini-led-google-tv-127220v-55c6k/up/MLBU3165217359
2026-09-20T13:14:17-03:00,aliexpress,loja,AliExpress,,"Smart TV 55"" TCL 4K UHD MiniLED 55C6K 120Hz Google TV AiPQ Google Assistente 4 HDMI 2 USB R$ 3.499 R$ 3.749 -6% 4.8 5.000+ vendido(s) Top ve",3499.0,,,,https://pt.aliexpress.com/item/1005009459962683.html
2026-09-20T13:44:18-03:00,amazon,loja,Amazon,Lojas Colombo S/A,Smart TV TCL 55 Polegadas QLED Mini LED 4K C6K WiFi Bluetooth Google TV 4 HDMI 144Hz HDR10+ 55C6K,4184.88,,,,https://www.amazon.com.br/dp/B0F7JZMVKF?smid=A30OZFNW1RCCSM
2026-09-20T13:44:18-03:00,amazon,loja,Amazon,Magalu.,Smart TV TCL 55 Polegadas QLED Mini LED 4K C6K WiFi Bluetooth Google TV 4 HDMI 144Hz HDR10+ 55C6K,3749.0,3374.1,"12x R$ 312,49 sem juros",,https://www.amazon.com.br/dp/B0F7JZMVKF?smid=ACUNARZFR75ET
2026-09-20T13:44:18-03:00,casasbahia,loja,Casas Bahia,Casas Bahia,Smart TV 55” TCL 55C6K 4K QD-Mini Led 144Hz Sistema Operacional Google TV,3998.99,3599.09,"10x R$ 399,90 sem juros (cartão Casas Bahia)",,https://www.casasbahia.com.br/smart-tv-55-tcl-55c6k-4k-qd-mini-led-144hz-sistema-operacional-google-tv/p/55069456
2026-09-20T13:44:18-03:00,casasbahia,loja,Casas Bahia,LOJAS COLOMBO,"Smart TV TCL 55 AI, 4K UHD, QLED Mini LED, Android TV - 55C6K - Voltagem: Bivolt",5283.38,,"10x R$ 528,34 sem juros",,https://www.casasbahia.com.br/smart-tv-tcl-55-ai-4k-uhd-qled-mini-led-android-tv-55c6k/p/1582483296
2026-09-20T13:44:18-03:00,mercadolivre,loja,Mercado Livre,Loja oficial Magalu,Smart Tv Tcl 55 Polegadas Qd-Mini Led 4k C6k Wifi Bluetooth Google Tv 4 Hdmi 144hz Hdr10+ 55c6k,3749.0,,"10x R$ 374,90 sem juros",,https://www.mercadolivre.com.br/p/MLB48808732?pdp_filters=item_id%3AMLB7574364080
2026-09-20T13:44:18-03:00,mercadolivre,loja,Mercado Livre,Mercado Livre,Smart Tv Tcl 55 Polegadas Qd-Mini Led 4k C6k Wifi Bluetooth Google Tv 4 Hdmi 144hz Hdr10+ 55c6k,3749.0,3636.53,,,https://www.mercadolivre.com.br/p/MLB48808732?pdp_filters=item_id%3AMLB5417889802
2026-09-20T13:44:18-03:00,mercadolivre,loja,Mercado Livre,Mercado Livre,Smart Tv Tcl 55  4k Qd-mini Led Google Tv 127/220v 55c6k,3749.0,,,,https://www.mercadolivre.com.br/smart-tv-tcl-55--4k-qdmini-led-google-tv-127220v-55c6k/up/MLBU3165217359
2026-09-20T13:44:18-03:00,aliexpress,loja,AliExpress,,"Smart TV 55"" TCL 4K UHD MiniLED 55C6K 120Hz Google TV AiPQ Google Assistente 4 HDMI 2 USB R$ 3.499 R$ 3.749 -6% 4.8 5.000+ vendido(s) Top ve",3499.0,,,,https://pt.aliexpress.com/item/1005009459962683.html
2026-09-20T17:50:41-03:00,amazon,loja,Amazon,Lojas Colombo S/A,Smart TV TCL 55 Polegadas QLED Mini LED 4K C6K WiFi Bluetooth Google TV 4 HDMI 144Hz HDR10+ 55C6K,4184.88,,,,https://www.amazon.com.br/dp/B0F7JZMVKF?smid=A30OZFNW1RCCSM
2026-09-20T17:50:41-03:00,amazon,loja,Amazon,Magalu.,Smart TV TCL 55 Polegadas QLED Mini LED 4K C6K WiFi Bluetooth Google TV 4 HDMI 144Hz HDR10+ 55C6K,3749.0,3561.55,"12x R$ 312,49 sem juros",,https://www.amazon.com.br/dp/B0F7JZMVKF?smid=ACUNARZFR75ET
2026-09-20T17:50:41-03:00,casasbahia,loja,Casas Bahia,Casas Bahia,Smart TV 55” TCL 55C6K 4K QD-Mini Led 144Hz Sistema Operacional Google TV,3998.99,3599.09,"10x R$ 399,90 sem juros (cartão Casas Bahia)",,https://www.casasbahia.com.br/smart-tv-55-tcl-55c6k-4k-qd-mini-led-144hz-sistema-operacional-google-tv/p/55069456
2026-09-20T17:50:41-03:00,casasbahia,loja,Casas Bahia,LOJAS COLOMBO,"Smart TV TCL 55 AI, 4K UHD, QLED Mini LED, Android TV - 55C6K - Voltagem: Bivolt",5283.38,,"10x R$ 528,34 sem juros",,https://www.casasbahia.com.br/smart-tv-tcl-55-ai-4k-uhd-qled-mini-led-android-tv-55c6k/p/1582483296
2026-09-20T17:50:41-03:00,mercadolivre,loja,Mercado Livre,Loja oficial Magalu,Smart Tv Tcl 55 Polegadas Qd-Mini Led 4k C6k Wifi Bluetooth Google Tv 4 Hdmi 144hz Hdr10+ 55c6k,3749.0,,"10x R$ 374,90 sem juros",,https://www.mercadolivre.com.br/p/MLB48808732?pdp_filters=item_id%3AMLB7574364080
2026-09-20T17:50:41-03:00,mercadolivre,loja,Mercado Livre,Mercado Livre,Smart Tv Tcl 55 Polegadas Qd-Mini Led 4k C6k Wifi Bluetooth Google Tv 4 Hdmi 144hz Hdr10+ 55c6k,3749.0,3636.53,,,https://www.mercadolivre.com.br/p/MLB48808732?pdp_filters=item_id%3AMLB5417889802
2026-09-20T17:50:41-03:00,mercadolivre,loja,Mercado Livre,Mercado Livre,Smart Tv Tcl 55  4k Qd-mini Led Google Tv 127/220v 55c6k,3749.0,,,,https://www.mercadolivre.com.br/smart-tv-tcl-55--4k-qdmini-led-google-tv-127220v-55c6k/up/MLBU3165217359
2026-09-20T17:50:41-03:00,aliexpress,loja,AliExpress,,"Smart TV 55"" TCL 4K UHD MiniLED 55C6K 120Hz Google TV AiPQ Google Assistente 4 HDMI 2 USB R$ 3.499 R$ 3.749 -6% 4.8 5.000+ vendido(s) Top ve",3499.0,,,,https://pt.aliexpress.com/item/1005009459962683.html
2026-09-20T18:14:20-03:00,amazon,loja,Amazon,Lojas Colombo S/A,Smart TV TCL 55 Polegadas QLED Mini LED 4K C6K WiFi Bluetooth Google TV 4 HDMI 144Hz HDR10+ 55C6K,4184.88,,,,https://www.amazon.com.br/dp/B0F7JZMVKF?smid=A30OZFNW1RCCSM
2026-09-20T18:14:20-03:00,amazon,loja,Amazon,Magalu.,Smart TV TCL 55 Polegadas QLED Mini LED 4K C6K WiFi Bluetooth Google TV 4 HDMI 144Hz HDR10+ 55C6K,3749.0,3561.55,"12x R$ 312,49 sem juros",,https://www.amazon.com.br/dp/B0F7JZMVKF?smid=ACUNARZFR75ET
2026-09-20T18:14:20-03:00,casasbahia,loja,Casas Bahia,Casas Bahia,Smart TV 55” TCL 55C6K 4K QD-Mini Led 144Hz Sistema Operacional Google TV,3998.99,3599.09,"10x R$ 399,90 sem juros (cartão Casas Bahia)",,https://www.casasbahia.com.br/smart-tv-55-tcl-55c6k-4k-qd-mini-led-144hz-sistema-operacional-google-tv/p/55069456
2026-09-20T18:14:20-03:00,casasbahia,loja,Casas Bahia,LOJAS COLOMBO,"Smart TV TCL 55 AI, 4K UHD, QLED Mini LED, Android TV - 55C6K - Voltagem: Bivolt",5283.38,,"10x R$ 528,34 sem juros",,https://www.casasbahia.com.br/smart-tv-tcl-55-ai-4k-uhd-qled-mini-led-android-tv-55c6k/p/1582483296
2026-09-20T18:14:20-03:00,mercadolivre,loja,Mercado Livre,Loja oficial Magalu,Smart Tv Tcl 55 Polegadas Qd-Mini Led 4k C6k Wifi Bluetooth Google Tv 4 Hdmi 144hz Hdr10+ 55c6k,3749.0,,"10x R$ 374,90 sem juros",,https://www.mercadolivre.com.br/p/MLB48808732?pdp_filters=item_id%3AMLB7574364080
2026-09-20T18:14:20-03:00,mercadolivre,loja,Mercado Livre,Mercado Livre,Smart Tv Tcl 55 Polegadas Qd-Mini Led 4k C6k Wifi Bluetooth Google Tv 4 Hdmi 144hz Hdr10+ 55c6k,3749.0,3636.53,,,https://www.mercadolivre.com.br/p/MLB48808732?pdp_filters=item_id%3AMLB5417889802
2026-09-20T18:14:20-03:00,mercadolivre,loja,Mercado Livre,Mercado Livre,Smart Tv Tcl 55  4k Qd-mini Led Google Tv 127/220v 55c6k,3749.0,,,,https://www.mercadolivre.com.br/smart-tv-tcl-55--4k-qdmini-led-google-tv-127220v-55c6k/up/MLBU3165217359
2026-09-20T18:14:20-03:00,aliexpress,loja,AliExpress,,"Smart TV 55"" TCL 4K UHD MiniLED 55C6K 120Hz Google TV AiPQ Google Assistente 4 HDMI 2 USB R$ 3.499 R$ 3.749 -6% 4.8 5.000+ vendido(s) Top ve",3499.0,,,,https://pt.aliexpress.com/item/1005009459962683.html
2026-09-20T18:44:33-03:00,amazon,loja,Amazon,Lojas Colombo S/A,Smart TV TCL 55 Polegadas QLED Mini LED 4K C6K WiFi Bluetooth Google TV 4 HDMI 144Hz HDR10+ 55C6K,4184.88,,,,https://www.amazon.com.br/dp/B0F7JZMVKF?smid=A30OZFNW1RCCSM
2026-09-20T18:44:33-03:00,amazon,loja,Amazon,Magalu.,Smart TV TCL 55 Polegadas QLED Mini LED 4K C6K WiFi Bluetooth Google TV 4 HDMI 144Hz HDR10+ 55C6K,3749.0,3561.55,"12x R$ 312,49 sem juros",,https://www.amazon.com.br/dp/B0F7JZMVKF?smid=ACUNARZFR75ET
2026-09-20T18:44:33-03:00,casasbahia,loja,Casas Bahia,LOJAS COLOMBO,"Smart TV TCL 55 AI, 4K UHD, QLED Mini LED, Android TV - 55C6K - Voltagem: Bivolt",5283.38,,"10x R$ 528,34 sem juros",,https://www.casasbahia.com.br/smart-tv-tcl-55-ai-4k-uhd-qled-mini-led-android-tv-55c6k/p/1582483296
2026-09-20T18:44:33-03:00,mercadolivre,loja,Mercado Livre,Loja oficial Magalu,Smart Tv Tcl 55 Polegadas Qd-Mini Led 4k C6k Wifi Bluetooth Google Tv 4 Hdmi 144hz Hdr10+ 55c6k,3749.0,,"10x R$ 374,90 sem juros",,https://www.mercadolivre.com.br/p/MLB48808732?pdp_filters=item_id%3AMLB7574364080
2026-09-20T18:44:33-03:00,mercadolivre,loja,Mercado Livre,Mercado Livre,Smart Tv Tcl 55 Polegadas Qd-Mini Led 4k C6k Wifi Bluetooth Google Tv 4 Hdmi 144hz Hdr10+ 55c6k,3749.0,3636.53,,,https://www.mercadolivre.com.br/p/MLB48808732?pdp_filters=item_id%3AMLB5417889802
2026-09-20T18:44:33-03:00,mercadolivre,loja,Mercado Livre,Mercado Livre,Smart Tv Tcl 55  4k Qd-mini Led Google Tv 127/220v 55c6k,3749.0,,,,https://www.mercadolivre.com.br/smart-tv-tcl-55--4k-qdmini-led-google-tv-127220v-55c6k/up/MLBU3165217359
2026-09-20T18:44:33-03:00,aliexpress,loja,AliExpress,,"Smart TV 55"" TCL 4K UHD MiniLED 55C6K 120Hz Google TV AiPQ Google Assistente 4 HDMI 2 USB R$ 3.499 R$ 3.749 -6% 4.8 5.000+ vendido(s) Top ve",3499.0,,,,https://pt.aliexpress.com/item/1005009459962683.html
2026-09-20T19:54:11-03:00,amazon,loja,Amazon,Lojas Colombo S/A,Smart TV TCL 55 Polegadas QLED Mini LED 4K C6K WiFi Bluetooth Google TV 4 HDMI 144Hz HDR10+ 55C6K,4184.88,,,,https://www.amazon.com.br/dp/B0F7JZMVKF?smid=A30OZFNW1RCCSM
2026-09-20T19:54:11-03:00,amazon,loja,Amazon,Magalu.,Smart TV TCL 55 Polegadas QLED Mini LED 4K C6K WiFi Bluetooth Google TV 4 HDMI 144Hz HDR10+ 55C6K,3749.0,3561.55,"12x R$ 312,49 sem juros",,https://www.amazon.com.br/dp/B0F7JZMVKF?smid=ACUNARZFR75ET
2026-09-20T19:54:11-03:00,mercadolivre,loja,Mercado Livre,Loja oficial Magalu,Smart Tv Tcl 55 Polegadas Qd-Mini Led 4k C6k Wifi Bluetooth Google Tv 4 Hdmi 144hz Hdr10+ 55c6k,3749.0,,"10x R$ 374,90 sem juros",,https://www.mercadolivre.com.br/p/MLB48808732?pdp_filters=item_id%3AMLB7574364080
2026-09-20T19:54:11-03:00,mercadolivre,loja,Mercado Livre,Mercado Livre,Smart Tv Tcl 55 Polegadas Qd-Mini Led 4k C6k Wifi Bluetooth Google Tv 4 Hdmi 144hz Hdr10+ 55c6k,3749.0,3636.53,,,https://www.mercadolivre.com.br/p/MLB48808732?pdp_filters=item_id%3AMLB5417889802
2026-09-20T19:54:11-03:00,mercadolivre,loja,Mercado Livre,Mercado Livre,Smart Tv Tcl 55  4k Qd-mini Led Google Tv 127/220v 55c6k,3749.0,,,,https://www.mercadolivre.com.br/smart-tv-tcl-55--4k-qdmini-led-google-tv-127220v-55c6k/up/MLBU3165217359
2026-09-20T19:54:11-03:00,aliexpress,loja,AliExpress,,"Smart TV 55"" TCL 4K UHD MiniLED 55C6K 120Hz Google TV AiPQ Google Assistente 4 HDMI 2 USB R$ 3.499 R$ 3.749 -6% 4.8 5.000+ vendido(s) Top ve",3499.0,,,,https://pt.aliexpress.com/item/1005009459962683.html
2026-09-20T20:14:20-03:00,amazon,loja,Amazon,Lojas Colombo S/A,Smart TV TCL 55 Polegadas QLED Mini LED 4K C6K WiFi Bluetooth Google TV 4 HDMI 144Hz HDR10+ 55C6K,4184.88,,,,https://www.amazon.com.br/dp/B0F7JZMVKF?smid=A30OZFNW1RCCSM
2026-09-20T20:14:20-03:00,amazon,loja,Amazon,Magalu.,Smart TV TCL 55 Polegadas QLED Mini LED 4K C6K WiFi Bluetooth Google TV 4 HDMI 144Hz HDR10+ 55C6K,3749.0,3561.55,"12x R$ 312,49 sem juros",,https://www.amazon.com.br/dp/B0F7JZMVKF?smid=ACUNARZFR75ET
2026-09-20T20:14:20-03:00,mercadolivre,loja,Mercado Livre,Loja oficial Magalu,Smart Tv Tcl 55 Polegadas Qd-Mini Led 4k C6k Wifi Bluetooth Google Tv 4 Hdmi 144hz Hdr10+ 55c6k,3749.0,,"10x R$ 374,90 sem juros",,https://www.mercadolivre.com.br/p/MLB48808732?pdp_filters=item_id%3AMLB7574364080
2026-09-20T20:14:20-03:00,mercadolivre,loja,Mercado Livre,Mercado Livre,Smart Tv Tcl 55 Polegadas Qd-Mini Led 4k C6k Wifi Bluetooth Google Tv 4 Hdmi 144hz Hdr10+ 55c6k,3749.0,3636.53,,,https://www.mercadolivre.com.br/p/MLB48808732?pdp_filters=item_id%3AMLB5417889802
2026-09-20T20:14:20-03:00,mercadolivre,loja,Mercado Livre,Mercado Livre,Smart Tv Tcl 55  4k Qd-mini Led Google Tv 127/220v 55c6k,3749.0,,,,https://www.mercadolivre.com.br/smart-tv-tcl-55--4k-qdmini-led-google-tv-127220v-55c6k/up/MLBU3165217359
2026-09-20T20:14:20-03:00,aliexpress,loja,AliExpress,,"Smart TV 55"" TCL 4K UHD MiniLED 55C6K 120Hz Google TV AiPQ Google Assistente 4 HDMI 2 USB R$ 3.499 R$ 3.749 -6% 4.8 5.000+ vendido(s) Top ve",3499.0,,,,https://pt.aliexpress.com/item/1005009459962683.html
2026-09-20T20:44:22-03:00,amazon,loja,Amazon,Lojas Colombo S/A,Smart TV TCL 55 Polegadas QLED Mini LED 4K C6K WiFi Bluetooth Google TV 4 HDMI 144Hz HDR10+ 55C6K,4184.88,,,,https://www.amazon.com.br/dp/B0F7JZMVKF?smid=A30OZFNW1RCCSM
2026-09-20T20:44:22-03:00,amazon,loja,Amazon,Magalu.,Smart TV TCL 55 Polegadas QLED Mini LED 4K C6K WiFi Bluetooth Google TV 4 HDMI 144Hz HDR10+ 55C6K,3749.0,3561.55,"12x R$ 312,49 sem juros",,https://www.amazon.com.br/dp/B0F7JZMVKF?smid=ACUNARZFR75ET
2026-09-20T20:44:22-03:00,mercadolivre,loja,Mercado Livre,Loja oficial Magalu,Smart Tv Tcl 55 Polegadas Qd-Mini Led 4k C6k Wifi Bluetooth Google Tv 4 Hdmi 144hz Hdr10+ 55c6k,3749.0,,"10x R$ 374,90 sem juros",,https://www.mercadolivre.com.br/p/MLB48808732?pdp_filters=item_id%3AMLB7574364080
2026-09-20T20:44:22-03:00,mercadolivre,loja,Mercado Livre,Mercado Livre,Smart Tv Tcl 55 Polegadas Qd-Mini Led 4k C6k Wifi Bluetooth Google Tv 4 Hdmi 144hz Hdr10+ 55c6k,3749.0,3636.53,,,https://www.mercadolivre.com.br/p/MLB48808732?pdp_filters=item_id%3AMLB5417889802
2026-09-20T20:44:22-03:00,mercadolivre,loja,Mercado Livre,Mercado Livre,Smart Tv Tcl 55  4k Qd-mini Led Google Tv 127/220v 55c6k,3749.0,,,,https://www.mercadolivre.com.br/smart-tv-tcl-55--4k-qdmini-led-google-tv-127220v-55c6k/up/MLBU3165217359
2026-09-20T20:44:22-03:00,aliexpress,loja,AliExpress,,"Smart TV 55"" TCL 4K UHD MiniLED 55C6K 120Hz Google TV AiPQ Google Assistente 4 HDMI 2 USB R$ 3.499 R$ 3.749 -6% 4.8 5.000+ vendido(s) Top ve",3499.0,,,,https://pt.aliexpress.com/item/1005009459962683.html
2026-09-20T22:23:04-03:00,amazon,loja,Amazon,Lojas Colombo S/A,Smart TV TCL 55 Polegadas QLED Mini LED 4K C6K WiFi Bluetooth Google TV 4 HDMI 144Hz HDR10+ 55C6K,4184.88,,,,https://www.amazon.com.br/dp/B0F7JZMVKF?smid=A30OZFNW1RCCSM
2026-09-20T22:23:04-03:00,amazon,loja,Amazon,Magalu.,Smart TV TCL 55 Polegadas QLED Mini LED 4K C6K WiFi Bluetooth Google TV 4 HDMI 144Hz HDR10+ 55C6K,3749.0,3561.55,"12x R$ 312,49 sem juros",,https://www.amazon.com.br/dp/B0F7JZMVKF?smid=ACUNARZFR75ET
2026-09-20T22:23:04-03:00,mercadolivre,loja,Mercado Livre,Loja oficial Magalu,Smart Tv Tcl 55 Polegadas Qd-Mini Led 4k C6k Wifi Bluetooth Google Tv 4 Hdmi 144hz Hdr10+ 55c6k,3749.0,,"10x R$ 374,90 sem juros",,https://www.mercadolivre.com.br/p/MLB48808732?pdp_filters=item_id%3AMLB7574364080
2026-09-20T22:23:04-03:00,mercadolivre,loja,Mercado Livre,Mercado Livre,Smart Tv Tcl 55 Polegadas Qd-Mini Led 4k C6k Wifi Bluetooth Google Tv 4 Hdmi 144hz Hdr10+ 55c6k,3749.0,3636.53,,,https://www.mercadolivre.com.br/p/MLB48808732?pdp_filters=item_id%3AMLB5417889802
2026-09-20T22:23:04-03:00,mercadolivre,loja,Mercado Livre,Mercado Livre,Smart Tv Tcl 55  4k Qd-mini Led Google Tv 127/220v 55c6k,3749.0,,,,https://www.mercadolivre.com.br/smart-tv-tcl-55--4k-qdmini-led-google-tv-127220v-55c6k/up/MLBU3165217359
2026-09-20T22:23:04-03:00,aliexpress,loja,AliExpress,,"Smart TV 55"" TCL 4K UHD MiniLED 55C6K 120Hz Google TV AiPQ Google Assistente 4 HDMI 2 USB R$ 3.499 R$ 3.749 -6% 4.8 5.000+ vendido(s) Top ve",3499.0,,,,https://pt.aliexpress.com/item/1005009459962683.html
2026-09-20T22:44:26-03:00,amazon,loja,Amazon,Lojas Colombo S/A,Smart TV TCL 55 Polegadas QLED Mini LED 4K C6K WiFi Bluetooth Google TV 4 HDMI 144Hz HDR10+ 55C6K,4184.88,,,,https://www.amazon.com.br/dp/B0F7JZMVKF?smid=A30OZFNW1RCCSM
2026-09-20T22:44:26-03:00,amazon,loja,Amazon,Magalu.,Smart TV TCL 55 Polegadas QLED Mini LED 4K C6K WiFi Bluetooth Google TV 4 HDMI 144Hz HDR10+ 55C6K,3749.0,3561.55,"12x R$ 312,49 sem juros",,https://www.amazon.com.br/dp/B0F7JZMVKF?smid=ACUNARZFR75ET
2026-09-20T22:44:26-03:00,mercadolivre,loja,Mercado Livre,Loja oficial Magalu,Smart Tv Tcl 55 Polegadas Qd-Mini Led 4k C6k Wifi Bluetooth Google Tv 4 Hdmi 144hz Hdr10+ 55c6k,3749.0,,"10x R$ 374,90 sem juros",,https://www.mercadolivre.com.br/p/MLB48808732?pdp_filters=item_id%3AMLB7574364080
2026-09-20T22:44:26-03:00,mercadolivre,loja,Mercado Livre,Mercado Livre,Smart Tv Tcl 55 Polegadas Qd-Mini Led 4k C6k Wifi Bluetooth Google Tv 4 Hdmi 144hz Hdr10+ 55c6k,3749.0,3636.53,,,https://www.mercadolivre.com.br/p/MLB48808732?pdp_filters=item_id%3AMLB5417889802
2026-09-20T22:44:26-03:00,mercadolivre,loja,Mercado Livre,Mercado Livre,Smart Tv Tcl 55  4k Qd-mini Led Google Tv 127/220v 55c6k,3749.0,,,,https://www.mercadolivre.com.br/smart-tv-tcl-55--4k-qdmini-led-google-tv-127220v-55c6k/up/MLBU3165217359
2026-09-20T22:44:26-03:00,aliexpress,loja,AliExpress,,"Smart TV 55"" TCL 4K UHD MiniLED 55C6K 120Hz Google TV AiPQ Google Assistente 4 HDMI 2 USB R$ 3.499 R$ 3.749 -6% 4.8 5.000+ vendido(s) Top ve",3499.0,,,,https://pt.aliexpress.com/item/1005009459962683.html
2026-09-20T23:14:41-03:00,amazon,loja,Amazon,Lojas Colombo S/A,Smart TV TCL 55 Polegadas QLED Mini LED 4K C6K WiFi Bluetooth Google TV 4 HDMI 144Hz HDR10+ 55C6K,4184.88,,,,https://www.amazon.com.br/dp/B0F7JZMVKF?smid=A30OZFNW1RCCSM
2026-09-20T23:14:41-03:00,amazon,loja,Amazon,Magalu.,Smart TV TCL 55 Polegadas QLED Mini LED 4K C6K WiFi Bluetooth Google TV 4 HDMI 144Hz HDR10+ 55C6K,3749.0,3561.55,"12x R$ 312,49 sem juros",,https://www.amazon.com.br/dp/B0F7JZMVKF?smid=ACUNARZFR75ET
2026-09-20T23:14:41-03:00,mercadolivre,loja,Mercado Livre,Loja oficial Magalu,Smart Tv Tcl 55 Polegadas Qd-Mini Led 4k C6k Wifi Bluetooth Google Tv 4 Hdmi 144hz Hdr10+ 55c6k,3749.0,,"10x R$ 374,90 sem juros",,https://www.mercadolivre.com.br/p/MLB48808732?pdp_filters=item_id%3AMLB7574364080
2026-09-20T23:14:41-03:00,mercadolivre,loja,Mercado Livre,Mercado Livre,Smart Tv Tcl 55 Polegadas Qd-Mini Led 4k C6k Wifi Bluetooth Google Tv 4 Hdmi 144hz Hdr10+ 55c6k,3749.0,3636.53,,,https://www.mercadolivre.com.br/p/MLB48808732?pdp_filters=item_id%3AMLB5417889802
2026-09-20T23:14:41-03:00,mercadolivre,loja,Mercado Livre,Mercado Livre,Smart Tv Tcl 55  4k Qd-mini Led Google Tv 127/220v 55c6k,3749.0,,,,https://www.mercadolivre.com.br/smart-tv-tcl-55--4k-qdmini-led-google-tv-127220v-55c6k/up/MLBU3165217359
2026-09-20T23:14:41-03:00,aliexpress,loja,AliExpress,,"Smart TV 55"" TCL 4K UHD MiniLED 55C6K 120Hz Google TV AiPQ Google Assistente 4 HDMI 2 USB R$ 3.499 R$ 3.749 -6% 4.8 5.000+ vendido(s) Top ve",3499.0,,,,https://pt.aliexpress.com/item/1005009459962683.html
2026-09-21T19:38:30-03:00,amazon,loja,Amazon,Magalu.,Smart TV TCL 55 Polegadas QLED Mini LED 4K C6K WiFi Bluetooth Google TV 4 HDMI 144Hz HDR10+ 55C6K,3749.0,,,,https://www.amazon.com.br/dp/B0F7JZMVKF?smid=ACUNARZFR75ET
2026-09-21T19:38:30-03:00,amazon,loja,Amazon,Lojas Colombo S/A,Smart TV TCL 55 Polegadas QLED Mini LED 4K C6K WiFi Bluetooth Google TV 4 HDMI 144Hz HDR10+ 55C6K,4184.88,,,,https://www.amazon.com.br/dp/B0F7JZMVKF?smid=A30OZFNW1RCCSM
2026-09-21T19:38:30-03:00,amazon,loja,Amazon,Imagem Hitech FULL,Smart TV TCL 55 Polegadas QLED Mini LED 4K C6K WiFi Bluetooth Google TV 4 HDMI 144Hz HDR10+ 55C6K,3359.0,3191.05,"12x R$ 279,99 sem juros",,https://www.amazon.com.br/dp/B0F7JZMVKF?smid=A3POF6EIWE8R8
2026-09-21T19:38:30-03:00,casasbahia,loja,Casas Bahia,Casas Bahia,Smart TV 55” TCL 55C6K 4K QD-Mini Led 144Hz Sistema Operacional Google TV,3998.98,3599.08,"10x R$ 399,90 sem juros (cartão Casas Bahia)",,https://www.casasbahia.com.br/smart-tv-55-tcl-55c6k-4k-qd-mini-led-144hz-sistema-operacional-google-tv/p/55069456
2026-09-21T19:38:30-03:00,casasbahia,loja,Casas Bahia,LOJAS COLOMBO,"Smart TV TCL 55 AI, 4K UHD, QLED Mini LED, Android TV - 55C6K - Voltagem: Bivolt",5283.38,,"10x R$ 528,34 sem juros",,https://www.casasbahia.com.br/smart-tv-tcl-55-ai-4k-uhd-qled-mini-led-android-tv-55c6k/p/1582483296
2026-09-21T19:38:30-03:00,mercadolivre,loja,Mercado Livre,Magalu,Smart Tv Tcl 55 Polegadas Qd-Mini Led 4k C6k Wifi Bluetooth Google Tv 4 Hdmi 144hz Hdr10+ 55c6k,3749.0,,"10x R$ 374,90 sem juros",,https://www.mercadolivre.com.br/p/MLB48808732?pdp_filters=item_id%3AMLB7574364080
2026-09-21T19:38:30-03:00,mercadolivre,loja,Mercado Livre,Casas Bahia,Smart Tv 55 C6k 4k Qd-mini Led 144hz Google Tv Tcl,3998.0,,"10x R$ 399,90 sem juros",,https://www.mercadolivre.com.br/smart-tv-55-c6k-4k-qdmini-led-144hz-google-tv-tcl/up/MLBU3512360279
2026-09-21T19:38:30-03:00,aliexpress,loja,AliExpress,,"Smart TV 55"" TCL 4K UHD MiniLED 55C6K 120Hz Google TV AiPQ Google Assistente 4 HDMI 2 USB R$ 3.649 R$ 4.199 -13% 4.8 5.000+ vendido(s) Top v",3649.0,,,,https://pt.aliexpress.com/item/1005009459962683.html
2026-09-21T20:14:20-03:00,amazon,loja,Amazon,Magalu.,Smart TV TCL 55 Polegadas QLED Mini LED 4K C6K WiFi Bluetooth Google TV 4 HDMI 144Hz HDR10+ 55C6K,3749.0,,,,https://www.amazon.com.br/dp/B0F7JZMVKF?smid=ACUNARZFR75ET
2026-09-21T20:14:20-03:00,amazon,loja,Amazon,Lojas Colombo S/A,Smart TV TCL 55 Polegadas QLED Mini LED 4K C6K WiFi Bluetooth Google TV 4 HDMI 144Hz HDR10+ 55C6K,4184.88,,,,https://www.amazon.com.br/dp/B0F7JZMVKF?smid=A30OZFNW1RCCSM
2026-09-21T20:14:20-03:00,amazon,loja,Amazon,Imagem Hitech FULL,Smart TV TCL 55 Polegadas QLED Mini LED 4K C6K WiFi Bluetooth Google TV 4 HDMI 144Hz HDR10+ 55C6K,3379.0,3210.05,"12x R$ 281,62 sem juros",,https://www.amazon.com.br/dp/B0F7JZMVKF?smid=A3POF6EIWE8R8
2026-09-21T20:14:20-03:00,casasbahia,loja,Casas Bahia,LOJAS COLOMBO,"Smart TV TCL 55 AI, 4K UHD, QLED Mini LED, Android TV - 55C6K - Voltagem: Bivolt",5283.38,,"10x R$ 528,34 sem juros",,https://www.casasbahia.com.br/smart-tv-tcl-55-ai-4k-uhd-qled-mini-led-android-tv-55c6k/p/1582483296
2026-09-21T20:14:20-03:00,mercadolivre,loja,Mercado Livre,Magalu,Smart Tv Tcl 55 Polegadas Qd-Mini Led 4k C6k Wifi Bluetooth Google Tv 4 Hdmi 144hz Hdr10+ 55c6k,3749.0,,"10x R$ 374,90 sem juros",,https://www.mercadolivre.com.br/p/MLB48808732?pdp_filters=item_id%3AMLB7574364080
2026-09-21T20:14:20-03:00,aliexpress,loja,AliExpress,,"Smart TV 55"" TCL 4K UHD MiniLED 55C6K 120Hz Google TV AiPQ Google Assistente 4 HDMI 2 USB R$ 3.649 R$ 4.199 -13% 4.8 5.000+ vendido(s) Top v",3649.0,,,,https://pt.aliexpress.com/item/1005009459962683.html
2026-09-21T20:56:10-03:00,amazon,loja,Amazon,Magalu.,Smart TV TCL 55 Polegadas QLED Mini LED 4K C6K WiFi Bluetooth Google TV 4 HDMI 144Hz HDR10+ 55C6K,3749.0,,,,https://www.amazon.com.br/dp/B0F7JZMVKF?smid=ACUNARZFR75ET
2026-09-21T20:56:10-03:00,amazon,loja,Amazon,Lojas Colombo S/A,Smart TV TCL 55 Polegadas QLED Mini LED 4K C6K WiFi Bluetooth Google TV 4 HDMI 144Hz HDR10+ 55C6K,4184.88,,,,https://www.amazon.com.br/dp/B0F7JZMVKF?smid=A30OZFNW1RCCSM
2026-09-21T20:56:10-03:00,amazon,loja,Amazon,Imagem Hitech FULL,Smart TV TCL 55 Polegadas QLED Mini LED 4K C6K WiFi Bluetooth Google TV 4 HDMI 144Hz HDR10+ 55C6K,3399.0,3229.05,"12x R$ 283,25 sem juros",,https://www.amazon.com.br/dp/B0F7JZMVKF?smid=A3POF6EIWE8R8
2026-09-21T20:56:10-03:00,mercadolivre,loja,Mercado Livre,Magalu,Smart Tv Tcl 55 Polegadas Qd-Mini Led 4k C6k Wifi Bluetooth Google Tv 4 Hdmi 144hz Hdr10+ 55c6k,3749.0,,"10x R$ 374,90 sem juros",,https://www.mercadolivre.com.br/p/MLB48808732?pdp_filters=item_id%3AMLB7574364080
2026-09-21T20:56:10-03:00,aliexpress,loja,AliExpress,,"Smart TV 55"" TCL 4K UHD MiniLED 55C6K 120Hz Google TV AiPQ Google Assistente 4 HDMI 2 USB R$ 3.649 R$ 4.199 -13% 4.8 5.000+ vendido(s) Top v",3649.0,,,,https://pt.aliexpress.com/item/1005009459962683.html
2026-09-21T21:14:22-03:00,amazon,loja,Amazon,Magalu.,Smart TV TCL 55 Polegadas QLED Mini LED 4K C6K WiFi Bluetooth Google TV 4 HDMI 144Hz HDR10+ 55C6K,3749.0,,,,https://www.amazon.com.br/dp/B0F7JZMVKF?smid=ACUNARZFR75ET
2026-09-21T21:14:22-03:00,amazon,loja,Amazon,Lojas Colombo S/A,Smart TV TCL 55 Polegadas QLED Mini LED 4K C6K WiFi Bluetooth Google TV 4 HDMI 144Hz HDR10+ 55C6K,4184.88,,,,https://www.amazon.com.br/dp/B0F7JZMVKF?smid=A30OZFNW1RCCSM
2026-09-21T21:14:22-03:00,amazon,loja,Amazon,Imagem Hitech FULL,Smart TV TCL 55 Polegadas QLED Mini LED 4K C6K WiFi Bluetooth Google TV 4 HDMI 144Hz HDR10+ 55C6K,3409.0,3238.55,"12x R$ 284,12 sem juros",,https://www.amazon.com.br/dp/B0F7JZMVKF?smid=A3POF6EIWE8R8
2026-09-21T21:14:22-03:00,mercadolivre,loja,Mercado Livre,Magalu,Smart Tv Tcl 55 Polegadas Qd-Mini Led 4k C6k Wifi Bluetooth Google Tv 4 Hdmi 144hz Hdr10+ 55c6k,3749.0,,"10x R$ 374,90 sem juros",,https://www.mercadolivre.com.br/p/MLB48808732?pdp_filters=item_id%3AMLB7574364080
2026-09-21T21:14:22-03:00,aliexpress,loja,AliExpress,,"Smart TV 55"" TCL 4K UHD MiniLED 55C6K 120Hz Google TV AiPQ Google Assistente 4 HDMI 2 USB R$ 3.649 R$ 4.199 -13% 4.8 5.000+ vendido(s) Top v",3649.0,,,,https://pt.aliexpress.com/item/1005009459962683.html
2026-09-22T10:14:35-03:00,amazon,loja,Amazon,Magalu.,Smart TV TCL 55 Polegadas QLED Mini LED 4K C6K WiFi Bluetooth Google TV 4 HDMI 144Hz HDR10+ 55C6K,3749.0,,,,https://www.amazon.com.br/dp/B0F7JZMVKF?smid=ACUNARZFR75ET
2026-09-22T10:14:35-03:00,amazon,loja,Amazon,Lojas Colombo S/A,Smart TV TCL 55 Polegadas QLED Mini LED 4K C6K WiFi Bluetooth Google TV 4 HDMI 144Hz HDR10+ 55C6K,4533.72,,,,https://www.amazon.com.br/dp/B0F7JZMVKF?smid=A30OZFNW1RCCSM
2026-09-22T10:14:35-03:00,amazon,loja,Amazon,Imagem Hitech FULL,Smart TV TCL 55 Polegadas QLED Mini LED 4K C6K WiFi Bluetooth Google TV 4 HDMI 144Hz HDR10+ 55C6K,3489.0,3314.55,"12x R$ 290,75 sem juros",,https://www.amazon.com.br/dp/B0F7JZMVKF?smid=A3POF6EIWE8R8
2026-09-22T10:14:35-03:00,casasbahia,loja,Casas Bahia,LOJAS COLOMBO,"Smart TV TCL 55 AI, 4K UHD, QLED Mini LED, Android TV - 55C6K - Voltagem: Bivolt",5723.88,,"10x R$ 572,39 sem juros",,https://www.casasbahia.com.br/smart-tv-tcl-55-ai-4k-uhd-qled-mini-led-android-tv-55c6k/p/1582483296
2026-09-22T10:14:35-03:00,aliexpress,loja,AliExpress,,"Smart TV 55"" TCL 4K UHD MiniLED 55C6K 120Hz Google TV AiPQ Google Assistente 4 HDMI 2 USB R$ 3.649 R$ 4.199 -13% 4.8 5.000+ vendido(s) Top v",3649.0,,,,https://pt.aliexpress.com/item/1005009459962683.html
2026-09-22T10:44:04-03:00,amazon,loja,Amazon,Magalu.,Smart TV TCL 55 Polegadas QLED Mini LED 4K C6K WiFi Bluetooth Google TV 4 HDMI 144Hz HDR10+ 55C6K,3749.0,,,,https://www.amazon.com.br/dp/B0F7JZMVKF?smid=ACUNARZFR75ET
2026-09-22T10:44:04-03:00,amazon,loja,Amazon,Lojas Colombo S/A,Smart TV TCL 55 Polegadas QLED Mini LED 4K C6K WiFi Bluetooth Google TV 4 HDMI 144Hz HDR10+ 55C6K,4533.72,,,,https://www.amazon.com.br/dp/B0F7JZMVKF?smid=A30OZFNW1RCCSM
2026-09-22T10:44:04-03:00,amazon,loja,Amazon,Imagem Hitech FULL,Smart TV TCL 55 Polegadas QLED Mini LED 4K C6K WiFi Bluetooth Google TV 4 HDMI 144Hz HDR10+ 55C6K,3499.0,3324.05,"12x R$ 291,62 sem juros",,https://www.amazon.com.br/dp/B0F7JZMVKF?smid=A3POF6EIWE8R8
2026-09-22T10:44:04-03:00,aliexpress,loja,AliExpress,,"Smart TV 55"" TCL 4K UHD MiniLED 55C6K 120Hz Google TV AiPQ Google Assistente 4 HDMI 2 USB R$ 3.649 R$ 4.199 -13% 4.8 5.000+ vendido(s) Top v",3649.0,,,,https://pt.aliexpress.com/item/1005009459962683.html
2026-09-22T20:57:44-03:00,amazon,loja,Amazon,TCLSEMP.,Smart TV TCL 55 Polegadas QD-Mini LED 4K C6K WiFi Bluetooth Google TV 4 HDMI 144Hz HDR10+ 55C6K,,3533.05,,,https://www.amazon.com.br/dp/B0F7JZMVKF?smid=A3R1Z59ZORN2J9
2026-09-22T20:57:44-03:00,amazon,loja,Amazon,Magalu.,Smart TV TCL 55 Polegadas QD-Mini LED 4K C6K WiFi Bluetooth Google TV 4 HDMI 144Hz HDR10+ 55C6K,,3374.1,,,https://www.amazon.com.br/dp/B0F7JZMVKF?smid=ACUNARZFR75ET
2026-09-22T20:57:44-03:00,amazon,loja,Amazon,Lojas Colombo S/A,Smart TV TCL 55 Polegadas QD-Mini LED 4K C6K WiFi Bluetooth Google TV 4 HDMI 144Hz HDR10+ 55C6K,4533.72,,,,https://www.amazon.com.br/dp/B0F7JZMVKF?smid=A30OZFNW1RCCSM
2026-09-22T20:57:44-03:00,amazon,loja,Amazon,Leonfer Shop,Smart TV TCL 55 Polegadas QD-Mini LED 4K C6K WiFi Bluetooth Google TV 4 HDMI 144Hz HDR10+ 55C6K,5849.9,,,,https://www.amazon.com.br/dp/B0F7JZMVKF?smid=A28W2XGABGHXAH
2026-09-22T20:57:44-03:00,amazon,loja,Amazon,Imagem Hitech FULL,Smart TV TCL 55 Polegadas QD-Mini LED 4K C6K WiFi Bluetooth Google TV 4 HDMI 144Hz HDR10+ 55C6K,3669.0,3485.55,"12x R$ 305,75 sem juros",,https://www.amazon.com.br/dp/B0F7JZMVKF?smid=A3POF6EIWE8R8
2026-09-22T20:57:44-03:00,casasbahia,loja,Casas Bahia,Casas Bahia,Smart TV 55” TCL 55C6K 4K QD-Mini Led 144Hz Sistema Operacional Google TV,3998.98,3599.08,"10x R$ 399,90 sem juros (cartão Casas Bahia)",,https://www.casasbahia.com.br/smart-tv-55-tcl-55c6k-4k-qd-mini-led-144hz-sistema-operacional-google-tv/p/55069456
2026-09-22T20:57:44-03:00,casasbahia,loja,Casas Bahia,LOJAS COLOMBO,"Smart TV TCL 55 AI, 4K UHD, QLED Mini LED, Android TV - 55C6K - Voltagem: Bivolt",5723.88,,"10x R$ 572,39 sem juros",,https://www.casasbahia.com.br/smart-tv-tcl-55-ai-4k-uhd-qled-mini-led-android-tv-55c6k/p/1582483296
2026-09-22T20:57:44-03:00,mercadolivre,loja,Mercado Livre,,Smart Tv Tcl 55 Polegadas Qd-Mini Led 4k C6k Wifi Bluetooth Google Tv 4 Hdmi 144hz Hdr10+ 55c6k,5299.0,3989.0,,,https://www.mercadolivre.com.br/p/MLB48808732?pdp_filters=item_id%3AMLB6713012362
2026-09-22T20:57:44-03:00,mercadolivre,loja,Mercado Livre,Mercado Livre,Smart Tv Tcl 55 Polegadas Qd-Mini Led 4k C6k Wifi Bluetooth Google Tv 4 Hdmi 144hz Hdr10+ 55c6k,3491.03,,"10x R$ 359,90 sem juros",,https://www.mercadolivre.com.br/p/MLB48808732?pdp_filters=item_id%3AMLB5417889802
2026-09-22T20:57:44-03:00,mercadolivre,loja,Mercado Livre,Mercado Livre,Smart Tv Tcl 55  4k Qd-mini Led Google Tv 127/220v 55c6k,3599.0,,"10x R$ 359,90 sem juros",,https://www.mercadolivre.com.br/smart-tv-tcl-55--4k-qdmini-led-google-tv-127220v-55c6k/up/MLBU3165217359
2026-09-22T20:57:44-03:00,mercadolivre,loja,Mercado Livre,TCL,Smart Tv Tcl 55  Qled Mini Led 4k C6k Wifi Bluetooth 55c6k,3989.0,,"10x R$ 398,90 sem juros",,https://www.mercadolivre.com.br/smart-tv-tcl-55--qled-mini-led-4k-c6k-wifi-bluetooth-55c6k/up/MLBU3921703471
2026-09-22T20:57:44-03:00,mercadolivre,loja,Mercado Livre,Casas Bahia,Smart Tv 55 C6k 4k Qd-mini Led 144hz Google Tv Tcl,3998.0,,"10x R$ 399,90 sem juros",,https://www.mercadolivre.com.br/smart-tv-55-c6k-4k-qdmini-led-144hz-google-tv-tcl/up/MLBU3512360279
2026-09-22T20:57:44-03:00,aliexpress,loja,AliExpress,,"Smart TV 55"" TCL 4K UHD MiniLED 55C6K 120Hz Google TV AiPQ Google Assistente 4 HDMI 2 USB R$ 3.649 R$ 4.199 -13% 4.8 5.000+ vendido(s) Top v",3649.0,,,,https://pt.aliexpress.com/item/1005009459962683.html
2026-09-22T21:14:23-03:00,amazon,loja,Amazon,TCLSEMP.,Smart TV TCL 55 Polegadas QD-Mini LED 4K C6K WiFi Bluetooth Google TV 4 HDMI 144Hz HDR10+ 55C6K,,3533.05,,,https://www.amazon.com.br/dp/B0F7JZMVKF?smid=A3R1Z59ZORN2J9
2026-09-22T21:14:23-03:00,amazon,loja,Amazon,Magalu.,Smart TV TCL 55 Polegadas QD-Mini LED 4K C6K WiFi Bluetooth Google TV 4 HDMI 144Hz HDR10+ 55C6K,,3374.1,,,https://www.amazon.com.br/dp/B0F7JZMVKF?smid=ACUNARZFR75ET
2026-09-22T21:14:23-03:00,amazon,loja,Amazon,Lojas Colombo S/A,Smart TV TCL 55 Polegadas QD-Mini LED 4K C6K WiFi Bluetooth Google TV 4 HDMI 144Hz HDR10+ 55C6K,4533.72,,,,https://www.amazon.com.br/dp/B0F7JZMVKF?smid=A30OZFNW1RCCSM
2026-09-22T21:14:23-03:00,amazon,loja,Amazon,Leonfer Shop,Smart TV TCL 55 Polegadas QD-Mini LED 4K C6K WiFi Bluetooth Google TV 4 HDMI 144Hz HDR10+ 55C6K,5849.9,,,,https://www.amazon.com.br/dp/B0F7JZMVKF?smid=A28W2XGABGHXAH
2026-09-22T21:14:23-03:00,amazon,loja,Amazon,Imagem Hitech FULL,Smart TV TCL 55 Polegadas QD-Mini LED 4K C6K WiFi Bluetooth Google TV 4 HDMI 144Hz HDR10+ 55C6K,3669.0,3485.55,"12x R$ 305,75 sem juros",,https://www.amazon.com.br/dp/B0F7JZMVKF?smid=A3POF6EIWE8R8
2026-09-22T21:14:23-03:00,casasbahia,loja,Casas Bahia,Casas Bahia,Smart TV 55” TCL 55C6K 4K QD-Mini Led 144Hz Sistema Operacional Google TV,3998.98,3599.08,"10x R$ 399,90 sem juros (cartão Casas Bahia)",,https://www.casasbahia.com.br/smart-tv-55-tcl-55c6k-4k-qd-mini-led-144hz-sistema-operacional-google-tv/p/55069456
2026-09-22T21:14:23-03:00,casasbahia,loja,Casas Bahia,LOJAS COLOMBO,"Smart TV TCL 55 AI, 4K UHD, QLED Mini LED, Android TV - 55C6K - Voltagem: Bivolt",5723.88,,"10x R$ 572,39 sem juros",,https://www.casasbahia.com.br/smart-tv-tcl-55-ai-4k-uhd-qled-mini-led-android-tv-55c6k/p/1582483296
2026-09-22T21:14:23-03:00,mercadolivre,loja,Mercado Livre,,Smart Tv Tcl 55 Polegadas Qd-Mini Led 4k C6k Wifi Bluetooth Google Tv 4 Hdmi 144hz Hdr10+ 55c6k,5299.0,3989.0,,,https://www.mercadolivre.com.br/p/MLB48808732?pdp_filters=item_id%3AMLB6713012362
2026-09-22T21:14:23-03:00,mercadolivre,loja,Mercado Livre,Mercado Livre,Smart Tv Tcl 55 Polegadas Qd-Mini Led 4k C6k Wifi Bluetooth Google Tv 4 Hdmi 144hz Hdr10+ 55c6k,3491.03,,"10x R$ 359,90 sem juros",,https://www.mercadolivre.com.br/p/MLB48808732?pdp_filters=item_id%3AMLB5417889802
2026-09-22T21:14:23-03:00,mercadolivre,loja,Mercado Livre,Mercado Livre,Smart Tv Tcl 55  4k Qd-mini Led Google Tv 127/220v 55c6k,3599.0,,"10x R$ 359,90 sem juros",,https://www.mercadolivre.com.br/smart-tv-tcl-55--4k-qdmini-led-google-tv-127220v-55c6k/up/MLBU3165217359
2026-09-22T21:14:23-03:00,mercadolivre,loja,Mercado Livre,TCL,Smart Tv Tcl 55  Qled Mini Led 4k C6k Wifi Bluetooth 55c6k,3989.0,,"10x R$ 398,90 sem juros",,https://www.mercadolivre.com.br/smart-tv-tcl-55--qled-mini-led-4k-c6k-wifi-bluetooth-55c6k/up/MLBU3921703471
2026-09-22T21:14:23-03:00,mercadolivre,loja,Mercado Livre,Casas Bahia,Smart Tv 55 C6k 4k Qd-mini Led 144hz Google Tv Tcl,3998.0,,"10x R$ 399,90 sem juros",,https://www.mercadolivre.com.br/smart-tv-55-c6k-4k-qdmini-led-144hz-google-tv-tcl/up/MLBU3512360279
2026-09-22T21:14:23-03:00,aliexpress,loja,AliExpress,,"Smart TV 55"" TCL 4K UHD MiniLED 55C6K 120Hz Google TV AiPQ Google Assistente 4 HDMI 2 USB R$ 3.649 R$ 4.199 -13% 4.8 5.000+ vendido(s) Top v",3649.0,,,,https://pt.aliexpress.com/item/1005009459962683.html
2026-09-22T21:44:27-03:00,amazon,loja,Amazon,TCLSEMP.,Smart TV TCL 55 Polegadas QD-Mini LED 4K C6K WiFi Bluetooth Google TV 4 HDMI 144Hz HDR10+ 55C6K,,3533.05,,,https://www.amazon.com.br/dp/B0F7JZMVKF?smid=A3R1Z59ZORN2J9
2026-09-22T21:44:27-03:00,amazon,loja,Amazon,Magalu.,Smart TV TCL 55 Polegadas QD-Mini LED 4K C6K WiFi Bluetooth Google TV 4 HDMI 144Hz HDR10+ 55C6K,,3374.1,,,https://www.amazon.com.br/dp/B0F7JZMVKF?smid=ACUNARZFR75ET
2026-09-22T21:44:27-03:00,amazon,loja,Amazon,Lojas Colombo S/A,Smart TV TCL 55 Polegadas QD-Mini LED 4K C6K WiFi Bluetooth Google TV 4 HDMI 144Hz HDR10+ 55C6K,4533.72,,,,https://www.amazon.com.br/dp/B0F7JZMVKF?smid=A30OZFNW1RCCSM
2026-09-22T21:44:27-03:00,amazon,loja,Amazon,Leonfer Shop,Smart TV TCL 55 Polegadas QD-Mini LED 4K C6K WiFi Bluetooth Google TV 4 HDMI 144Hz HDR10+ 55C6K,5849.9,,,,https://www.amazon.com.br/dp/B0F7JZMVKF?smid=A28W2XGABGHXAH
2026-09-22T21:44:27-03:00,amazon,loja,Amazon,Imagem Hitech FULL,Smart TV TCL 55 Polegadas QD-Mini LED 4K C6K WiFi Bluetooth Google TV 4 HDMI 144Hz HDR10+ 55C6K,3689.0,3504.55,"12x R$ 307,49 sem juros",,https://www.amazon.com.br/dp/B0F7JZMVKF?smid=A3POF6EIWE8R8
2026-09-22T21:44:27-03:00,casasbahia,loja,Casas Bahia,Casas Bahia,Smart TV 55” TCL 55C6K 4K QD-Mini Led 144Hz Sistema Operacional Google TV,3998.98,3599.08,"10x R$ 399,90 sem juros (cartão Casas Bahia)",,https://www.casasbahia.com.br/smart-tv-55-tcl-55c6k-4k-qd-mini-led-144hz-sistema-operacional-google-tv/p/55069456
2026-09-22T21:44:27-03:00,casasbahia,loja,Casas Bahia,LOJAS COLOMBO,"Smart TV TCL 55 AI, 4K UHD, QLED Mini LED, Android TV - 55C6K - Voltagem: Bivolt",5723.88,,"10x R$ 572,39 sem juros",,https://www.casasbahia.com.br/smart-tv-tcl-55-ai-4k-uhd-qled-mini-led-android-tv-55c6k/p/1582483296
2026-09-22T21:44:27-03:00,mercadolivre,loja,Mercado Livre,,Smart Tv Tcl 55 Polegadas Qd-Mini Led 4k C6k Wifi Bluetooth Google Tv 4 Hdmi 144hz Hdr10+ 55c6k,5299.0,3989.0,,,https://www.mercadolivre.com.br/p/MLB48808732?pdp_filters=item_id%3AMLB6713012362
2026-09-22T21:44:27-03:00,mercadolivre,loja,Mercado Livre,Mercado Livre,Smart Tv Tcl 55 Polegadas Qd-Mini Led 4k C6k Wifi Bluetooth Google Tv 4 Hdmi 144hz Hdr10+ 55c6k,3491.03,,"10x R$ 359,90 sem juros",,https://www.mercadolivre.com.br/p/MLB48808732?pdp_filters=item_id%3AMLB5417889802
2026-09-22T21:44:27-03:00,mercadolivre,loja,Mercado Livre,Mercado Livre,Smart Tv Tcl 55  4k Qd-mini Led Google Tv 127/220v 55c6k,3599.0,,"10x R$ 359,90 sem juros",,https://www.mercadolivre.com.br/smart-tv-tcl-55--4k-qdmini-led-google-tv-127220v-55c6k/up/MLBU3165217359
2026-09-22T21:44:27-03:00,mercadolivre,loja,Mercado Livre,TCL,Smart Tv Tcl 55  Qled Mini Led 4k C6k Wifi Bluetooth 55c6k,3989.0,,"10x R$ 398,90 sem juros",,https://www.mercadolivre.com.br/smart-tv-tcl-55--qled-mini-led-4k-c6k-wifi-bluetooth-55c6k/up/MLBU3921703471
2026-09-22T21:44:27-03:00,mercadolivre,loja,Mercado Livre,Casas Bahia,Smart Tv 55 C6k 4k Qd-mini Led 144hz Google Tv Tcl,3998.0,,"10x R$ 399,90 sem juros",,https://www.mercadolivre.com.br/smart-tv-55-c6k-4k-qdmini-led-144hz-google-tv-tcl/up/MLBU3512360279
2026-09-22T21:44:27-03:00,aliexpress,loja,AliExpress,,"Smart TV 55"" TCL 4K UHD MiniLED 55C6K 120Hz Google TV AiPQ Google Assistente 4 HDMI 2 USB R$ 3.649 R$ 4.199 -13% 4.8 5.000+ vendido(s) Top v",3649.0,,,,https://pt.aliexpress.com/item/1005009459962683.html
2026-09-22T22:14:23-03:00,amazon,loja,Amazon,TCLSEMP.,Smart TV TCL 55 Polegadas QD-Mini LED 4K C6K WiFi Bluetooth Google TV 4 HDMI 144Hz HDR10+ 55C6K,,3533.05,,,https://www.amazon.com.br/dp/B0F7JZMVKF?smid=A3R1Z59ZORN2J9
2026-09-22T22:14:23-03:00,amazon,loja,Amazon,Magalu.,Smart TV TCL 55 Polegadas QD-Mini LED 4K C6K WiFi Bluetooth Google TV 4 HDMI 144Hz HDR10+ 55C6K,,3374.1,,,https://www.amazon.com.br/dp/B0F7JZMVKF?smid=ACUNARZFR75ET
2026-09-22T22:14:23-03:00,amazon,loja,Amazon,Lojas Colombo S/A,Smart TV TCL 55 Polegadas QD-Mini LED 4K C6K WiFi Bluetooth Google TV 4 HDMI 144Hz HDR10+ 55C6K,4533.72,,,,https://www.amazon.com.br/dp/B0F7JZMVKF?smid=A30OZFNW1RCCSM
2026-09-22T22:14:23-03:00,amazon,loja,Amazon,Leonfer Shop,Smart TV TCL 55 Polegadas QD-Mini LED 4K C6K WiFi Bluetooth Google TV 4 HDMI 144Hz HDR10+ 55C6K,5849.9,,,,https://www.amazon.com.br/dp/B0F7JZMVKF?smid=A28W2XGABGHXAH
2026-09-22T22:14:23-03:00,amazon,loja,Amazon,Imagem Hitech FULL,Smart TV TCL 55 Polegadas QD-Mini LED 4K C6K WiFi Bluetooth Google TV 4 HDMI 144Hz HDR10+ 55C6K,3709.0,3523.55,"12x R$ 309,12 sem juros",,https://www.amazon.com.br/dp/B0F7JZMVKF?smid=A3POF6EIWE8R8
2026-09-22T22:14:23-03:00,casasbahia,loja,Casas Bahia,Casas Bahia,Smart TV 55” TCL 55C6K 4K QD-Mini Led 144Hz Sistema Operacional Google TV,3998.98,3599.08,"10x R$ 399,90 sem juros (cartão Casas Bahia)",,https://www.casasbahia.com.br/smart-tv-55-tcl-55c6k-4k-qd-mini-led-144hz-sistema-operacional-google-tv/p/55069456
2026-09-22T22:14:23-03:00,casasbahia,loja,Casas Bahia,LOJAS COLOMBO,"Smart TV TCL 55 AI, 4K UHD, QLED Mini LED, Android TV - 55C6K - Voltagem: Bivolt",5723.88,,"10x R$ 572,39 sem juros",,https://www.casasbahia.com.br/smart-tv-tcl-55-ai-4k-uhd-qled-mini-led-android-tv-55c6k/p/1582483296
2026-09-22T22:14:23-03:00,mercadolivre,loja,Mercado Livre,,Smart Tv Tcl 55 Polegadas Qd-Mini Led 4k C6k Wifi Bluetooth Google Tv 4 Hdmi 144hz Hdr10+ 55c6k,5299.0,3989.0,,,https://www.mercadolivre.com.br/p/MLB48808732?pdp_filters=item_id%3AMLB6713012362
2026-09-22T22:14:23-03:00,mercadolivre,loja,Mercado Livre,Mercado Livre,Smart Tv Tcl 55 Polegadas Qd-Mini Led 4k C6k Wifi Bluetooth Google Tv 4 Hdmi 144hz Hdr10+ 55c6k,3491.03,,"10x R$ 359,90 sem juros",,https://www.mercadolivre.com.br/p/MLB48808732?pdp_filters=item_id%3AMLB5417889802
2026-09-22T22:14:23-03:00,mercadolivre,loja,Mercado Livre,Mercado Livre,Smart Tv Tcl 55  4k Qd-mini Led Google Tv 127/220v 55c6k,3599.0,,"10x R$ 359,90 sem juros",,https://www.mercadolivre.com.br/smart-tv-tcl-55--4k-qdmini-led-google-tv-127220v-55c6k/up/MLBU3165217359
2026-09-22T22:14:23-03:00,mercadolivre,loja,Mercado Livre,TCL,Smart Tv Tcl 55  Qled Mini Led 4k C6k Wifi Bluetooth 55c6k,3989.0,,"10x R$ 398,90 sem juros",,https://www.mercadolivre.com.br/smart-tv-tcl-55--qled-mini-led-4k-c6k-wifi-bluetooth-55c6k/up/MLBU3921703471
2026-09-22T22:14:23-03:00,mercadolivre,loja,Mercado Livre,Casas Bahia,Smart Tv 55 C6k 4k Qd-mini Led 144hz Google Tv Tcl,3998.0,,"10x R$ 399,90 sem juros",,https://www.mercadolivre.com.br/smart-tv-55-c6k-4k-qdmini-led-144hz-google-tv-tcl/up/MLBU3512360279
2026-09-22T22:14:23-03:00,aliexpress,loja,AliExpress,,"Smart TV 55"" TCL 4K UHD MiniLED 55C6K 120Hz Google TV AiPQ Google Assistente 4 HDMI 2 USB R$ 3.649 R$ 4.199 -13% 4.8 5.000+ vendido(s) Top v",3649.0,,,,https://pt.aliexpress.com/item/1005009459962683.html
2026-09-22T22:44:24-03:00,amazon,loja,Amazon,TCLSEMP.,Smart TV TCL 55 Polegadas QD-Mini LED 4K C6K WiFi Bluetooth Google TV 4 HDMI 144Hz HDR10+ 55C6K,,3533.05,,,https://www.amazon.com.br/dp/B0F7JZMVKF?smid=A3R1Z59ZORN2J9
2026-09-22T22:44:24-03:00,amazon,loja,Amazon,Magalu.,Smart TV TCL 55 Polegadas QD-Mini LED 4K C6K WiFi Bluetooth Google TV 4 HDMI 144Hz HDR10+ 55C6K,,3374.1,,,https://www.amazon.com.br/dp/B0F7JZMVKF?smid=ACUNARZFR75ET
2026-09-22T22:44:24-03:00,amazon,loja,Amazon,Lojas Colombo S/A,Smart TV TCL 55 Polegadas QD-Mini LED 4K C6K WiFi Bluetooth Google TV 4 HDMI 144Hz HDR10+ 55C6K,4533.72,,,,https://www.amazon.com.br/dp/B0F7JZMVKF?smid=A30OZFNW1RCCSM
2026-09-22T22:44:24-03:00,amazon,loja,Amazon,Leonfer Shop,Smart TV TCL 55 Polegadas QD-Mini LED 4K C6K WiFi Bluetooth Google TV 4 HDMI 144Hz HDR10+ 55C6K,5849.9,,,,https://www.amazon.com.br/dp/B0F7JZMVKF?smid=A28W2XGABGHXAH
2026-09-22T22:44:24-03:00,amazon,loja,Amazon,Imagem Hitech FULL,Smart TV TCL 55 Polegadas QD-Mini LED 4K C6K WiFi Bluetooth Google TV 4 HDMI 144Hz HDR10+ 55C6K,3719.0,3533.05,"12x R$ 309,99 sem juros",,https://www.amazon.com.br/dp/B0F7JZMVKF?smid=A3POF6EIWE8R8
2026-09-22T22:44:24-03:00,casasbahia,loja,Casas Bahia,Casas Bahia,Smart TV 55” TCL 55C6K 4K QD-Mini Led 144Hz Sistema Operacional Google TV,3998.98,3599.08,"10x R$ 399,90 sem juros (cartão Casas Bahia)",,https://www.casasbahia.com.br/smart-tv-55-tcl-55c6k-4k-qd-mini-led-144hz-sistema-operacional-google-tv/p/55069456
2026-09-22T22:44:24-03:00,casasbahia,loja,Casas Bahia,LOJAS COLOMBO,"Smart TV TCL 55 AI, 4K UHD, QLED Mini LED, Android TV - 55C6K - Voltagem: Bivolt",5723.88,,"10x R$ 572,39 sem juros",,https://www.casasbahia.com.br/smart-tv-tcl-55-ai-4k-uhd-qled-mini-led-android-tv-55c6k/p/1582483296
2026-09-22T22:44:24-03:00,mercadolivre,loja,Mercado Livre,,Smart Tv Tcl 55 Polegadas Qd-Mini Led 4k C6k Wifi Bluetooth Google Tv 4 Hdmi 144hz Hdr10+ 55c6k,5299.0,3989.0,,,https://www.mercadolivre.com.br/p/MLB48808732?pdp_filters=item_id%3AMLB6713012362
2026-09-22T22:44:24-03:00,mercadolivre,loja,Mercado Livre,Mercado Livre,Smart Tv Tcl 55 Polegadas Qd-Mini Led 4k C6k Wifi Bluetooth Google Tv 4 Hdmi 144hz Hdr10+ 55c6k,3491.03,,"10x R$ 359,90 sem juros",,https://www.mercadolivre.com.br/p/MLB48808732?pdp_filters=item_id%3AMLB5417889802
2026-09-22T22:44:24-03:00,mercadolivre,loja,Mercado Livre,Mercado Livre,Smart Tv Tcl 55  4k Qd-mini Led Google Tv 127/220v 55c6k,3599.0,,"10x R$ 359,90 sem juros",,https://www.mercadolivre.com.br/smart-tv-tcl-55--4k-qdmini-led-google-tv-127220v-55c6k/up/MLBU3165217359
2026-09-22T22:44:24-03:00,mercadolivre,loja,Mercado Livre,TCL,Smart Tv Tcl 55  Qled Mini Led 4k C6k Wifi Bluetooth 55c6k,3989.0,,"10x R$ 398,90 sem juros",,https://www.mercadolivre.com.br/smart-tv-tcl-55--qled-mini-led-4k-c6k-wifi-bluetooth-55c6k/up/MLBU3921703471
2026-09-22T22:44:24-03:00,mercadolivre,loja,Mercado Livre,Casas Bahia,Smart Tv 55 C6k 4k Qd-mini Led 144hz Google Tv Tcl,3998.0,,"10x R$ 399,90 sem juros",,https://www.mercadolivre.com.br/smart-tv-55-c6k-4k-qdmini-led-144hz-google-tv-tcl/up/MLBU3512360279
2026-09-22T22:44:24-03:00,aliexpress,loja,AliExpress,,"Smart TV 55"" TCL 4K UHD MiniLED 55C6K 120Hz Google TV AiPQ Google Assistente 4 HDMI 2 USB R$ 3.649 R$ 4.199 -13% 4.8 5.000+ vendido(s) Top v",3649.0,,,,https://pt.aliexpress.com/item/1005009459962683.html
2026-09-22T23:14:22-03:00,amazon,loja,Amazon,TCLSEMP.,Smart TV TCL 55 Polegadas QD-Mini LED 4K C6K WiFi Bluetooth Google TV 4 HDMI 144Hz HDR10+ 55C6K,,3533.05,,,https://www.amazon.com.br/dp/B0F7JZMVKF?smid=A3R1Z59ZORN2J9
2026-09-22T23:14:22-03:00,amazon,loja,Amazon,Magalu.,Smart TV TCL 55 Polegadas QD-Mini LED 4K C6K WiFi Bluetooth Google TV 4 HDMI 144Hz HDR10+ 55C6K,,3374.1,,,https://www.amazon.com.br/dp/B0F7JZMVKF?smid=ACUNARZFR75ET
2026-09-22T23:14:22-03:00,amazon,loja,Amazon,Lojas Colombo S/A,Smart TV TCL 55 Polegadas QD-Mini LED 4K C6K WiFi Bluetooth Google TV 4 HDMI 144Hz HDR10+ 55C6K,4533.72,,,,https://www.amazon.com.br/dp/B0F7JZMVKF?smid=A30OZFNW1RCCSM
2026-09-22T23:14:22-03:00,amazon,loja,Amazon,Leonfer Shop,Smart TV TCL 55 Polegadas QD-Mini LED 4K C6K WiFi Bluetooth Google TV 4 HDMI 144Hz HDR10+ 55C6K,5849.9,,,,https://www.amazon.com.br/dp/B0F7JZMVKF?smid=A28W2XGABGHXAH
2026-09-22T23:14:22-03:00,amazon,loja,Amazon,Imagem Hitech FULL,Smart TV TCL 55 Polegadas QD-Mini LED 4K C6K WiFi Bluetooth Google TV 4 HDMI 144Hz HDR10+ 55C6K,3719.0,3533.05,"12x R$ 309,99 sem juros",,https://www.amazon.com.br/dp/B0F7JZMVKF?smid=A3POF6EIWE8R8
2026-09-22T23:14:22-03:00,casasbahia,loja,Casas Bahia,Casas Bahia,Smart TV 55” TCL 55C6K 4K QD-Mini Led 144Hz Sistema Operacional Google TV,3998.98,3599.08,"6x R$ 666,50 sem juros",,https://www.casasbahia.com.br/smart-tv-55-tcl-55c6k-4k-qd-mini-led-144hz-sistema-operacional-google-tv/p/55069456
2026-09-22T23:14:22-03:00,casasbahia,loja,Casas Bahia,LOJAS COLOMBO,"Smart TV TCL 55 AI, 4K UHD, QLED Mini LED, Android TV - 55C6K - Voltagem: Bivolt",5723.88,,"10x R$ 572,39 sem juros",,https://www.casasbahia.com.br/smart-tv-tcl-55-ai-4k-uhd-qled-mini-led-android-tv-55c6k/p/1582483296
2026-09-22T23:14:22-03:00,mercadolivre,loja,Mercado Livre,,Smart Tv Tcl 55 Polegadas Qd-Mini Led 4k C6k Wifi Bluetooth Google Tv 4 Hdmi 144hz Hdr10+ 55c6k,5299.0,3989.0,,,https://www.mercadolivre.com.br/p/MLB48808732?pdp_filters=item_id%3AMLB6713012362
2026-09-22T23:14:22-03:00,mercadolivre,loja,Mercado Livre,Mercado Livre,Smart Tv Tcl 55 Polegadas Qd-Mini Led 4k C6k Wifi Bluetooth Google Tv 4 Hdmi 144hz Hdr10+ 55c6k,3491.03,,"10x R$ 359,90 sem juros",,https://www.mercadolivre.com.br/p/MLB48808732?pdp_filters=item_id%3AMLB5417889802
2026-09-22T23:14:22-03:00,mercadolivre,loja,Mercado Livre,Mercado Livre,Smart Tv Tcl 55  4k Qd-mini Led Google Tv 127/220v 55c6k,3599.0,,"10x R$ 359,90 sem juros",,https://www.mercadolivre.com.br/smart-tv-tcl-55--4k-qdmini-led-google-tv-127220v-55c6k/up/MLBU3165217359
2026-09-22T23:14:22-03:00,mercadolivre,loja,Mercado Livre,TCL,Smart Tv Tcl 55  Qled Mini Led 4k C6k Wifi Bluetooth 55c6k,3989.0,,"10x R$ 398,90 sem juros",,https://www.mercadolivre.com.br/smart-tv-tcl-55--qled-mini-led-4k-c6k-wifi-bluetooth-55c6k/up/MLBU3921703471
2026-09-22T23:14:22-03:00,mercadolivre,loja,Mercado Livre,Casas Bahia,Smart Tv 55 C6k 4k Qd-mini Led 144hz Google Tv Tcl,3998.0,,"10x R$ 399,90 sem juros",,https://www.mercadolivre.com.br/smart-tv-55-c6k-4k-qdmini-led-144hz-google-tv-tcl/up/MLBU3512360279
2026-09-22T23:14:22-03:00,aliexpress,loja,AliExpress,,"Smart TV 55"" TCL 4K UHD MiniLED 55C6K 120Hz Google TV AiPQ Google Assistente 4 HDMI 2 USB R$ 3.649 R$ 4.199 -13% 4.8 5.000+ vendido(s) Top v",3649.0,,,,https://pt.aliexpress.com/item/1005009459962683.html
2026-09-22T23:44:24-03:00,amazon,loja,Amazon,TCLSEMP.,Smart TV TCL 55 Polegadas QD-Mini LED 4K C6K WiFi Bluetooth Google TV 4 HDMI 144Hz HDR10+ 55C6K,,3533.05,,,https://www.amazon.com.br/dp/B0F7JZMVKF?smid=A3R1Z59ZORN2J9
2026-09-22T23:44:24-03:00,amazon,loja,Amazon,Magalu.,Smart TV TCL 55 Polegadas QD-Mini LED 4K C6K WiFi Bluetooth Google TV 4 HDMI 144Hz HDR10+ 55C6K,,3374.1,,,https://www.amazon.com.br/dp/B0F7JZMVKF?smid=ACUNARZFR75ET
2026-09-22T23:44:24-03:00,amazon,loja,Amazon,Lojas Colombo S/A,Smart TV TCL 55 Polegadas QD-Mini LED 4K C6K WiFi Bluetooth Google TV 4 HDMI 144Hz HDR10+ 55C6K,4533.72,,,,https://www.amazon.com.br/dp/B0F7JZMVKF?smid=A30OZFNW1RCCSM
2026-09-22T23:44:24-03:00,amazon,loja,Amazon,Leonfer Shop,Smart TV TCL 55 Polegadas QD-Mini LED 4K C6K WiFi Bluetooth Google TV 4 HDMI 144Hz HDR10+ 55C6K,5849.9,,,,https://www.amazon.com.br/dp/B0F7JZMVKF?smid=A28W2XGABGHXAH
2026-09-22T23:44:24-03:00,amazon,loja,Amazon,Imagem Hitech FULL,Smart TV TCL 55 Polegadas QD-Mini LED 4K C6K WiFi Bluetooth Google TV 4 HDMI 144Hz HDR10+ 55C6K,3719.0,3533.05,"12x R$ 309,99 sem juros",,https://www.amazon.com.br/dp/B0F7JZMVKF?smid=A3POF6EIWE8R8
2026-09-22T23:44:24-03:00,casasbahia,loja,Casas Bahia,Casas Bahia,Smart TV 55” TCL 55C6K 4K QD-Mini Led 144Hz Sistema Operacional Google TV,3998.98,3599.08,"6x R$ 666,50 sem juros",,https://www.casasbahia.com.br/smart-tv-55-tcl-55c6k-4k-qd-mini-led-144hz-sistema-operacional-google-tv/p/55069456
2026-09-22T23:44:24-03:00,casasbahia,loja,Casas Bahia,LOJAS COLOMBO,"Smart TV TCL 55 AI, 4K UHD, QLED Mini LED, Android TV - 55C6K - Voltagem: Bivolt",5723.88,,"10x R$ 572,39 sem juros",,https://www.casasbahia.com.br/smart-tv-tcl-55-ai-4k-uhd-qled-mini-led-android-tv-55c6k/p/1582483296
2026-09-22T23:44:24-03:00,mercadolivre,loja,Mercado Livre,,Smart Tv Tcl 55 Polegadas Qd-Mini Led 4k C6k Wifi Bluetooth Google Tv 4 Hdmi 144hz Hdr10+ 55c6k,5299.0,3989.0,,,https://www.mercadolivre.com.br/p/MLB48808732?pdp_filters=item_id%3AMLB6713012362
2026-09-22T23:44:24-03:00,mercadolivre,loja,Mercado Livre,Mercado Livre,Smart Tv Tcl 55 Polegadas Qd-Mini Led 4k C6k Wifi Bluetooth Google Tv 4 Hdmi 144hz Hdr10+ 55c6k,3599.0,,"10x R$ 359,90 sem juros",,https://www.mercadolivre.com.br/p/MLB48808732?pdp_filters=item_id%3AMLB5417889802
2026-09-22T23:44:24-03:00,mercadolivre,loja,Mercado Livre,Mercado Livre,Smart Tv Tcl 55  4k Qd-mini Led Google Tv 127/220v 55c6k,3599.0,,"10x R$ 359,90 sem juros",,https://www.mercadolivre.com.br/smart-tv-tcl-55--4k-qdmini-led-google-tv-127220v-55c6k/up/MLBU3165217359
2026-09-22T23:44:24-03:00,mercadolivre,loja,Mercado Livre,TCL,Smart Tv Tcl 55  Qled Mini Led 4k C6k Wifi Bluetooth 55c6k,3989.0,,"10x R$ 398,90 sem juros",,https://www.mercadolivre.com.br/smart-tv-tcl-55--qled-mini-led-4k-c6k-wifi-bluetooth-55c6k/up/MLBU3921703471
2026-09-22T23:44:24-03:00,mercadolivre,loja,Mercado Livre,Casas Bahia,Smart Tv 55 C6k 4k Qd-mini Led 144hz Google Tv Tcl,3998.0,,"10x R$ 399,90 sem juros",,https://www.mercadolivre.com.br/smart-tv-55-c6k-4k-qdmini-led-144hz-google-tv-tcl/up/MLBU3512360279
2026-09-22T23:44:24-03:00,aliexpress,loja,AliExpress,,"Smart TV 55"" TCL 4K UHD MiniLED 55C6K 120Hz Google TV AiPQ Google Assistente 4 HDMI 2 USB R$ 3.649 R$ 4.199 -13% 4.8 5.000+ vendido(s) Top v",3649.0,,,,https://pt.aliexpress.com/item/1005009459962683.html
2026-09-23T00:14:45-03:00,amazon,loja,Amazon,TCLSEMP.,Smart TV TCL 55 Polegadas QD-Mini LED 4K C6K WiFi Bluetooth Google TV 4 HDMI 144Hz HDR10+ 55C6K,,3533.05,,,https://www.amazon.com.br/dp/B0F7JZMVKF?smid=A3R1Z59ZORN2J9
2026-09-23T00:14:45-03:00,amazon,loja,Amazon,Magalu.,Smart TV TCL 55 Polegadas QD-Mini LED 4K C6K WiFi Bluetooth Google TV 4 HDMI 144Hz HDR10+ 55C6K,,3374.1,,,https://www.amazon.com.br/dp/B0F7JZMVKF?smid=ACUNARZFR75ET
2026-09-23T00:14:45-03:00,amazon,loja,Amazon,Lojas Colombo S/A,Smart TV TCL 55 Polegadas QD-Mini LED 4K C6K WiFi Bluetooth Google TV 4 HDMI 144Hz HDR10+ 55C6K,4533.72,,,,https://www.amazon.com.br/dp/B0F7JZMVKF?smid=A30OZFNW1RCCSM
2026-09-23T00:14:45-03:00,amazon,loja,Amazon,Leonfer Shop,Smart TV TCL 55 Polegadas QD-Mini LED 4K C6K WiFi Bluetooth Google TV 4 HDMI 144Hz HDR10+ 55C6K,5849.9,,,,https://www.amazon.com.br/dp/B0F7JZMVKF?smid=A28W2XGABGHXAH
2026-09-23T00:14:45-03:00,amazon,loja,Amazon,Imagem Hitech FULL,Smart TV TCL 55 Polegadas QD-Mini LED 4K C6K WiFi Bluetooth Google TV 4 HDMI 144Hz HDR10+ 55C6K,3719.0,3533.05,"12x R$ 309,99 sem juros",,https://www.amazon.com.br/dp/B0F7JZMVKF?smid=A3POF6EIWE8R8
2026-09-23T00:14:45-03:00,casasbahia,loja,Casas Bahia,Casas Bahia,Smart TV 55” TCL 55C6K 4K QD-Mini Led 144Hz Sistema Operacional Google TV,3998.98,3599.08,"6x R$ 666,50 sem juros",,https://www.casasbahia.com.br/smart-tv-55-tcl-55c6k-4k-qd-mini-led-144hz-sistema-operacional-google-tv/p/55069456
2026-09-23T00:14:45-03:00,casasbahia,loja,Casas Bahia,LOJAS COLOMBO,"Smart TV TCL 55 AI, 4K UHD, QLED Mini LED, Android TV - 55C6K - Voltagem: Bivolt",5723.88,,"10x R$ 572,39 sem juros",,https://www.casasbahia.com.br/smart-tv-tcl-55-ai-4k-uhd-qled-mini-led-android-tv-55c6k/p/1582483296
2026-09-23T00:14:45-03:00,mercadolivre,loja,Mercado Livre,,Smart Tv Tcl 55 Polegadas Qd-Mini Led 4k C6k Wifi Bluetooth Google Tv 4 Hdmi 144hz Hdr10+ 55c6k,5299.0,3989.0,,,https://www.mercadolivre.com.br/p/MLB48808732?pdp_filters=item_id%3AMLB6713012362
2026-09-23T00:14:45-03:00,mercadolivre,loja,Mercado Livre,Mercado Livre,Smart Tv Tcl 55 Polegadas Qd-Mini Led 4k C6k Wifi Bluetooth Google Tv 4 Hdmi 144hz Hdr10+ 55c6k,3419.05,,"10x R$ 359,90 sem juros",,https://www.mercadolivre.com.br/p/MLB48808732?pdp_filters=item_id%3AMLB5417889802
2026-09-23T00:14:45-03:00,mercadolivre,loja,Mercado Livre,Mercado Livre,Smart Tv Tcl 55  4k Qd-mini Led Google Tv 127/220v 55c6k,3599.0,,"10x R$ 359,90 sem juros",,https://www.mercadolivre.com.br/smart-tv-tcl-55--4k-qdmini-led-google-tv-127220v-55c6k/up/MLBU3165217359
2026-09-23T00:14:45-03:00,mercadolivre,loja,Mercado Livre,TCL,Smart Tv Tcl 55  Qled Mini Led 4k C6k Wifi Bluetooth 55c6k,3989.0,,"10x R$ 398,90 sem juros",,https://www.mercadolivre.com.br/smart-tv-tcl-55--qled-mini-led-4k-c6k-wifi-bluetooth-55c6k/up/MLBU3921703471
2026-09-23T00:14:45-03:00,mercadolivre,loja,Mercado Livre,Casas Bahia,Smart Tv 55 C6k 4k Qd-mini Led 144hz Google Tv Tcl,3998.0,,"10x R$ 399,90 sem juros",,https://www.mercadolivre.com.br/smart-tv-55-c6k-4k-qdmini-led-144hz-google-tv-tcl/up/MLBU3512360279
2026-09-23T00:14:45-03:00,aliexpress,loja,AliExpress,,"Smart TV 55"" TCL 4K UHD MiniLED 55C6K 120Hz Google TV AiPQ Google Assistente 4 HDMI 2 USB R$ 3.649 R$ 4.199 -13% 4.8 5.000+ vendido(s) Top v",3649.0,,,,https://pt.aliexpress.com/item/1005009459962683.html
2026-09-23T00:44:18-03:00,amazon,loja,Amazon,TCLSEMP.,Smart TV TCL 55 Polegadas QD-Mini LED 4K C6K WiFi Bluetooth Google TV 4 HDMI 144Hz HDR10+ 55C6K,,3533.05,,,https://www.amazon.com.br/dp/B0F7JZMVKF?smid=A3R1Z59ZORN2J9
2026-09-23T00:44:18-03:00,amazon,loja,Amazon,Magalu.,Smart TV TCL 55 Polegadas QD-Mini LED 4K C6K WiFi Bluetooth Google TV 4 HDMI 144Hz HDR10+ 55C6K,,3374.1,,,https://www.amazon.com.br/dp/B0F7JZMVKF?smid=ACUNARZFR75ET
2026-09-23T00:44:18-03:00,amazon,loja,Amazon,Lojas Colombo S/A,Smart TV TCL 55 Polegadas QD-Mini LED 4K C6K WiFi Bluetooth Google TV 4 HDMI 144Hz HDR10+ 55C6K,4533.72,,,,https://www.amazon.com.br/dp/B0F7JZMVKF?smid=A30OZFNW1RCCSM
2026-09-23T00:44:18-03:00,amazon,loja,Amazon,Leonfer Shop,Smart TV TCL 55 Polegadas QD-Mini LED 4K C6K WiFi Bluetooth Google TV 4 HDMI 144Hz HDR10+ 55C6K,5849.9,,,,https://www.amazon.com.br/dp/B0F7JZMVKF?smid=A28W2XGABGHXAH
2026-09-23T00:44:18-03:00,amazon,loja,Amazon,Imagem Hitech FULL,Smart TV TCL 55 Polegadas QD-Mini LED 4K C6K WiFi Bluetooth Google TV 4 HDMI 144Hz HDR10+ 55C6K,3719.0,3533.05,"12x R$ 309,99 sem juros",,https://www.amazon.com.br/dp/B0F7JZMVKF?smid=A3POF6EIWE8R8
2026-09-23T00:44:18-03:00,casasbahia,loja,Casas Bahia,Casas Bahia,Smart TV 55” TCL 55C6K 4K QD-Mini Led 144Hz Sistema Operacional Google TV,3998.98,3599.08,"6x R$ 666,50 sem juros",,https://www.casasbahia.com.br/smart-tv-55-tcl-55c6k-4k-qd-mini-led-144hz-sistema-operacional-google-tv/p/55069456
2026-09-23T00:44:18-03:00,casasbahia,loja,Casas Bahia,LOJAS COLOMBO,"Smart TV TCL 55 AI, 4K UHD, QLED Mini LED, Android TV - 55C6K - Voltagem: Bivolt",5723.88,,"10x R$ 572,39 sem juros",,https://www.casasbahia.com.br/smart-tv-tcl-55-ai-4k-uhd-qled-mini-led-android-tv-55c6k/p/1582483296
2026-09-23T00:44:18-03:00,mercadolivre,loja,Mercado Livre,,Smart Tv Tcl 55 Polegadas Qd-Mini Led 4k C6k Wifi Bluetooth Google Tv 4 Hdmi 144hz Hdr10+ 55c6k,5299.0,3989.0,,,https://www.mercadolivre.com.br/p/MLB48808732?pdp_filters=item_id%3AMLB6713012362
2026-09-23T00:44:18-03:00,mercadolivre,loja,Mercado Livre,Mercado Livre,Smart Tv Tcl 55 Polegadas Qd-Mini Led 4k C6k Wifi Bluetooth Google Tv 4 Hdmi 144hz Hdr10+ 55c6k,3419.05,,"10x R$ 359,90 sem juros",,https://www.mercadolivre.com.br/p/MLB48808732?pdp_filters=item_id%3AMLB5417889802
2026-09-23T00:44:18-03:00,mercadolivre,loja,Mercado Livre,Mercado Livre,Smart Tv Tcl 55  4k Qd-mini Led Google Tv 127/220v 55c6k,3599.0,,"10x R$ 359,90 sem juros",,https://www.mercadolivre.com.br/smart-tv-tcl-55--4k-qdmini-led-google-tv-127220v-55c6k/up/MLBU3165217359
2026-09-23T00:44:18-03:00,mercadolivre,loja,Mercado Livre,TCL,Smart Tv Tcl 55  Qled Mini Led 4k C6k Wifi Bluetooth 55c6k,3989.0,,"10x R$ 398,90 sem juros",,https://www.mercadolivre.com.br/smart-tv-tcl-55--qled-mini-led-4k-c6k-wifi-bluetooth-55c6k/up/MLBU3921703471
2026-09-23T00:44:18-03:00,mercadolivre,loja,Mercado Livre,Casas Bahia,Smart Tv 55 C6k 4k Qd-mini Led 144hz Google Tv Tcl,3998.0,,"10x R$ 399,90 sem juros",,https://www.mercadolivre.com.br/smart-tv-55-c6k-4k-qdmini-led-144hz-google-tv-tcl/up/MLBU3512360279
2026-09-23T00:44:18-03:00,aliexpress,loja,AliExpress,,"Smart TV 55"" TCL 4K UHD MiniLED 55C6K 120Hz Google TV AiPQ Google Assistente 4 HDMI 2 USB R$ 3.649 R$ 4.199 -13% 4.8 5.000+ vendido(s) Top v",3649.0,,,,https://pt.aliexpress.com/item/1005009459962683.html
2026-09-23T19:59:31-03:00,amazon,loja,Amazon,Imagem Hitech FULL,Smart TV TCL 55 Polegadas QD-Mini LED 4K C6K WiFi Bluetooth Google TV 4 HDMI 144Hz HDR10+ 55C6K,,3571.05,,,https://www.amazon.com.br/dp/B0F7JZMVKF?smid=A3POF6EIWE8R8
2026-09-23T19:59:31-03:00,amazon,loja,Amazon,Magalu.,Smart TV TCL 55 Polegadas QD-Mini LED 4K C6K WiFi Bluetooth Google TV 4 HDMI 144Hz HDR10+ 55C6K,,3509.1,,,https://www.amazon.com.br/dp/B0F7JZMVKF?smid=ACUNARZFR75ET
2026-09-23T19:59:31-03:00,amazon,loja,Amazon,Lojas Colombo S/A,Smart TV TCL 55 Polegadas QD-Mini LED 4K C6K WiFi Bluetooth Google TV 4 HDMI 144Hz HDR10+ 55C6K,4533.72,,,,https://www.amazon.com.br/dp/B0F7JZMVKF?smid=A30OZFNW1RCCSM
2026-09-23T19:59:31-03:00,amazon,loja,Amazon,TCLSEMP.,Smart TV TCL 55 Polegadas QD-Mini LED 4K C6K WiFi Bluetooth Google TV 4 HDMI 144Hz HDR10+ 55C6K,3719.0,3533.05,"12x R$ 309,99 sem juros",,https://www.amazon.com.br/dp/B0F7JZMVKF?smid=A3R1Z59ZORN2J9
2026-09-23T19:59:31-03:00,mercadolivre,loja,Mercado Livre,Loja oficial Magalu,Smart Tv Tcl 55 Polegadas Qd-Mini Led 4k C6k Wifi Bluetooth Google Tv 4 Hdmi 144hz Hdr10+ 55c6k,3899.0,,,,https://www.mercadolivre.com.br/p/MLB48808732?pdp_filters=item_id%3AMLB7574364080
2026-09-23T19:59:31-03:00,mercadolivre,loja,Mercado Livre,TCL,Smart Tv Tcl 55 Polegadas Qd-Mini Led 4k C6k Wifi Bluetooth Google Tv 4 Hdmi 144hz Hdr10+ 55c6k,3989.0,,"10x R$ 398,90 sem juros",,https://www.mercadolivre.com.br/p/MLB48808732?pdp_filters=item_id%3AMLB6713012362
2026-09-23T19:59:31-03:00,mercadolivre,loja,Mercado Livre,TCL,Smart Tv Tcl 55  Qled Mini Led 4k C6k Wifi Bluetooth 55c6k,3989.0,,"10x R$ 398,90 sem juros",,https://www.mercadolivre.com.br/smart-tv-tcl-55--qled-mini-led-4k-c6k-wifi-bluetooth-55c6k/up/MLBU3921703471
2026-09-23T19:59:31-03:00,aliexpress,loja,AliExpress,,"Smart TV 55"" TCL 4K UHD MiniLED 55C6K 120Hz Google TV AiPQ Google Assistente 4 HDMI 2 USB R$ 3.799 R$ 4.199 -9% 4.8 5.000+ vendido(s) Top ve",3799.0,,,,https://pt.aliexpress.com/item/1005009459962683.html
2026-09-23T20:14:40-03:00,amazon,loja,Amazon,Imagem Hitech FULL,Smart TV TCL 55 Polegadas QD-Mini LED 4K C6K WiFi Bluetooth Google TV 4 HDMI 144Hz HDR10+ 55C6K,,3571.05,,,https://www.amazon.com.br/dp/B0F7JZMVKF?smid=A3POF6EIWE8R8
2026-09-23T20:14:40-03:00,amazon,loja,Amazon,Magalu.,Smart TV TCL 55 Polegadas QD-Mini LED 4K C6K WiFi Bluetooth Google TV 4 HDMI 144Hz HDR10+ 55C6K,,3509.1,,,https://www.amazon.com.br/dp/B0F7JZMVKF?smid=ACUNARZFR75ET
2026-09-23T20:14:40-03:00,amazon,loja,Amazon,Lojas Colombo S/A,Smart TV TCL 55 Polegadas QD-Mini LED 4K C6K WiFi Bluetooth Google TV 4 HDMI 144Hz HDR10+ 55C6K,4533.72,,,,https://www.amazon.com.br/dp/B0F7JZMVKF?smid=A30OZFNW1RCCSM
2026-09-23T20:14:40-03:00,amazon,loja,Amazon,TCLSEMP.,Smart TV TCL 55 Polegadas QD-Mini LED 4K C6K WiFi Bluetooth Google TV 4 HDMI 144Hz HDR10+ 55C6K,3719.0,3533.05,"12x R$ 309,99 sem juros",,https://www.amazon.com.br/dp/B0F7JZMVKF?smid=A3R1Z59ZORN2J9
2026-09-23T20:14:40-03:00,mercadolivre,loja,Mercado Livre,Loja oficial Magalu,Smart Tv Tcl 55 Polegadas Qd-Mini Led 4k C6k Wifi Bluetooth Google Tv 4 Hdmi 144hz Hdr10+ 55c6k,3899.0,,,,https://www.mercadolivre.com.br/p/MLB48808732?pdp_filters=item_id%3AMLB7574364080
2026-09-23T20:14:40-03:00,mercadolivre,loja,Mercado Livre,TCL,Smart Tv Tcl 55 Polegadas Qd-Mini Led 4k C6k Wifi Bluetooth Google Tv 4 Hdmi 144hz Hdr10+ 55c6k,3989.0,,"10x R$ 398,90 sem juros",,https://www.mercadolivre.com.br/p/MLB48808732?pdp_filters=item_id%3AMLB6713012362
2026-09-23T20:14:40-03:00,aliexpress,loja,AliExpress,,"Smart TV 55"" TCL 4K UHD MiniLED 55C6K 120Hz Google TV AiPQ Google Assistente 4 HDMI 2 USB R$ 3.799 R$ 4.199 -9% 4.8 5.000+ vendido(s) Top ve",3799.0,,,,https://pt.aliexpress.com/item/1005009459962683.html
2026-09-23T20:53:22-03:00,amazon,loja,Amazon,Imagem Hitech FULL,Smart TV TCL 55 Polegadas QD-Mini LED 4K C6K WiFi Bluetooth Google TV 4 HDMI 144Hz HDR10+ 55C6K,,3571.05,,,https://www.amazon.com.br/dp/B0F7JZMVKF?smid=A3POF6EIWE8R8
2026-09-23T20:53:22-03:00,amazon,loja,Amazon,Magalu.,Smart TV TCL 55 Polegadas QD-Mini LED 4K C6K WiFi Bluetooth Google TV 4 HDMI 144Hz HDR10+ 55C6K,,3509.1,,,https://www.amazon.com.br/dp/B0F7JZMVKF?smid=ACUNARZFR75ET
2026-09-23T20:53:22-03:00,amazon,loja,Amazon,Lojas Colombo S/A,Smart TV TCL 55 Polegadas QD-Mini LED 4K C6K WiFi Bluetooth Google TV 4 HDMI 144Hz HDR10+ 55C6K,4533.72,,,,https://www.amazon.com.br/dp/B0F7JZMVKF?smid=A30OZFNW1RCCSM
2026-09-23T20:53:22-03:00,amazon,loja,Amazon,TCLSEMP.,Smart TV TCL 55 Polegadas QD-Mini LED 4K C6K WiFi Bluetooth Google TV 4 HDMI 144Hz HDR10+ 55C6K,3719.0,3533.05,"12x R$ 309,99 sem juros",,https://www.amazon.com.br/dp/B0F7JZMVKF?smid=A3R1Z59ZORN2J9
2026-09-23T20:53:22-03:00,mercadolivre,loja,Mercado Livre,,Smart Tv Tcl 55 Polegadas Qd-Mini Led 4k C6k Wifi Bluetooth Google Tv 4 Hdmi 144hz Hdr10+ 55c6k,5299.0,3989.0,,,https://www.mercadolivre.com.br/p/MLB48808732?pdp_filters=item_id%3AMLB6713012362
2026-09-23T20:53:22-03:00,mercadolivre,loja,Mercado Livre,Magalu,Smart Tv Tcl 55 Polegadas Qd-Mini Led 4k C6k Wifi Bluetooth Google Tv 4 Hdmi 144hz Hdr10+ 55c6k,3704.05,,"10x R$ 370,40 sem juros",,https://www.mercadolivre.com.br/p/MLB48808732?pdp_filters=item_id%3AMLB7574364080
2026-09-23T20:53:22-03:00,mercadolivre,loja,Mercado Livre,TCL,Smart Tv Tcl 55  Qled Mini Led 4k C6k Wifi Bluetooth 55c6k,3989.0,,"10x R$ 398,90 sem juros",,https://www.mercadolivre.com.br/smart-tv-tcl-55--qled-mini-led-4k-c6k-wifi-bluetooth-55c6k/up/MLBU3921703471
2026-09-23T20:53:22-03:00,aliexpress,loja,AliExpress,,"Smart TV 55"" TCL 4K UHD MiniLED 55C6K 120Hz Google TV AiPQ Google Assistente 4 HDMI 2 USB R$ 3.999 R$ 4.199 4.8 5.000+ vendido(s) Top vendas",3999.0,,,,https://pt.aliexpress.com/item/1005009459962683.html
2026-09-23T21:14:22-03:00,amazon,loja,Amazon,Imagem Hitech FULL,Smart TV TCL 55 Polegadas QD-Mini LED 4K C6K WiFi Bluetooth Google TV 4 HDMI 144Hz HDR10+ 55C6K,,3571.05,,,https://www.amazon.com.br/dp/B0F7JZMVKF?smid=A3POF6EIWE8R8
2026-09-23T21:14:22-03:00,amazon,loja,Amazon,Magalu.,Smart TV TCL 55 Polegadas QD-Mini LED 4K C6K WiFi Bluetooth Google TV 4 HDMI 144Hz HDR10+ 55C6K,,3509.1,,,https://www.amazon.com.br/dp/B0F7JZMVKF?smid=ACUNARZFR75ET
2026-09-23T21:14:22-03:00,amazon,loja,Amazon,Lojas Colombo S/A,Smart TV TCL 55 Polegadas QD-Mini LED 4K C6K WiFi Bluetooth Google TV 4 HDMI 144Hz HDR10+ 55C6K,4533.72,,,,https://www.amazon.com.br/dp/B0F7JZMVKF?smid=A30OZFNW1RCCSM
2026-09-23T21:14:22-03:00,amazon,loja,Amazon,TCLSEMP.,Smart TV TCL 55 Polegadas QD-Mini LED 4K C6K WiFi Bluetooth Google TV 4 HDMI 144Hz HDR10+ 55C6K,3719.0,3533.05,"12x R$ 309,99 sem juros",,https://www.amazon.com.br/dp/B0F7JZMVKF?smid=A3R1Z59ZORN2J9
2026-09-23T21:14:22-03:00,mercadolivre,loja,Mercado Livre,,Smart Tv Tcl 55 Polegadas Qd-Mini Led 4k C6k Wifi Bluetooth Google Tv 4 Hdmi 144hz Hdr10+ 55c6k,5299.0,3989.0,,,https://www.mercadolivre.com.br/p/MLB48808732?pdp_filters=item_id%3AMLB6713012362
2026-09-23T21:14:22-03:00,mercadolivre,loja,Mercado Livre,Magalu,Smart Tv Tcl 55 Polegadas Qd-Mini Led 4k C6k Wifi Bluetooth Google Tv 4 Hdmi 144hz Hdr10+ 55c6k,3704.05,,"10x R$ 370,40 sem juros",,https://www.mercadolivre.com.br/p/MLB48808732?pdp_filters=item_id%3AMLB7574364080
2026-09-23T21:14:22-03:00,mercadolivre,loja,Mercado Livre,TCL,Smart Tv Tcl 55  Qled Mini Led 4k C6k Wifi Bluetooth 55c6k,3989.0,,"10x R$ 398,90 sem juros",,https://www.mercadolivre.com.br/smart-tv-tcl-55--qled-mini-led-4k-c6k-wifi-bluetooth-55c6k/up/MLBU3921703471
2026-09-23T21:14:22-03:00,aliexpress,loja,AliExpress,,"Smart TV 55"" TCL 4K UHD MiniLED 55C6K 120Hz Google TV AiPQ Google Assistente 4 HDMI 2 USB R$ 3.999 R$ 4.199 4.8 5.000+ vendido(s) Top vendas",3999.0,,,,https://pt.aliexpress.com/item/1005009459962683.html
2026-09-23T21:44:23-03:00,amazon,loja,Amazon,Imagem Hitech FULL,Smart TV TCL 55 Polegadas QD-Mini LED 4K C6K WiFi Bluetooth Google TV 4 HDMI 144Hz HDR10+ 55C6K,,3571.05,,,https://www.amazon.com.br/dp/B0F7JZMVKF?smid=A3POF6EIWE8R8
2026-09-23T21:44:23-03:00,amazon,loja,Amazon,Magalu.,Smart TV TCL 55 Polegadas QD-Mini LED 4K C6K WiFi Bluetooth Google TV 4 HDMI 144Hz HDR10+ 55C6K,,3504.63,,,https://www.amazon.com.br/dp/B0F7JZMVKF?smid=ACUNARZFR75ET
2026-09-23T21:44:23-03:00,amazon,loja,Amazon,Lojas Colombo S/A,Smart TV TCL 55 Polegadas QD-Mini LED 4K C6K WiFi Bluetooth Google TV 4 HDMI 144Hz HDR10+ 55C6K,4533.72,,,,https://www.amazon.com.br/dp/B0F7JZMVKF?smid=A30OZFNW1RCCSM
2026-09-23T21:44:23-03:00,amazon,loja,Amazon,TCLSEMP.,Smart TV TCL 55 Polegadas QD-Mini LED 4K C6K WiFi Bluetooth Google TV 4 HDMI 144Hz HDR10+ 55C6K,3719.0,3533.05,"12x R$ 309,99 sem juros",,https://www.amazon.com.br/dp/B0F7JZMVKF?smid=A3R1Z59ZORN2J9
2026-09-23T21:44:23-03:00,mercadolivre,loja,Mercado Livre,,Smart Tv Tcl 55 Polegadas Qd-Mini Led 4k C6k Wifi Bluetooth Google Tv 4 Hdmi 144hz Hdr10+ 55c6k,5299.0,3989.0,,,https://www.mercadolivre.com.br/p/MLB48808732?pdp_filters=item_id%3AMLB6713012362
2026-09-23T21:44:23-03:00,mercadolivre,loja,Mercado Livre,Magalu,Smart Tv Tcl 55 Polegadas Qd-Mini Led 4k C6k Wifi Bluetooth Google Tv 4 Hdmi 144hz Hdr10+ 55c6k,3704.05,,"10x R$ 370,40 sem juros",,https://www.mercadolivre.com.br/p/MLB48808732?pdp_filters=item_id%3AMLB7574364080
2026-09-23T21:44:23-03:00,mercadolivre,loja,Mercado Livre,TCL,Smart Tv Tcl 55  Qled Mini Led 4k C6k Wifi Bluetooth 55c6k,3989.0,,"10x R$ 398,90 sem juros",,https://www.mercadolivre.com.br/smart-tv-tcl-55--qled-mini-led-4k-c6k-wifi-bluetooth-55c6k/up/MLBU3921703471
2026-09-23T21:44:23-03:00,aliexpress,loja,AliExpress,,"Smart TV 55"" TCL 4K UHD MiniLED 55C6K 120Hz Google TV AiPQ Google Assistente 4 HDMI 2 USB R$ 3.999 R$ 4.199 4.8 5.000+ vendido(s) Top vendas",3999.0,,,,https://pt.aliexpress.com/item/1005009459962683.html
2026-09-23T22:14:43-03:00,amazon,loja,Amazon,Imagem Hitech FULL,Smart TV TCL 55 Polegadas QD-Mini LED 4K C6K WiFi Bluetooth Google TV 4 HDMI 144Hz HDR10+ 55C6K,,3571.05,,,https://www.amazon.com.br/dp/B0F7JZMVKF?smid=A3POF6EIWE8R8
2026-09-23T22:14:43-03:00,amazon,loja,Amazon,Magalu.,Smart TV TCL 55 Polegadas QD-Mini LED 4K C6K WiFi Bluetooth Google TV 4 HDMI 144Hz HDR10+ 55C6K,,3504.63,,,https://www.amazon.com.br/dp/B0F7JZMVKF?smid=ACUNARZFR75ET
2026-09-23T22:14:43-03:00,amazon,loja,Amazon,Lojas Colombo S/A,Smart TV TCL 55 Polegadas QD-Mini LED 4K C6K WiFi Bluetooth Google TV 4 HDMI 144Hz HDR10+ 55C6K,4533.72,,,,https://www.amazon.com.br/dp/B0F7JZMVKF?smid=A30OZFNW1RCCSM
2026-09-23T22:14:43-03:00,amazon,loja,Amazon,TCLSEMP.,Smart TV TCL 55 Polegadas QD-Mini LED 4K C6K WiFi Bluetooth Google TV 4 HDMI 144Hz HDR10+ 55C6K,3719.0,3533.05,"12x R$ 309,99 sem juros",,https://www.amazon.com.br/dp/B0F7JZMVKF?smid=A3R1Z59ZORN2J9
2026-09-23T22:14:43-03:00,mercadolivre,loja,Mercado Livre,Loja oficial Magalu,Smart Tv Tcl 55 Polegadas Qd-Mini Led 4k C6k Wifi Bluetooth Google Tv 4 Hdmi 144hz Hdr10+ 55c6k,3894.05,,,,https://www.mercadolivre.com.br/p/MLB48808732?pdp_filters=item_id%3AMLB7574364080
2026-09-23T22:14:43-03:00,mercadolivre,loja,Mercado Livre,TCL,Smart Tv Tcl 55 Polegadas Qd-Mini Led 4k C6k Wifi Bluetooth Google Tv 4 Hdmi 144hz Hdr10+ 55c6k,3989.0,,"10x R$ 398,90 sem juros",,https://www.mercadolivre.com.br/p/MLB48808732?pdp_filters=item_id%3AMLB6713012362
2026-09-23T22:14:43-03:00,mercadolivre,loja,Mercado Livre,CIPOLONI ELETRO,Smart TV 55 TCL 4K QLED Mini LED 55C6K,3698.0,,"10x R$ 369,89 sem juros",,https://www.mercadolivre.com.br/smart-tv-55-tcl-4k-qled-mini-led-55c6k/p/MLB50167055?pdp_filters=item_id%3AMLB7478180402
2026-09-23T22:14:43-03:00,mercadolivre,loja,Mercado Livre,TCL,Smart Tv Tcl 55  Qled Mini Led 4k C6k Wifi Bluetooth 55c6k,3989.0,,"10x R$ 398,90 sem juros",,https://www.mercadolivre.com.br/smart-tv-tcl-55--qled-mini-led-4k-c6k-wifi-bluetooth-55c6k/up/MLBU3921703471
2026-09-24T20:34:41-03:00,amazon,loja,Amazon,Amazon.com.br Política de devolução,Smart TV TCL 55 Polegadas QD-Mini LED 4K C6K WiFi Bluetooth Google TV 4 HDMI 144Hz HDR10+ 55C6K,3485.99,,,,https://www.amazon.com.br/dp/B0F7JZMVKF
2026-09-24T20:34:41-03:00,amazon,loja,Amazon,TCLSEMP.,Smart TV TCL 55 Polegadas QD-Mini LED 4K C6K WiFi Bluetooth Google TV 4 HDMI 144Hz HDR10+ 55C6K,,3533.05,,,https://www.amazon.com.br/dp/B0F7JZMVKF?smid=A3R1Z59ZORN2J9
2026-09-24T20:34:41-03:00,amazon,loja,Amazon,Imagem Hitech FULL,Smart TV TCL 55 Polegadas QD-Mini LED 4K C6K WiFi Bluetooth Google TV 4 HDMI 144Hz HDR10+ 55C6K,,3571.05,,,https://www.amazon.com.br/dp/B0F7JZMVKF?smid=A3POF6EIWE8R8
2026-09-24T20:34:41-03:00,amazon,loja,Amazon,Magalu.,Smart TV TCL 55 Polegadas QD-Mini LED 4K C6K WiFi Bluetooth Google TV 4 HDMI 144Hz HDR10+ 55C6K,,3504.63,,,https://www.amazon.com.br/dp/B0F7JZMVKF?smid=ACUNARZFR75ET
2026-09-24T20:34:41-03:00,amazon,loja,Amazon,Lojas Colombo S/A,Smart TV TCL 55 Polegadas QD-Mini LED 4K C6K WiFi Bluetooth Google TV 4 HDMI 144Hz HDR10+ 55C6K,4208.14,,,,https://www.amazon.com.br/dp/B0F7JZMVKF?smid=A30OZFNW1RCCSM
2026-09-24T20:34:41-03:00,amazon,loja,Amazon,,Smart TV TCL 55 Polegadas QD-Mini LED 4K C6K WiFi Bluetooth Google TV 4 HDMI 144Hz HDR10+ 55C6K,3485.99,,"12x R$ 290,60 sem juros",,https://www.amazon.com.br/dp/B0F7JZMVKF?smid=A1ZZFT5FULY4LN
2026-09-24T20:34:41-03:00,mercadolivre,loja,Mercado Livre,Magalu,Smart Tv Tcl 55 Polegadas Qd-Mini Led 4k C6k Wifi Bluetooth Google Tv 4 Hdmi 144hz Hdr10+ 55c6k,3894.05,,"10x R$ 389,40 sem juros",,https://www.mercadolivre.com.br/p/MLB48808732?pdp_filters=item_id%3AMLB7574364080
2026-09-24T20:34:41-03:00,aliexpress,loja,AliExpress,,"Smart TV 55"" TCL 4K UHD MiniLED 55C6K 120Hz Google TV AiPQ Google Assistente 4 HDMI 2 USB R$ 3.999 R$ 4.199 4.8 5.000+ vendido(s) Top vendas",3999.0,,,,https://pt.aliexpress.com/item/1005009459962683.html
2026-09-24T21:14:32-03:00,amazon,loja,Amazon,Amazon.com.br Política de devolução,Smart TV TCL 55 Polegadas QD-Mini LED 4K C6K WiFi Bluetooth Google TV 4 HDMI 144Hz HDR10+ 55C6K,3485.99,,,,https://www.amazon.com.br/dp/B0F7JZMVKF
2026-09-24T21:14:32-03:00,amazon,loja,Amazon,TCLSEMP.,Smart TV TCL 55 Polegadas QD-Mini LED 4K C6K WiFi Bluetooth Google TV 4 HDMI 144Hz HDR10+ 55C6K,,3533.05,,,https://www.amazon.com.br/dp/B0F7JZMVKF?smid=A3R1Z59ZORN2J9
2026-09-24T21:14:32-03:00,amazon,loja,Amazon,Imagem Hitech FULL,Smart TV TCL 55 Polegadas QD-Mini LED 4K C6K WiFi Bluetooth Google TV 4 HDMI 144Hz HDR10+ 55C6K,,3571.05,,,https://www.amazon.com.br/dp/B0F7JZMVKF?smid=A3POF6EIWE8R8
2026-09-24T21:14:32-03:00,amazon,loja,Amazon,Magalu.,Smart TV TCL 55 Polegadas QD-Mini LED 4K C6K WiFi Bluetooth Google TV 4 HDMI 144Hz HDR10+ 55C6K,,3504.63,,,https://www.amazon.com.br/dp/B0F7JZMVKF?smid=ACUNARZFR75ET
2026-09-24T21:14:32-03:00,amazon,loja,Amazon,Lojas Colombo S/A,Smart TV TCL 55 Polegadas QD-Mini LED 4K C6K WiFi Bluetooth Google TV 4 HDMI 144Hz HDR10+ 55C6K,4208.14,,,,https://www.amazon.com.br/dp/B0F7JZMVKF?smid=A30OZFNW1RCCSM
2026-09-24T21:14:32-03:00,amazon,loja,Amazon,,Smart TV TCL 55 Polegadas QD-Mini LED 4K C6K WiFi Bluetooth Google TV 4 HDMI 144Hz HDR10+ 55C6K,3485.99,,"12x R$ 290,60 sem juros",,https://www.amazon.com.br/dp/B0F7JZMVKF?smid=A1ZZFT5FULY4LN
2026-09-24T21:14:32-03:00,mercadolivre,loja,Mercado Livre,Magalu,Smart Tv Tcl 55 Polegadas Qd-Mini Led 4k C6k Wifi Bluetooth Google Tv 4 Hdmi 144hz Hdr10+ 55c6k,3894.05,,"10x R$ 389,40 sem juros",,https://www.mercadolivre.com.br/p/MLB48808732?pdp_filters=item_id%3AMLB7574364080
2026-09-24T21:14:32-03:00,aliexpress,loja,AliExpress,,"Smart TV 55"" TCL 4K UHD MiniLED 55C6K 120Hz Google TV AiPQ Google Assistente 4 HDMI 2 USB R$ 3.999 R$ 4.199 4.8 5.000+ vendido(s) Top vendas",3999.0,,,,https://pt.aliexpress.com/item/1005009459962683.html
2026-09-25T23:19:29-03:00,amazon,loja,Amazon,Amazon.com.br Política de devolução,Smart TV TCL 55 Polegadas QD-Mini LED 4K C6K WiFi Bluetooth Google TV 4 HDMI 144Hz HDR10+ 55C6K,3749.0,,,,https://www.amazon.com.br/dp/B0F7JZMVKF
2026-09-25T23:19:29-03:00,amazon,loja,Amazon,Imagem Hitech FULL,Smart TV TCL 55 Polegadas QD-Mini LED 4K C6K WiFi Bluetooth Google TV 4 HDMI 144Hz HDR10+ 55C6K,,3571.05,,,https://www.amazon.com.br/dp/B0F7JZMVKF?smid=A3POF6EIWE8R8
2026-09-25T23:19:29-03:00,amazon,loja,Amazon,Magalu.,Smart TV TCL 55 Polegadas QD-Mini LED 4K C6K WiFi Bluetooth Google TV 4 HDMI 144Hz HDR10+ 55C6K,,3699.34,,,https://www.amazon.com.br/dp/B0F7JZMVKF?smid=ACUNARZFR75ET
2026-09-25T23:19:29-03:00,amazon,loja,Amazon,Lojas Colombo S/A,Smart TV TCL 55 Polegadas QD-Mini LED 4K C6K WiFi Bluetooth Google TV 4 HDMI 144Hz HDR10+ 55C6K,4208.14,,,,https://www.amazon.com.br/dp/B0F7JZMVKF?smid=A30OZFNW1RCCSM
2026-09-25T23:19:29-03:00,amazon,loja,Amazon,TCLSEMP.,Smart TV TCL 55 Polegadas QD-Mini LED 4K C6K WiFi Bluetooth Google TV 4 HDMI 144Hz HDR10+ 55C6K,3719.0,3533.05,"12x R$ 309,99 sem juros",,https://www.amazon.com.br/dp/B0F7JZMVKF?smid=A3R1Z59ZORN2J9
2026-09-25T23:19:29-03:00,casasbahia,loja,Casas Bahia,Casas Bahia,Smart TV 55” TCL 55C6K 4K QD-Mini Led 144Hz Sistema Operacional Google TV,3998.98,3599.08,"10x R$ 399,90 sem juros (cartão Casas Bahia)",,https://www.casasbahia.com.br/smart-tv-55-tcl-55c6k-4k-qd-mini-led-144hz-sistema-operacional-google-tv/p/55069456
2026-09-25T23:19:29-03:00,mercadolivre,loja,Mercado Livre,Mercado Livre,Smart Tv Tcl 55 Polegadas Qd-Mini Led 4k C6k Wifi Bluetooth Google Tv 4 Hdmi 144hz Hdr10+ 55c6k,3491.03,,"10x R$ 359,90 sem juros",,https://www.mercadolivre.com.br/p/MLB48808732?pdp_filters=item_id%3AMLB5417889802
2026-09-25T23:19:29-03:00,mercadolivre,loja,Mercado Livre,Mercado Livre,Smart Tv Tcl 55  4k Qd-mini Led Google Tv 127/220v 55c6k,3599.0,,"10x R$ 359,90 sem juros",,https://www.mercadolivre.com.br/smart-tv-tcl-55--4k-qdmini-led-google-tv-127220v-55c6k/up/MLBU3165217359
2026-09-25T23:19:29-03:00,aliexpress,loja,AliExpress,,"Smart TV 55"" TCL 4K UHD MiniLED 55C6K 120Hz Google TV AiPQ Google Assistente 4 HDMI 2 USB R$ 3.999 R$ 4.199 4.8 5.000+ vendido(s) Top vendas",3999.0,,,,https://pt.aliexpress.com/item/1005009459962683.html
2026-09-25T23:44:50-03:00,amazon,loja,Amazon,Amazon.com.br Política de devolução,Smart TV TCL 55 Polegadas QD-Mini LED 4K C6K WiFi Bluetooth Google TV 4 HDMI 144Hz HDR10+ 55C6K,,3599.08,,,https://www.amazon.com.br/dp/B0F7JZMVKF
2026-09-25T23:44:50-03:00,amazon,loja,Amazon,Imagem Hitech FULL,Smart TV TCL 55 Polegadas QD-Mini LED 4K C6K WiFi Bluetooth Google TV 4 HDMI 144Hz HDR10+ 55C6K,,3571.05,,,https://www.amazon.com.br/dp/B0F7JZMVKF?smid=A3POF6EIWE8R8
2026-09-25T23:44:50-03:00,amazon,loja,Amazon,Magalu.,Smart TV TCL 55 Polegadas QD-Mini LED 4K C6K WiFi Bluetooth Google TV 4 HDMI 144Hz HDR10+ 55C6K,,3699.34,,,https://www.amazon.com.br/dp/B0F7JZMVKF?smid=ACUNARZFR75ET
2026-09-25T23:44:50-03:00,amazon,loja,Amazon,Lojas Colombo S/A,Smart TV TCL 55 Polegadas QD-Mini LED 4K C6K WiFi Bluetooth Google TV 4 HDMI 144Hz HDR10+ 55C6K,4208.14,,,,https://www.amazon.com.br/dp/B0F7JZMVKF?smid=A30OZFNW1RCCSM
2026-09-25T23:44:50-03:00,amazon,loja,Amazon,TCLSEMP.,Smart TV TCL 55 Polegadas QD-Mini LED 4K C6K WiFi Bluetooth Google TV 4 HDMI 144Hz HDR10+ 55C6K,3719.0,3533.05,"12x R$ 309,99 sem juros",,https://www.amazon.com.br/dp/B0F7JZMVKF?smid=A3R1Z59ZORN2J9
2026-09-25T23:44:50-03:00,mercadolivre,loja,Mercado Livre,Mercado Livre,Smart Tv Tcl 55 Polegadas Qd-Mini Led 4k C6k Wifi Bluetooth Google Tv 4 Hdmi 144hz Hdr10+ 55c6k,3491.03,,"10x R$ 359,90 sem juros",,https://www.mercadolivre.com.br/p/MLB48808732?pdp_filters=item_id%3AMLB5417889802
2026-09-25T23:44:50-03:00,aliexpress,loja,AliExpress,,"Smart TV 55"" TCL 4K UHD MiniLED 55C6K 120Hz Google TV AiPQ Google Assistente 4 HDMI 2 USB R$ 3.999 R$ 4.199 4.8 5.000+ vendido(s) Top vendas",3999.0,,,,https://pt.aliexpress.com/item/1005009459962683.html
2026-09-26T00:14:28-03:00,amazon,loja,Amazon,Amazon.com.br Política de devolução,Smart TV TCL 55 Polegadas QD-Mini LED 4K C6K WiFi Bluetooth Google TV 4 HDMI 144Hz HDR10+ 55C6K,,3599.08,,,https://www.amazon.com.br/dp/B0F7JZMVKF
2026-09-26T00:14:28-03:00,amazon,loja,Amazon,Imagem Hitech FULL,Smart TV TCL 55 Polegadas QD-Mini LED 4K C6K WiFi Bluetooth Google TV 4 HDMI 144Hz HDR10+ 55C6K,,3571.05,,,https://www.amazon.com.br/dp/B0F7JZMVKF?smid=A3POF6EIWE8R8
2026-09-26T00:14:28-03:00,amazon,loja,Amazon,Magalu.,Smart TV TCL 55 Polegadas QD-Mini LED 4K C6K WiFi Bluetooth Google TV 4 HDMI 144Hz HDR10+ 55C6K,,3699.34,,,https://www.amazon.com.br/dp/B0F7JZMVKF?smid=ACUNARZFR75ET
2026-09-26T00:14:28-03:00,amazon,loja,Amazon,Lojas Colombo S/A,Smart TV TCL 55 Polegadas QD-Mini LED 4K C6K WiFi Bluetooth Google TV 4 HDMI 144Hz HDR10+ 55C6K,4208.14,,,,https://www.amazon.com.br/dp/B0F7JZMVKF?smid=A30OZFNW1RCCSM
2026-09-26T00:14:28-03:00,amazon,loja,Amazon,TCLSEMP.,Smart TV TCL 55 Polegadas QD-Mini LED 4K C6K WiFi Bluetooth Google TV 4 HDMI 144Hz HDR10+ 55C6K,3719.0,3533.05,"12x R$ 309,99 sem juros",,https://www.amazon.com.br/dp/B0F7JZMVKF?smid=A3R1Z59ZORN2J9
2026-09-26T00:14:28-03:00,mercadolivre,loja,Mercado Livre,Mercado Livre,Smart Tv Tcl 55 Polegadas Qd-Mini Led 4k C6k Wifi Bluetooth Google Tv 4 Hdmi 144hz Hdr10+ 55c6k,3491.03,,"10x R$ 359,90 sem juros",,https://www.mercadolivre.com.br/p/MLB48808732?pdp_filters=item_id%3AMLB5417889802
2026-09-26T00:14:28-03:00,mercadolivre,loja,Mercado Livre,Mercado Livre,Smart Tv Tcl 55  4k Qd-mini Led Google Tv 127/220v 55c6k,3599.0,,"10x R$ 359,90 sem juros",,https://www.mercadolivre.com.br/smart-tv-tcl-55--4k-qdmini-led-google-tv-127220v-55c6k/up/MLBU3165217359
2026-09-26T00:14:28-03:00,aliexpress,loja,AliExpress,,"Smart TV 55"" TCL 4K UHD MiniLED 55C6K 120Hz Google TV AiPQ Google Assistente 4 HDMI 2 USB R$ 3.999 R$ 4.199 4.8 5.000+ vendido(s) Top vendas",3999.0,,,,https://pt.aliexpress.com/item/1005009459962683.html
2026-09-26T11:14:35-03:00,amazon,loja,Amazon,Amazon.com.br Política de devolução,Smart TV TCL 55 Polegadas QD-Mini LED 4K C6K WiFi Bluetooth Google TV 4 HDMI 144Hz HDR10+ 55C6K,,3599.08,,,https://www.amazon.com.br/dp/B0F7JZMVKF
2026-09-26T11:14:35-03:00,amazon,loja,Amazon,Imagem Hitech FULL,Smart TV TCL 55 Polegadas QD-Mini LED 4K C6K WiFi Bluetooth Google TV 4 HDMI 144Hz HDR10+ 55C6K,,3571.05,,,https://www.amazon.com.br/dp/B0F7JZMVKF?smid=A3POF6EIWE8R8
2026-09-26T11:14:35-03:00,amazon,loja,Amazon,Magalu.,Smart TV TCL 55 Polegadas QD-Mini LED 4K C6K WiFi Bluetooth Google TV 4 HDMI 144Hz HDR10+ 55C6K,,3699.34,,,https://www.amazon.com.br/dp/B0F7JZMVKF?smid=ACUNARZFR75ET
2026-09-26T11:14:35-03:00,amazon,loja,Amazon,Lojas Colombo S/A,Smart TV TCL 55 Polegadas QD-Mini LED 4K C6K WiFi Bluetooth Google TV 4 HDMI 144Hz HDR10+ 55C6K,4208.14,,,,https://www.amazon.com.br/dp/B0F7JZMVKF?smid=A30OZFNW1RCCSM
2026-09-26T11:14:35-03:00,amazon,loja,Amazon,TCLSEMP.,Smart TV TCL 55 Polegadas QD-Mini LED 4K C6K WiFi Bluetooth Google TV 4 HDMI 144Hz HDR10+ 55C6K,3719.0,3533.05,"12x R$ 309,99 sem juros",,https://www.amazon.com.br/dp/B0F7JZMVKF?smid=A3R1Z59ZORN2J9
2026-09-26T11:14:35-03:00,mercadolivre,loja,Mercado Livre,,Smart Tv Tcl 55 Polegadas Qd-Mini Led 4k C6k Wifi Bluetooth Google Tv 4 Hdmi 144hz Hdr10+ 55c6k,5299.0,3989.0,,,https://www.mercadolivre.com.br/p/MLB48808732?pdp_filters=item_id%3AMLB6713012362
2026-09-26T11:14:35-03:00,mercadolivre,loja,Mercado Livre,Mercado Livre,Smart Tv Tcl 55 Polegadas Qd-Mini Led 4k C6k Wifi Bluetooth Google Tv 4 Hdmi 144hz Hdr10+ 55c6k,3491.03,,"10x R$ 359,90 sem juros",,https://www.mercadolivre.com.br/p/MLB48808732?pdp_filters=item_id%3AMLB5417889802
2026-09-26T11:14:35-03:00,mercadolivre,loja,Mercado Livre,TCL,Smart Tv Tcl 55  Qled Mini Led 4k C6k Wifi Bluetooth 55c6k,3989.0,,"10x R$ 398,90 sem juros",,https://www.mercadolivre.com.br/smart-tv-tcl-55--qled-mini-led-4k-c6k-wifi-bluetooth-55c6k/up/MLBU3921703471
2026-09-26T11:14:35-03:00,aliexpress,loja,AliExpress,,"Smart TV 55"" TCL 4K UHD MiniLED 55C6K 120Hz Google TV AiPQ Google Assistente 4 HDMI 2 USB R$ 3.999 R$ 4.199 4.8 5.000+ vendido(s) Top vendas",3999.0,,,,https://pt.aliexpress.com/item/1005009459962683.html
2026-09-26T11:44:31-03:00,amazon,loja,Amazon,Amazon.com.br Política de devolução,Smart TV TCL 55 Polegadas QD-Mini LED 4K C6K WiFi Bluetooth Google TV 4 HDMI 144Hz HDR10+ 55C6K,,3599.08,,,https://www.amazon.com.br/dp/B0F7JZMVKF
2026-09-26T11:44:31-03:00,amazon,loja,Amazon,Imagem Hitech FULL,Smart TV TCL 55 Polegadas QD-Mini LED 4K C6K WiFi Bluetooth Google TV 4 HDMI 144Hz HDR10+ 55C6K,,3571.05,,,https://www.amazon.com.br/dp/B0F7JZMVKF?smid=A3POF6EIWE8R8
2026-09-26T11:44:31-03:00,amazon,loja,Amazon,Magalu.,Smart TV TCL 55 Polegadas QD-Mini LED 4K C6K WiFi Bluetooth Google TV 4 HDMI 144Hz HDR10+ 55C6K,,3699.34,,,https://www.amazon.com.br/dp/B0F7JZMVKF?smid=ACUNARZFR75ET
2026-09-26T11:44:31-03:00,amazon,loja,Amazon,Lojas Colombo S/A,Smart TV TCL 55 Polegadas QD-Mini LED 4K C6K WiFi Bluetooth Google TV 4 HDMI 144Hz HDR10+ 55C6K,4208.14,,,,https://www.amazon.com.br/dp/B0F7JZMVKF?smid=A30OZFNW1RCCSM
2026-09-26T11:44:31-03:00,amazon,loja,Amazon,TCLSEMP.,Smart TV TCL 55 Polegadas QD-Mini LED 4K C6K WiFi Bluetooth Google TV 4 HDMI 144Hz HDR10+ 55C6K,3719.0,3533.05,"12x R$ 309,99 sem juros",,https://www.amazon.com.br/dp/B0F7JZMVKF?smid=A3R1Z59ZORN2J9
2026-09-26T11:44:31-03:00,mercadolivre,loja,Mercado Livre,,Smart Tv Tcl 55 Polegadas Qd-Mini Led 4k C6k Wifi Bluetooth Google Tv 4 Hdmi 144hz Hdr10+ 55c6k,5299.0,3989.0,,,https://www.mercadolivre.com.br/p/MLB48808732?pdp_filters=item_id%3AMLB6713012362
2026-09-26T11:44:31-03:00,mercadolivre,loja,Mercado Livre,Mercado Livre,Smart Tv Tcl 55 Polegadas Qd-Mini Led 4k C6k Wifi Bluetooth Google Tv 4 Hdmi 144hz Hdr10+ 55c6k,3491.03,,"10x R$ 359,90 sem juros",,https://www.mercadolivre.com.br/p/MLB48808732?pdp_filters=item_id%3AMLB5417889802
2026-09-26T11:44:31-03:00,mercadolivre,loja,Mercado Livre,TCL,Smart Tv Tcl 55  Qled Mini Led 4k C6k Wifi Bluetooth 55c6k,3989.0,,"10x R$ 398,90 sem juros",,https://www.mercadolivre.com.br/smart-tv-tcl-55--qled-mini-led-4k-c6k-wifi-bluetooth-55c6k/up/MLBU3921703471
2026-09-26T11:44:31-03:00,aliexpress,loja,AliExpress,,"Smart TV 55"" TCL 4K UHD MiniLED 55C6K 120Hz Google TV AiPQ Google Assistente 4 HDMI 2 USB R$ 3.999 R$ 4.199 4.8 5.000+ vendido(s) Top vendas",3999.0,,,,https://pt.aliexpress.com/item/1005009459962683.html
2026-09-26T12:14:45-03:00,amazon,loja,Amazon,Amazon.com.br Política de devolução,Smart TV TCL 55 Polegadas QD-Mini LED 4K C6K WiFi Bluetooth Google TV 4 HDMI 144Hz HDR10+ 55C6K,,3599.08,,,https://www.amazon.com.br/dp/B0F7JZMVKF
2026-09-26T12:14:45-03:00,amazon,loja,Amazon,Imagem Hitech FULL,Smart TV TCL 55 Polegadas QD-Mini LED 4K C6K WiFi Bluetooth Google TV 4 HDMI 144Hz HDR10+ 55C6K,,3571.05,,,https://www.amazon.com.br/dp/B0F7JZMVKF?smid=A3POF6EIWE8R8
2026-09-26T12:14:45-03:00,amazon,loja,Amazon,Magalu.,Smart TV TCL 55 Polegadas QD-Mini LED 4K C6K WiFi Bluetooth Google TV 4 HDMI 144Hz HDR10+ 55C6K,,3699.34,,,https://www.amazon.com.br/dp/B0F7JZMVKF?smid=ACUNARZFR75ET
2026-09-26T12:14:45-03:00,amazon,loja,Amazon,Lojas Colombo S/A,Smart TV TCL 55 Polegadas QD-Mini LED 4K C6K WiFi Bluetooth Google TV 4 HDMI 144Hz HDR10+ 55C6K,4208.14,,,,https://www.amazon.com.br/dp/B0F7JZMVKF?smid=A30OZFNW1RCCSM
2026-09-26T12:14:45-03:00,amazon,loja,Amazon,TCLSEMP.,Smart TV TCL 55 Polegadas QD-Mini LED 4K C6K WiFi Bluetooth Google TV 4 HDMI 144Hz HDR10+ 55C6K,3719.0,3533.05,"12x R$ 309,99 sem juros",,https://www.amazon.com.br/dp/B0F7JZMVKF?smid=A3R1Z59ZORN2J9
2026-09-26T12:14:45-03:00,mercadolivre,loja,Mercado Livre,,Smart Tv Tcl 55 Polegadas Qd-Mini Led 4k C6k Wifi Bluetooth Google Tv 4 Hdmi 144hz Hdr10+ 55c6k,5299.0,3989.0,,,https://www.mercadolivre.com.br/p/MLB48808732?pdp_filters=item_id%3AMLB6713012362
2026-09-26T12:14:45-03:00,mercadolivre,loja,Mercado Livre,Mercado Livre,Smart Tv Tcl 55 Polegadas Qd-Mini Led 4k C6k Wifi Bluetooth Google Tv 4 Hdmi 144hz Hdr10+ 55c6k,3491.03,,"10x R$ 359,90 sem juros",,https://www.mercadolivre.com.br/p/MLB48808732?pdp_filters=item_id%3AMLB5417889802
2026-09-26T12:14:45-03:00,mercadolivre,loja,Mercado Livre,Mercado Livre,Smart Tv Tcl 55  4k Qd-mini Led Google Tv 127/220v 55c6k,3599.0,,"10x R$ 359,90 sem juros",,https://www.mercadolivre.com.br/smart-tv-tcl-55--4k-qdmini-led-google-tv-127220v-55c6k/up/MLBU3165217359
2026-09-26T12:14:45-03:00,mercadolivre,loja,Mercado Livre,TCL,Smart Tv Tcl 55  Qled Mini Led 4k C6k Wifi Bluetooth 55c6k,3989.0,,"10x R$ 398,90 sem juros",,https://www.mercadolivre.com.br/smart-tv-tcl-55--qled-mini-led-4k-c6k-wifi-bluetooth-55c6k/up/MLBU3921703471
2026-09-26T12:14:45-03:00,aliexpress,loja,AliExpress,,"Smart TV 55"" TCL 4K UHD MiniLED 55C6K 120Hz Google TV AiPQ Google Assistente 4 HDMI 2 USB R$ 3.999 R$ 4.199 4.8 5.000+ vendido(s) Top vendas",3999.0,,,,https://pt.aliexpress.com/item/1005009459962683.html
2026-09-26T12:44:25-03:00,amazon,loja,Amazon,Amazon.com.br Política de devolução,Smart TV TCL 55 Polegadas QD-Mini LED 4K C6K WiFi Bluetooth Google TV 4 HDMI 144Hz HDR10+ 55C6K,,3599.08,,,https://www.amazon.com.br/dp/B0F7JZMVKF
2026-09-26T12:44:25-03:00,amazon,loja,Amazon,Imagem Hitech FULL,Smart TV TCL 55 Polegadas QD-Mini LED 4K C6K WiFi Bluetooth Google TV 4 HDMI 144Hz HDR10+ 55C6K,,3571.05,,,https://www.amazon.com.br/dp/B0F7JZMVKF?smid=A3POF6EIWE8R8
2026-09-26T12:44:25-03:00,amazon,loja,Amazon,Magalu.,Smart TV TCL 55 Polegadas QD-Mini LED 4K C6K WiFi Bluetooth Google TV 4 HDMI 144Hz HDR10+ 55C6K,,3699.34,,,https://www.amazon.com.br/dp/B0F7JZMVKF?smid=ACUNARZFR75ET
2026-09-26T12:44:25-03:00,amazon,loja,Amazon,Lojas Colombo S/A,Smart TV TCL 55 Polegadas QD-Mini LED 4K C6K WiFi Bluetooth Google TV 4 HDMI 144Hz HDR10+ 55C6K,4208.14,,,,https://www.amazon.com.br/dp/B0F7JZMVKF?smid=A30OZFNW1RCCSM
2026-09-26T12:44:25-03:00,amazon,loja,Amazon,TCLSEMP.,Smart TV TCL 55 Polegadas QD-Mini LED 4K C6K WiFi Bluetooth Google TV 4 HDMI 144Hz HDR10+ 55C6K,3719.0,3533.05,"12x R$ 309,99 sem juros",,https://www.amazon.com.br/dp/B0F7JZMVKF?smid=A3R1Z59ZORN2J9
2026-09-26T12:44:25-03:00,mercadolivre,loja,Mercado Livre,,Smart Tv Tcl 55 Polegadas Qd-Mini Led 4k C6k Wifi Bluetooth Google Tv 4 Hdmi 144hz Hdr10+ 55c6k,5299.0,3989.0,,,https://www.mercadolivre.com.br/p/MLB48808732?pdp_filters=item_id%3AMLB6713012362
2026-09-26T12:44:25-03:00,mercadolivre,loja,Mercado Livre,Mercado Livre,Smart Tv Tcl 55 Polegadas Qd-Mini Led 4k C6k Wifi Bluetooth Google Tv 4 Hdmi 144hz Hdr10+ 55c6k,3491.03,,"10x R$ 359,90 sem juros",,https://www.mercadolivre.com.br/p/MLB48808732?pdp_filters=item_id%3AMLB5417889802
2026-09-26T12:44:25-03:00,mercadolivre,loja,Mercado Livre,Mercado Livre,Smart Tv Tcl 55  4k Qd-mini Led Google Tv 127/220v 55c6k,3599.0,,"10x R$ 359,90 sem juros",,https://www.mercadolivre.com.br/smart-tv-tcl-55--4k-qdmini-led-google-tv-127220v-55c6k/up/MLBU3165217359
2026-09-26T12:44:25-03:00,mercadolivre,loja,Mercado Livre,TCL,Smart Tv Tcl 55  Qled Mini Led 4k C6k Wifi Bluetooth 55c6k,3989.0,,"10x R$ 398,90 sem juros",,https://www.mercadolivre.com.br/smart-tv-tcl-55--qled-mini-led-4k-c6k-wifi-bluetooth-55c6k/up/MLBU3921703471
2026-09-26T12:44:25-03:00,aliexpress,loja,AliExpress,,"Smart TV 55"" TCL 4K UHD MiniLED 55C6K 120Hz Google TV AiPQ Google Assistente 4 HDMI 2 USB R$ 3.999 R$ 4.199 4.8 5.000+ vendido(s) Top vendas",3999.0,,,,https://pt.aliexpress.com/item/1005009459962683.html
2026-09-26T13:14:46-03:00,amazon,loja,Amazon,Amazon.com.br Política de devolução,Smart TV TCL 55 Polegadas QD-Mini LED 4K C6K WiFi Bluetooth Google TV 4 HDMI 144Hz HDR10+ 55C6K,,3599.08,,,https://www.amazon.com.br/dp/B0F7JZMVKF
2026-09-26T13:14:46-03:00,amazon,loja,Amazon,Imagem Hitech FULL,Smart TV TCL 55 Polegadas QD-Mini LED 4K C6K WiFi Bluetooth Google TV 4 HDMI 144Hz HDR10+ 55C6K,,3571.05,,,https://www.amazon.com.br/dp/B0F7JZMVKF?smid=A3POF6EIWE8R8
2026-09-26T13:14:46-03:00,amazon,loja,Amazon,Magalu.,Smart TV TCL 55 Polegadas QD-Mini LED 4K C6K WiFi Bluetooth Google TV 4 HDMI 144Hz HDR10+ 55C6K,,3699.34,,,https://www.amazon.com.br/dp/B0F7JZMVKF?smid=ACUNARZFR75ET
2026-09-26T13:14:46-03:00,amazon,loja,Amazon,Lojas Colombo S/A,Smart TV TCL 55 Polegadas QD-Mini LED 4K C6K WiFi Bluetooth Google TV 4 HDMI 144Hz HDR10+ 55C6K,4208.14,,,,https://www.amazon.com.br/dp/B0F7JZMVKF?smid=A30OZFNW1RCCSM
2026-09-26T13:14:46-03:00,amazon,loja,Amazon,TCLSEMP.,Smart TV TCL 55 Polegadas QD-Mini LED 4K C6K WiFi Bluetooth Google TV 4 HDMI 144Hz HDR10+ 55C6K,3719.0,3533.05,"12x R$ 309,99 sem juros",,https://www.amazon.com.br/dp/B0F7JZMVKF?smid=A3R1Z59ZORN2J9
2026-09-26T13:14:46-03:00,mercadolivre,loja,Mercado Livre,,Smart Tv Tcl 55 Polegadas Qd-Mini Led 4k C6k Wifi Bluetooth Google Tv 4 Hdmi 144hz Hdr10+ 55c6k,5299.0,3989.0,,,https://www.mercadolivre.com.br/p/MLB48808732?pdp_filters=item_id%3AMLB6713012362
2026-09-26T13:14:46-03:00,mercadolivre,loja,Mercado Livre,Mercado Livre,Smart Tv Tcl 55 Polegadas Qd-Mini Led 4k C6k Wifi Bluetooth Google Tv 4 Hdmi 144hz Hdr10+ 55c6k,3491.03,,"10x R$ 359,90 sem juros",,https://www.mercadolivre.com.br/p/MLB48808732?pdp_filters=item_id%3AMLB5417889802
2026-09-26T13:14:46-03:00,mercadolivre,loja,Mercado Livre,TCL,Smart Tv Tcl 55  Qled Mini Led 4k C6k Wifi Bluetooth 55c6k,3989.0,,"10x R$ 398,90 sem juros",,https://www.mercadolivre.com.br/smart-tv-tcl-55--qled-mini-led-4k-c6k-wifi-bluetooth-55c6k/up/MLBU3921703471
2026-09-26T13:14:46-03:00,aliexpress,loja,AliExpress,,"Smart TV 55"" TCL 4K UHD MiniLED 55C6K 120Hz Google TV AiPQ Google Assistente 4 HDMI 2 USB R$ 3.999 R$ 4.199 4.8 5.000+ vendido(s) Top vendas",3999.0,,,,https://pt.aliexpress.com/item/1005009459962683.html
2026-09-26T13:44:49-03:00,amazon,loja,Amazon,Amazon.com.br Política de devolução,Smart TV TCL 55 Polegadas QD-Mini LED 4K C6K WiFi Bluetooth Google TV 4 HDMI 144Hz HDR10+ 55C6K,,3599.08,,,https://www.amazon.com.br/dp/B0F7JZMVKF
2026-09-26T13:44:49-03:00,amazon,loja,Amazon,Imagem Hitech FULL,Smart TV TCL 55 Polegadas QD-Mini LED 4K C6K WiFi Bluetooth Google TV 4 HDMI 144Hz HDR10+ 55C6K,,3571.05,,,https://www.amazon.com.br/dp/B0F7JZMVKF?smid=A3POF6EIWE8R8
2026-09-26T13:44:49-03:00,amazon,loja,Amazon,Magalu.,Smart TV TCL 55 Polegadas QD-Mini LED 4K C6K WiFi Bluetooth Google TV 4 HDMI 144Hz HDR10+ 55C6K,,3699.34,,,https://www.amazon.com.br/dp/B0F7JZMVKF?smid=ACUNARZFR75ET
2026-09-26T13:44:49-03:00,amazon,loja,Amazon,Lojas Colombo S/A,Smart TV TCL 55 Polegadas QD-Mini LED 4K C6K WiFi Bluetooth Google TV 4 HDMI 144Hz HDR10+ 55C6K,4208.14,,,,https://www.amazon.com.br/dp/B0F7JZMVKF?smid=A30OZFNW1RCCSM
2026-09-26T13:44:49-03:00,amazon,loja,Amazon,TCLSEMP.,Smart TV TCL 55 Polegadas QD-Mini LED 4K C6K WiFi Bluetooth Google TV 4 HDMI 144Hz HDR10+ 55C6K,3719.0,3533.05,"12x R$ 309,99 sem juros",,https://www.amazon.com.br/dp/B0F7JZMVKF?smid=A3R1Z59ZORN2J9
2026-09-26T13:44:49-03:00,mercadolivre,loja,Mercado Livre,,Smart Tv Tcl 55 Polegadas Qd-Mini Led 4k C6k Wifi Bluetooth Google Tv 4 Hdmi 144hz Hdr10+ 55c6k,5299.0,3989.0,,,https://www.mercadolivre.com.br/p/MLB48808732?pdp_filters=item_id%3AMLB6713012362
2026-09-26T13:44:49-03:00,mercadolivre,loja,Mercado Livre,Mercado Livre,Smart Tv Tcl 55 Polegadas Qd-Mini Led 4k C6k Wifi Bluetooth Google Tv 4 Hdmi 144hz Hdr10+ 55c6k,3491.03,,"10x R$ 359,90 sem juros",,https://www.mercadolivre.com.br/p/MLB48808732?pdp_filters=item_id%3AMLB5417889802
2026-09-26T13:44:49-03:00,mercadolivre,loja,Mercado Livre,TCL,Smart Tv Tcl 55  Qled Mini Led 4k C6k Wifi Bluetooth 55c6k,3989.0,,"10x R$ 398,90 sem juros",,https://www.mercadolivre.com.br/smart-tv-tcl-55--qled-mini-led-4k-c6k-wifi-bluetooth-55c6k/up/MLBU3921703471
2026-09-26T13:44:49-03:00,aliexpress,loja,AliExpress,,"Smart TV 55"" TCL 4K UHD MiniLED 55C6K 120Hz Google TV AiPQ Google Assistente 4 HDMI 2 USB R$ 3.999 R$ 4.199 4.8 5.000+ vendido(s) Top vendas",3999.0,,,,https://pt.aliexpress.com/item/1005009459962683.html
2026-09-26T14:14:21-03:00,amazon,loja,Amazon,Amazon.com.br Política de devolução,Smart TV TCL 55 Polegadas QD-Mini LED 4K C6K WiFi Bluetooth Google TV 4 HDMI 144Hz HDR10+ 55C6K,,3599.08,,,https://www.amazon.com.br/dp/B0F7JZMVKF
2026-09-26T14:14:21-03:00,amazon,loja,Amazon,Imagem Hitech FULL,Smart TV TCL 55 Polegadas QD-Mini LED 4K C6K WiFi Bluetooth Google TV 4 HDMI 144Hz HDR10+ 55C6K,,3571.05,,,https://www.amazon.com.br/dp/B0F7JZMVKF?smid=A3POF6EIWE8R8
2026-09-26T14:14:21-03:00,amazon,loja,Amazon,Magalu.,Smart TV TCL 55 Polegadas QD-Mini LED 4K C6K WiFi Bluetooth Google TV 4 HDMI 144Hz HDR10+ 55C6K,,3699.34,,,https://www.amazon.com.br/dp/B0F7JZMVKF?smid=ACUNARZFR75ET
2026-09-26T14:14:21-03:00,amazon,loja,Amazon,Lojas Colombo S/A,Smart TV TCL 55 Polegadas QD-Mini LED 4K C6K WiFi Bluetooth Google TV 4 HDMI 144Hz HDR10+ 55C6K,4208.14,,,,https://www.amazon.com.br/dp/B0F7JZMVKF?smid=A30OZFNW1RCCSM
2026-09-26T14:14:21-03:00,amazon,loja,Amazon,TCLSEMP.,Smart TV TCL 55 Polegadas QD-Mini LED 4K C6K WiFi Bluetooth Google TV 4 HDMI 144Hz HDR10+ 55C6K,3719.0,3533.05,"12x R$ 309,99 sem juros",,https://www.amazon.com.br/dp/B0F7JZMVKF?smid=A3R1Z59ZORN2J9
2026-09-26T14:14:21-03:00,mercadolivre,loja,Mercado Livre,,Smart Tv Tcl 55 Polegadas Qd-Mini Led 4k C6k Wifi Bluetooth Google Tv 4 Hdmi 144hz Hdr10+ 55c6k,5299.0,3989.0,,,https://www.mercadolivre.com.br/p/MLB48808732?pdp_filters=item_id%3AMLB6713012362
2026-09-26T14:14:21-03:00,mercadolivre,loja,Mercado Livre,Mercado Livre,Smart Tv Tcl 55 Polegadas Qd-Mini Led 4k C6k Wifi Bluetooth Google Tv 4 Hdmi 144hz Hdr10+ 55c6k,3491.03,,"10x R$ 359,90 sem juros",,https://www.mercadolivre.com.br/p/MLB48808732?pdp_filters=item_id%3AMLB5417889802
2026-09-26T14:14:21-03:00,mercadolivre,loja,Mercado Livre,Mercado Livre,Smart Tv Tcl 55  4k Qd-mini Led Google Tv 127/220v 55c6k,3599.0,,"10x R$ 359,90 sem juros",,https://www.mercadolivre.com.br/smart-tv-tcl-55--4k-qdmini-led-google-tv-127220v-55c6k/up/MLBU3165217359
2026-09-26T14:14:21-03:00,mercadolivre,loja,Mercado Livre,TCL,Smart Tv Tcl 55  Qled Mini Led 4k C6k Wifi Bluetooth 55c6k,3989.0,,"10x R$ 398,90 sem juros",,https://www.mercadolivre.com.br/smart-tv-tcl-55--qled-mini-led-4k-c6k-wifi-bluetooth-55c6k/up/MLBU3921703471
2026-09-26T14:14:21-03:00,aliexpress,loja,AliExpress,,"Smart TV 55"" TCL 4K UHD MiniLED 55C6K 120Hz Google TV AiPQ Google Assistente 4 HDMI 2 USB R$ 3.999 R$ 4.199 4.8 5.000+ vendido(s) Top vendas",3999.0,,,,https://pt.aliexpress.com/item/1005009459962683.html
2026-09-26T14:44:43-03:00,amazon,loja,Amazon,Amazon.com.br Política de devolução,Smart TV TCL 55 Polegadas QD-Mini LED 4K C6K WiFi Bluetooth Google TV 4 HDMI 144Hz HDR10+ 55C6K,,3599.08,,,https://www.amazon.com.br/dp/B0F7JZMVKF
2026-09-26T14:44:43-03:00,amazon,loja,Amazon,Imagem Hitech FULL,Smart TV TCL 55 Polegadas QD-Mini LED 4K C6K WiFi Bluetooth Google TV 4 HDMI 144Hz HDR10+ 55C6K,,3571.05,,,https://www.amazon.com.br/dp/B0F7JZMVKF?smid=A3POF6EIWE8R8
2026-09-26T14:44:43-03:00,amazon,loja,Amazon,Magalu.,Smart TV TCL 55 Polegadas QD-Mini LED 4K C6K WiFi Bluetooth Google TV 4 HDMI 144Hz HDR10+ 55C6K,,3699.34,,,https://www.amazon.com.br/dp/B0F7JZMVKF?smid=ACUNARZFR75ET
2026-09-26T14:44:43-03:00,amazon,loja,Amazon,Lojas Colombo S/A,Smart TV TCL 55 Polegadas QD-Mini LED 4K C6K WiFi Bluetooth Google TV 4 HDMI 144Hz HDR10+ 55C6K,4208.14,,,,https://www.amazon.com.br/dp/B0F7JZMVKF?smid=A30OZFNW1RCCSM
2026-09-26T14:44:43-03:00,amazon,loja,Amazon,TCLSEMP.,Smart TV TCL 55 Polegadas QD-Mini LED 4K C6K WiFi Bluetooth Google TV 4 HDMI 144Hz HDR10+ 55C6K,3719.0,3533.05,"12x R$ 309,99 sem juros",,https://www.amazon.com.br/dp/B0F7JZMVKF?smid=A3R1Z59ZORN2J9
2026-09-26T14:44:43-03:00,mercadolivre,loja,Mercado Livre,,Smart Tv Tcl 55 Polegadas Qd-Mini Led 4k C6k Wifi Bluetooth Google Tv 4 Hdmi 144hz Hdr10+ 55c6k,5299.0,3989.0,,,https://www.mercadolivre.com.br/p/MLB48808732?pdp_filters=item_id%3AMLB6713012362
2026-09-26T14:44:43-03:00,mercadolivre,loja,Mercado Livre,Mercado Livre,Smart Tv Tcl 55 Polegadas Qd-Mini Led 4k C6k Wifi Bluetooth Google Tv 4 Hdmi 144hz Hdr10+ 55c6k,3491.03,,"10x R$ 359,90 sem juros",,https://www.mercadolivre.com.br/p/MLB48808732?pdp_filters=item_id%3AMLB5417889802
2026-09-26T14:44:43-03:00,mercadolivre,loja,Mercado Livre,TCL,Smart Tv Tcl 55  Qled Mini Led 4k C6k Wifi Bluetooth 55c6k,3989.0,,"10x R$ 398,90 sem juros",,https://www.mercadolivre.com.br/smart-tv-tcl-55--qled-mini-led-4k-c6k-wifi-bluetooth-55c6k/up/MLBU3921703471
2026-09-26T14:44:43-03:00,aliexpress,loja,AliExpress,,"Smart TV 55"" TCL 4K UHD MiniLED 55C6K 120Hz Google TV AiPQ Google Assistente 4 HDMI 2 USB R$ 3.999 R$ 4.199 4.8 5.000+ vendido(s) Top vendas",3999.0,,,,https://pt.aliexpress.com/item/1005009459962683.html
2026-09-26T16:53:04-03:00,amazon,loja,Amazon,Amazon.com.br Política de devolução,Smart TV TCL 55 Polegadas QD-Mini LED 4K C6K WiFi Bluetooth Google TV 4 HDMI 144Hz HDR10+ 55C6K,,3491.03,,,https://www.amazon.com.br/dp/B0F7JZMVKF
2026-09-26T16:53:04-03:00,amazon,loja,Amazon,TCLSEMP.,Smart TV TCL 55 Polegadas QD-Mini LED 4K C6K WiFi Bluetooth Google TV 4 HDMI 144Hz HDR10+ 55C6K,,3533.05,,,https://www.amazon.com.br/dp/B0F7JZMVKF?smid=A3R1Z59ZORN2J9
2026-09-26T16:53:04-03:00,amazon,loja,Amazon,Imagem Hitech FULL,Smart TV TCL 55 Polegadas QD-Mini LED 4K C6K WiFi Bluetooth Google TV 4 HDMI 144Hz HDR10+ 55C6K,,3571.05,,,https://www.amazon.com.br/dp/B0F7JZMVKF?smid=A3POF6EIWE8R8
2026-09-26T16:53:04-03:00,amazon,loja,Amazon,Magalu.,Smart TV TCL 55 Polegadas QD-Mini LED 4K C6K WiFi Bluetooth Google TV 4 HDMI 144Hz HDR10+ 55C6K,,3699.34,,,https://www.amazon.com.br/dp/B0F7JZMVKF?smid=ACUNARZFR75ET
2026-09-26T16:53:04-03:00,amazon,loja,Amazon,Lojas Colombo S/A,Smart TV TCL 55 Polegadas QD-Mini LED 4K C6K WiFi Bluetooth Google TV 4 HDMI 144Hz HDR10+ 55C6K,4208.14,,,,https://www.amazon.com.br/dp/B0F7JZMVKF?smid=A30OZFNW1RCCSM
2026-09-26T16:53:04-03:00,amazon,loja,Amazon,,Smart TV TCL 55 Polegadas QD-Mini LED 4K C6K WiFi Bluetooth Google TV 4 HDMI 144Hz HDR10+ 55C6K,3599.0,3491.03,"12x R$ 299,99 sem juros",,https://www.amazon.com.br/dp/B0F7JZMVKF?smid=A1ZZFT5FULY4LN
2026-09-26T16:53:04-03:00,casasbahia,loja,Casas Bahia,Casas Bahia,Smart TV 55” TCL 55C6K 4K QD-Mini Led 144Hz Sistema Operacional Google TV,3998.98,3599.08,"10x R$ 399,90 sem juros (cartão Casas Bahia)",,https://www.casasbahia.com.br/smart-tv-55-tcl-55c6k-4k-qd-mini-led-144hz-sistema-operacional-google-tv/p/55069456
2026-09-26T16:53:04-03:00,casasbahia,loja,Casas Bahia,LOJAS COLOMBO,"Smart TV TCL 55 AI, 4K UHD, QLED Mini LED, Android TV - 55C6K - Voltagem: Bivolt",5312.75,,"10x R$ 531,28 sem juros",,https://www.casasbahia.com.br/smart-tv-tcl-55-ai-4k-uhd-qled-mini-led-android-tv-55c6k/p/1582483296
2026-09-26T16:53:04-03:00,mercadolivre,loja,Mercado Livre,,Smart Tv Tcl 55 Polegadas Qd-Mini Led 4k C6k Wifi Bluetooth Google Tv 4 Hdmi 144hz Hdr10+ 55c6k,5299.0,3989.0,,,https://www.mercadolivre.com.br/p/MLB48808732?pdp_filters=item_id%3AMLB6713012362
2026-09-26T16:53:04-03:00,mercadolivre,loja,Mercado Livre,Mercado Livre,Smart Tv Tcl 55 Polegadas Qd-Mini Led 4k C6k Wifi Bluetooth Google Tv 4 Hdmi 144hz Hdr10+ 55c6k,3491.03,,"10x R$ 359,90 sem juros",,https://www.mercadolivre.com.br/p/MLB48808732?pdp_filters=item_id%3AMLB5417889802
2026-09-26T16:53:04-03:00,mercadolivre,loja,Mercado Livre,Mercado Livre,Smart Tv Tcl 55  4k Qd-mini Led Google Tv 127/220v 55c6k,3599.0,,"10x R$ 359,90 sem juros",,https://www.mercadolivre.com.br/smart-tv-tcl-55--4k-qdmini-led-google-tv-127220v-55c6k/up/MLBU3165217359
2026-09-26T16:53:04-03:00,mercadolivre,loja,Mercado Livre,TCL,Smart Tv Tcl 55  Qled Mini Led 4k C6k Wifi Bluetooth 55c6k,3989.0,,"10x R$ 398,90 sem juros",,https://www.mercadolivre.com.br/smart-tv-tcl-55--qled-mini-led-4k-c6k-wifi-bluetooth-55c6k/up/MLBU3921703471
2026-09-26T16:53:04-03:00,aliexpress,loja,AliExpress,,"Smart TV 55"" TCL 4K UHD MiniLED 55C6K 120Hz Google TV AiPQ Google Assistente 4 HDMI 2 USB R$ 3.999 R$ 4.199 4.8 5.000+ vendido(s) Top vendas",3999.0,,,,https://pt.aliexpress.com/item/1005009459962683.html
2026-09-26T17:15:44-03:00,amazon,loja,Amazon,TCLSEMP.,Smart TV TCL 55 Polegadas QD-Mini LED 4K C6K WiFi Bluetooth Google TV 4 HDMI 144Hz HDR10+ 55C6K,,3533.05,,,https://www.amazon.com.br/dp/B0F7JZMVKF?smid=A3R1Z59ZORN2J9,55C6K
2026-09-26T17:15:44-03:00,amazon,loja,Amazon,Imagem Hitech FULL,Smart TV TCL 55 Polegadas QD-Mini LED 4K C6K WiFi Bluetooth Google TV 4 HDMI 144Hz HDR10+ 55C6K,,3571.05,,,https://www.amazon.com.br/dp/B0F7JZMVKF?smid=A3POF6EIWE8R8,55C6K
2026-09-26T17:15:44-03:00,amazon,loja,Amazon,Magalu.,Smart TV TCL 55 Polegadas QD-Mini LED 4K C6K WiFi Bluetooth Google TV 4 HDMI 144Hz HDR10+ 55C6K,,3699.34,,,https://www.amazon.com.br/dp/B0F7JZMVKF?smid=ACUNARZFR75ET,55C6K
2026-09-26T17:15:44-03:00,amazon,loja,Amazon,Lojas Colombo S/A,Smart TV TCL 55 Polegadas QD-Mini LED 4K C6K WiFi Bluetooth Google TV 4 HDMI 144Hz HDR10+ 55C6K,4208.14,,,,https://www.amazon.com.br/dp/B0F7JZMVKF?smid=A30OZFNW1RCCSM,55C6K
2026-09-26T17:15:44-03:00,amazon,loja,Amazon,Amazon.com.br,Smart TV TCL 55 Polegadas QD-Mini LED 4K C6K WiFi Bluetooth Google TV 4 HDMI 144Hz HDR10+ 55C6K,3599.0,3491.03,"12x R$ 299,99 sem juros",,https://www.amazon.com.br/dp/B0F7JZMVKF?smid=A1ZZFT5FULY4LN,55C6K
2026-09-26T17:15:44-03:00,amazon,loja,Amazon,Magalu.,Smart TV TCL 65 Polegadas QD-Mini LED 4K C6K WiFi Bluetooth Google TV 4 HDMI 144Hz HDR10+ 65C6K,,4331.09,,,https://www.amazon.com.br/dp/B0F7K7B2PD?smid=ACUNARZFR75ET,65C6K
2026-09-26T17:15:44-03:00,amazon,loja,Amazon,Lojas Colombo S/A,Smart TV TCL 65 Polegadas QD-Mini LED 4K C6K WiFi Bluetooth Google TV 4 HDMI 144Hz HDR10+ 65C6K,5382.56,,,,https://www.amazon.com.br/dp/B0F7K7B2PD?smid=A30OZFNW1RCCSM,65C6K
2026-09-26T17:15:44-03:00,amazon,loja,Amazon,Leonfer Shop,Smart TV TCL 65 Polegadas QD-Mini LED 4K C6K WiFi Bluetooth Google TV 4 HDMI 144Hz HDR10+ 65C6K,7214.9,,,,https://www.amazon.com.br/dp/B0F7K7B2PD?smid=A28W2XGABGHXAH,65C6K
2026-09-26T17:15:44-03:00,amazon,loja,Amazon,Amazon.com.br,Smart TV TCL 65 Polegadas QD-Mini LED 4K C6K WiFi Bluetooth Google TV 4 HDMI 144Hz HDR10+ 65C6K,4624.22,4219.07,"12x R$ 385,37 sem juros",,https://www.amazon.com.br/dp/B0F7K7B2PD?smid=A1ZZFT5FULY4LN,65C6K
2026-09-26T17:15:44-03:00,casasbahia,loja,Casas Bahia,Casas Bahia,Smart TV 55” TCL 55C6K 4K QD-Mini Led 144Hz Sistema Operacional Google TV,3998.98,3599.08,"10x R$ 399,90 sem juros (cartão Casas Bahia)",,https://www.casasbahia.com.br/smart-tv-55-tcl-55c6k-4k-qd-mini-led-144hz-sistema-operacional-google-tv/p/55069456,55C6K
2026-09-26T17:15:44-03:00,casasbahia,loja,Casas Bahia,Casas Bahia,Smart TV TCL 65 Polegadas 65C6K QD-Mini LED 4K UHD Google TV 144Hz HDR10+,4687.87,4219.08,"10x R$ 468,79 sem juros (cartão Casas Bahia)",,https://www.casasbahia.com.br/smart-tv-65-tcl-65c6k-4k-qd-mini-led-144hz-com-sistema-operacional-google-tv/p/55069453,65C6K
2026-09-26T17:15:44-03:00,casasbahia,loja,Casas Bahia,LOJAS COLOMBO,"Smart TV TCL 55 AI, 4K UHD, QLED Mini LED, Android TV - 55C6K - Voltagem: Bivolt",5312.75,,"10x R$ 531,28 sem juros",,https://www.casasbahia.com.br/smart-tv-tcl-55-ai-4k-uhd-qled-mini-led-android-tv-55c6k/p/1582483296,55C6K
2026-09-26T17:15:44-03:00,casasbahia,loja,Casas Bahia,,Smart TV TCL 65C6K 65 4K Mini LED Android TV Semp Tcl,6795.5,,,,https://www.casasbahia.com.br/smart-tv-tcl-65c6k-65-4k-mini-led-android-tv-semp-tcl/p/1582860724,65C6K
2026-09-26T17:15:44-03:00,mercadolivre,loja,Mercado Livre,,Smart Tv Tcl 55 Polegadas Qd-Mini Led 4k C6k Wifi Bluetooth Google Tv 4 Hdmi 144hz Hdr10+ 55c6k,5299.0,3989.0,,,https://www.mercadolivre.com.br/p/MLB48808732?pdp_filters=item_id%3AMLB6713012362,55C6K
2026-09-26T17:15:44-03:00,mercadolivre,loja,Mercado Livre,Mercado Livre,Smart Tv Tcl 55 Polegadas Qd-Mini Led 4k C6k Wifi Bluetooth Google Tv 4 Hdmi 144hz Hdr10+ 55c6k,3491.03,,"10x R$ 359,90 sem juros",,https://www.mercadolivre.com.br/p/MLB48808732?pdp_filters=item_id%3AMLB5417889802,55C6K
2026-09-26T17:15:44-03:00,mercadolivre,loja,Mercado Livre,Mercado Livre,Smart Tv Tcl 55  4k Qd-mini Led Google Tv 127/220v 55c6k,3599.0,,"10x R$ 359,90 sem juros",,https://www.mercadolivre.com.br/smart-tv-tcl-55--4k-qdmini-led-google-tv-127220v-55c6k/up/MLBU3165217359,55C6K
2026-09-26T17:15:44-03:00,mercadolivre,loja,Mercado Livre,TCL,Smart Tv Tcl 55  Qled Mini Led 4k C6k Wifi Bluetooth 55c6k,3989.0,,"10x R$ 398,90 sem juros",,https://www.mercadolivre.com.br/smart-tv-tcl-55--qled-mini-led-4k-c6k-wifi-bluetooth-55c6k/up/MLBU3921703471,55C6K
2026-09-26T17:15:44-03:00,mercadolivre,loja,Mercado Livre,,Smart Tv Tcl 65 Polegadas Qd-Mini Led 4k C6k Wifi Bluetooth Google Tv 4 Hdmi 144hz Hdr10+ 65c6k,6499.0,4939.0,,,https://www.mercadolivre.com.br/p/MLB50368907?pdp_filters=item_id%3AMLB6713050924,65C6K
2026-09-26T17:15:44-03:00,mercadolivre,loja,Mercado Livre,Mercado Livre,Smart Tv Tcl 65 Polegadas Qd-Mini Led 4k C6k Wifi Bluetooth Google Tv 4 Hdmi 144hz Hdr10+ 65c6k,4151.51,,"10x R$ 446,40 sem juros",,https://www.mercadolivre.com.br/p/MLB50368907?pdp_filters=item_id%3AMLB5446673958,65C6K
2026-09-26T17:15:44-03:00,mercadolivre,loja,Mercado Livre,Mercado Livre,Tcl 4k Qd-mini Led Tv 65 C6k Google Tv,4463.0,,"10x R$ 446,40 sem juros",,https://www.mercadolivre.com.br/tcl-4k-qdmini-led-tv-65-c6k-google-tv/up/MLBU3187349883,65C6K
2026-09-26T17:15:44-03:00,aliexpress,loja,AliExpress,,"Smart TV 55"" TCL 4K UHD MiniLED 55C6K 120Hz Google TV AiPQ Google Assistente 4 HDMI 2 USB R$ 3.999 R$ 4.199 4.8 5.000+ vendido(s) Top vendas",3999.0,,,,https://pt.aliexpress.com/item/1005009459962683.html,55C6K
2026-09-26T17:15:44-03:00,aliexpress,loja,AliExpress,,"Smart TV 65"" TCL 4K UHD MiniLED 65C6K 120Hz Google TV AiPQ Google Assistente 4 HDMI 2 USB R$ 4.659 R$ 4.899 4.8 2.000+ vendido(s) Top vendas",4659.0,,,,https://pt.aliexpress.com/item/1005009036343124.html,65C6K
2026-09-26T17:45:27-03:00,amazon,loja,Amazon,TCLSEMP.,Smart TV TCL 55 Polegadas QD-Mini LED 4K C6K WiFi Bluetooth Google TV 4 HDMI 144Hz HDR10+ 55C6K,,3533.05,,,https://www.amazon.com.br/dp/B0F7JZMVKF?smid=A3R1Z59ZORN2J9,55C6K
2026-09-26T17:45:27-03:00,amazon,loja,Amazon,Imagem Hitech FULL,Smart TV TCL 55 Polegadas QD-Mini LED 4K C6K WiFi Bluetooth Google TV 4 HDMI 144Hz HDR10+ 55C6K,,3571.05,,,https://www.amazon.com.br/dp/B0F7JZMVKF?smid=A3POF6EIWE8R8,55C6K
2026-09-26T17:45:27-03:00,amazon,loja,Amazon,Magalu.,Smart TV TCL 55 Polegadas QD-Mini LED 4K C6K WiFi Bluetooth Google TV 4 HDMI 144Hz HDR10+ 55C6K,,3699.34,,,https://www.amazon.com.br/dp/B0F7JZMVKF?smid=ACUNARZFR75ET,55C6K
2026-09-26T17:45:27-03:00,amazon,loja,Amazon,Lojas Colombo S/A,Smart TV TCL 55 Polegadas QD-Mini LED 4K C6K WiFi Bluetooth Google TV 4 HDMI 144Hz HDR10+ 55C6K,4208.14,,,,https://www.amazon.com.br/dp/B0F7JZMVKF?smid=A30OZFNW1RCCSM,55C6K
2026-09-26T17:45:27-03:00,amazon,loja,Amazon,Amazon.com.br,Smart TV TCL 55 Polegadas QD-Mini LED 4K C6K WiFi Bluetooth Google TV 4 HDMI 144Hz HDR10+ 55C6K,3599.0,3491.03,"12x R$ 299,99 sem juros",,https://www.amazon.com.br/dp/B0F7JZMVKF?smid=A1ZZFT5FULY4LN,55C6K
2026-09-26T17:45:27-03:00,amazon,loja,Amazon,Magalu.,Smart TV TCL 65 Polegadas QD-Mini LED 4K C6K WiFi Bluetooth Google TV 4 HDMI 144Hz HDR10+ 65C6K,,4331.09,,,https://www.amazon.com.br/dp/B0F7K7B2PD?smid=ACUNARZFR75ET,65C6K
2026-09-26T17:45:27-03:00,amazon,loja,Amazon,Lojas Colombo S/A,Smart TV TCL 65 Polegadas QD-Mini LED 4K C6K WiFi Bluetooth Google TV 4 HDMI 144Hz HDR10+ 65C6K,5382.56,,,,https://www.amazon.com.br/dp/B0F7K7B2PD?smid=A30OZFNW1RCCSM,65C6K
2026-09-26T17:45:27-03:00,amazon,loja,Amazon,Leonfer Shop,Smart TV TCL 65 Polegadas QD-Mini LED 4K C6K WiFi Bluetooth Google TV 4 HDMI 144Hz HDR10+ 65C6K,7214.9,,,,https://www.amazon.com.br/dp/B0F7K7B2PD?smid=A28W2XGABGHXAH,65C6K
2026-09-26T17:45:27-03:00,amazon,loja,Amazon,Amazon.com.br,Smart TV TCL 65 Polegadas QD-Mini LED 4K C6K WiFi Bluetooth Google TV 4 HDMI 144Hz HDR10+ 65C6K,4624.22,4219.07,"12x R$ 385,37 sem juros",,https://www.amazon.com.br/dp/B0F7K7B2PD?smid=A1ZZFT5FULY4LN,65C6K
2026-09-26T17:45:27-03:00,casasbahia,loja,Casas Bahia,Casas Bahia,Smart TV 55” TCL 55C6K 4K QD-Mini Led 144Hz Sistema Operacional Google TV,3998.98,3599.08,"10x R$ 399,90 sem juros (cartão Casas Bahia)",,https://www.casasbahia.com.br/smart-tv-55-tcl-55c6k-4k-qd-mini-led-144hz-sistema-operacional-google-tv/p/55069456,55C6K
2026-09-26T17:45:27-03:00,casasbahia,loja,Casas Bahia,Casas Bahia,Smart TV TCL 65 Polegadas 65C6K QD-Mini LED 4K UHD Google TV 144Hz HDR10+,4687.87,4219.08,"10x R$ 468,79 sem juros (cartão Casas Bahia)",,https://www.casasbahia.com.br/smart-tv-65-tcl-65c6k-4k-qd-mini-led-144hz-com-sistema-operacional-google-tv/p/55069453,65C6K
2026-09-26T17:45:27-03:00,casasbahia,loja,Casas Bahia,LOJAS COLOMBO,"Smart TV TCL 55 AI, 4K UHD, QLED Mini LED, Android TV - 55C6K - Voltagem: Bivolt",5312.75,,"10x R$ 531,28 sem juros",,https://www.casasbahia.com.br/smart-tv-tcl-55-ai-4k-uhd-qled-mini-led-android-tv-55c6k/p/1582483296,55C6K
2026-09-26T17:45:27-03:00,casasbahia,loja,Casas Bahia,,Smart TV TCL 65C6K 65 4K Mini LED Android TV Semp Tcl,6795.5,,,,https://www.casasbahia.com.br/smart-tv-tcl-65c6k-65-4k-mini-led-android-tv-semp-tcl/p/1582860724,65C6K
2026-09-26T17:45:27-03:00,mercadolivre,loja,Mercado Livre,,Smart Tv Tcl 55 Polegadas Qd-Mini Led 4k C6k Wifi Bluetooth Google Tv 4 Hdmi 144hz Hdr10+ 55c6k,5299.0,3989.0,,,https://www.mercadolivre.com.br/p/MLB48808732?pdp_filters=item_id%3AMLB6713012362,55C6K
2026-09-26T17:45:27-03:00,mercadolivre,loja,Mercado Livre,Mercado Livre,Smart Tv Tcl 55 Polegadas Qd-Mini Led 4k C6k Wifi Bluetooth Google Tv 4 Hdmi 144hz Hdr10+ 55c6k,3491.03,,"10x R$ 359,90 sem juros",,https://www.mercadolivre.com.br/p/MLB48808732?pdp_filters=item_id%3AMLB5417889802,55C6K
2026-09-26T17:45:27-03:00,mercadolivre,loja,Mercado Livre,TCL,Smart Tv Tcl 55  Qled Mini Led 4k C6k Wifi Bluetooth 55c6k,3989.0,,"10x R$ 398,90 sem juros",,https://www.mercadolivre.com.br/smart-tv-tcl-55--qled-mini-led-4k-c6k-wifi-bluetooth-55c6k/up/MLBU3921703471,55C6K
2026-09-26T17:45:27-03:00,mercadolivre,loja,Mercado Livre,,Smart Tv Tcl 65 Polegadas Qd-Mini Led 4k C6k Wifi Bluetooth Google Tv 4 Hdmi 144hz Hdr10+ 65c6k,6499.0,4939.0,,,https://www.mercadolivre.com.br/p/MLB50368907?pdp_filters=item_id%3AMLB6713050924,65C6K
2026-09-26T17:45:27-03:00,mercadolivre,loja,Mercado Livre,Mercado Livre,Smart Tv Tcl 65 Polegadas Qd-Mini Led 4k C6k Wifi Bluetooth Google Tv 4 Hdmi 144hz Hdr10+ 65c6k,4151.51,,"10x R$ 446,40 sem juros",,https://www.mercadolivre.com.br/p/MLB50368907?pdp_filters=item_id%3AMLB5446673958,65C6K
2026-09-26T17:45:27-03:00,mercadolivre,loja,Mercado Livre,Casas Bahia,Smart Tv 65 65c6k 4k Qd-mini Led 144hz Com Google Tv Tcl,4499.0,,"10x R$ 449,90 sem juros",,https://www.mercadolivre.com.br/smart-tv-65-65c6k-4k-qdmini-led-144hz-com-google-tv-tcl/up/MLBU3519154684,65C6K
2026-09-26T17:45:27-03:00,aliexpress,loja,AliExpress,,"Smart TV 55"" TCL 4K UHD MiniLED 55C6K 120Hz Google TV AiPQ Google Assistente 4 HDMI 2 USB R$ 3.999 R$ 4.199 4.8 5.000+ vendido(s) Top vendas",3999.0,,,,https://pt.aliexpress.com/item/1005009459962683.html,55C6K
2026-09-26T17:45:27-03:00,aliexpress,loja,AliExpress,,"Smart TV 65"" TCL 4K UHD MiniLED 65C6K 120Hz Google TV AiPQ Google Assistente 4 HDMI 2 USB R$ 4.659 R$ 4.899 4.8 2.000+ vendido(s) Top vendas",4659.0,,,,https://pt.aliexpress.com/item/1005009036343124.html,65C6K
2026-09-26T18:15:27-03:00,amazon,loja,Amazon,TCLSEMP.,Smart TV TCL 55 Polegadas QD-Mini LED 4K C6K WiFi Bluetooth Google TV 4 HDMI 144Hz HDR10+ 55C6K,,3533.05,,,https://www.amazon.com.br/dp/B0F7JZMVKF?smid=A3R1Z59ZORN2J9,55C6K
2026-09-26T18:15:27-03:00,amazon,loja,Amazon,Imagem Hitech FULL,Smart TV TCL 55 Polegadas QD-Mini LED 4K C6K WiFi Bluetooth Google TV 4 HDMI 144Hz HDR10+ 55C6K,,3571.05,,,https://www.amazon.com.br/dp/B0F7JZMVKF?smid=A3POF6EIWE8R8,55C6K
2026-09-26T18:15:27-03:00,amazon,loja,Amazon,Magalu.,Smart TV TCL 55 Polegadas QD-Mini LED 4K C6K WiFi Bluetooth Google TV 4 HDMI 144Hz HDR10+ 55C6K,,3699.34,,,https://www.amazon.com.br/dp/B0F7JZMVKF?smid=ACUNARZFR75ET,55C6K
2026-09-26T18:15:27-03:00,amazon,loja,Amazon,Lojas Colombo S/A,Smart TV TCL 55 Polegadas QD-Mini LED 4K C6K WiFi Bluetooth Google TV 4 HDMI 144Hz HDR10+ 55C6K,4208.14,,,,https://www.amazon.com.br/dp/B0F7JZMVKF?smid=A30OZFNW1RCCSM,55C6K
2026-09-26T18:15:27-03:00,amazon,loja,Amazon,Amazon.com.br,Smart TV TCL 55 Polegadas QD-Mini LED 4K C6K WiFi Bluetooth Google TV 4 HDMI 144Hz HDR10+ 55C6K,3599.0,3491.03,"12x R$ 299,99 sem juros",,https://www.amazon.com.br/dp/B0F7JZMVKF?smid=A1ZZFT5FULY4LN,55C6K
2026-09-26T18:15:27-03:00,amazon,loja,Amazon,Magalu.,Smart TV TCL 65 Polegadas QD-Mini LED 4K C6K WiFi Bluetooth Google TV 4 HDMI 144Hz HDR10+ 65C6K,,4331.09,,,https://www.amazon.com.br/dp/B0F7K7B2PD?smid=ACUNARZFR75ET,65C6K
2026-09-26T18:15:27-03:00,amazon,loja,Amazon,Lojas Colombo S/A,Smart TV TCL 65 Polegadas QD-Mini LED 4K C6K WiFi Bluetooth Google TV 4 HDMI 144Hz HDR10+ 65C6K,5382.56,,,,https://www.amazon.com.br/dp/B0F7K7B2PD?smid=A30OZFNW1RCCSM,65C6K
2026-09-26T18:15:27-03:00,amazon,loja,Amazon,Leonfer Shop,Smart TV TCL 65 Polegadas QD-Mini LED 4K C6K WiFi Bluetooth Google TV 4 HDMI 144Hz HDR10+ 65C6K,7214.9,,,,https://www.amazon.com.br/dp/B0F7K7B2PD?smid=A28W2XGABGHXAH,65C6K
2026-09-26T18:15:27-03:00,amazon,loja,Amazon,Amazon.com.br,Smart TV TCL 65 Polegadas QD-Mini LED 4K C6K WiFi Bluetooth Google TV 4 HDMI 144Hz HDR10+ 65C6K,4624.22,4219.07,"12x R$ 385,37 sem juros",,https://www.amazon.com.br/dp/B0F7K7B2PD?smid=A1ZZFT5FULY4LN,65C6K
2026-09-26T18:15:27-03:00,casasbahia,loja,Casas Bahia,Casas Bahia,Smart TV 55” TCL 55C6K 4K QD-Mini Led 144Hz Sistema Operacional Google TV,3998.98,3599.08,"10x R$ 399,90 sem juros (cartão Casas Bahia)",,https://www.casasbahia.com.br/smart-tv-55-tcl-55c6k-4k-qd-mini-led-144hz-sistema-operacional-google-tv/p/55069456,55C6K
2026-09-26T18:15:27-03:00,casasbahia,loja,Casas Bahia,Casas Bahia,Smart TV TCL 65 Polegadas 65C6K QD-Mini LED 4K UHD Google TV 144Hz HDR10+,4687.87,4219.08,"10x R$ 468,79 sem juros (cartão Casas Bahia)",,https://www.casasbahia.com.br/smart-tv-65-tcl-65c6k-4k-qd-mini-led-144hz-com-sistema-operacional-google-tv/p/55069453,65C6K
2026-09-26T18:15:27-03:00,casasbahia,loja,Casas Bahia,LOJAS COLOMBO,"Smart TV TCL 55 AI, 4K UHD, QLED Mini LED, Android TV - 55C6K - Voltagem: Bivolt",5312.75,,"10x R$ 531,28 sem juros",,https://www.casasbahia.com.br/smart-tv-tcl-55-ai-4k-uhd-qled-mini-led-android-tv-55c6k/p/1582483296,55C6K
2026-09-26T18:15:27-03:00,casasbahia,loja,Casas Bahia,,Smart TV TCL 65C6K 65 4K Mini LED Android TV Semp Tcl,6795.5,,,,https://www.casasbahia.com.br/smart-tv-tcl-65c6k-65-4k-mini-led-android-tv-semp-tcl/p/1582860724,65C6K
2026-09-26T18:15:27-03:00,mercadolivre,loja,Mercado Livre,,Smart Tv Tcl 55 Polegadas Qd-Mini Led 4k C6k Wifi Bluetooth Google Tv 4 Hdmi 144hz Hdr10+ 55c6k,5299.0,3989.0,,,https://www.mercadolivre.com.br/p/MLB48808732?pdp_filters=item_id%3AMLB6713012362,55C6K
2026-09-26T18:15:27-03:00,mercadolivre,loja,Mercado Livre,Mercado Livre,Smart Tv Tcl 55 Polegadas Qd-Mini Led 4k C6k Wifi Bluetooth Google Tv 4 Hdmi 144hz Hdr10+ 55c6k,3491.03,,"10x R$ 359,90 sem juros",,https://www.mercadolivre.com.br/p/MLB48808732?pdp_filters=item_id%3AMLB5417889802,55C6K
2026-09-26T18:15:27-03:00,mercadolivre,loja,Mercado Livre,Mercado Livre,Smart Tv Tcl 55  4k Qd-mini Led Google Tv 127/220v 55c6k,3599.0,,"10x R$ 359,90 sem juros",,https://www.mercadolivre.com.br/smart-tv-tcl-55--4k-qdmini-led-google-tv-127220v-55c6k/up/MLBU3165217359,55C6K
2026-09-26T18:15:27-03:00,mercadolivre,loja,Mercado Livre,TCL,Smart Tv Tcl 55  Qled Mini Led 4k C6k Wifi Bluetooth 55c6k,3989.0,,"10x R$ 398,90 sem juros",,https://www.mercadolivre.com.br/smart-tv-tcl-55--qled-mini-led-4k-c6k-wifi-bluetooth-55c6k/up/MLBU3921703471,55C6K
2026-09-26T18:15:27-03:00,mercadolivre,loja,Mercado Livre,,Smart Tv Tcl 65 Polegadas Qd-Mini Led 4k C6k Wifi Bluetooth Google Tv 4 Hdmi 144hz Hdr10+ 65c6k,6499.0,4939.0,,,https://www.mercadolivre.com.br/p/MLB50368907?pdp_filters=item_id%3AMLB6713050924,65C6K
2026-09-26T18:15:27-03:00,mercadolivre,loja,Mercado Livre,Mercado Livre,Smart Tv Tcl 65 Polegadas Qd-Mini Led 4k C6k Wifi Bluetooth Google Tv 4 Hdmi 144hz Hdr10+ 65c6k,4151.51,,"10x R$ 446,40 sem juros",,https://www.mercadolivre.com.br/p/MLB50368907?pdp_filters=item_id%3AMLB5446673958,65C6K
2026-09-26T18:15:27-03:00,mercadolivre,loja,Mercado Livre,Mercado Livre,Tcl 4k Qd-mini Led Tv 65 C6k Google Tv,4463.0,,"10x R$ 446,40 sem juros",,https://www.mercadolivre.com.br/tcl-4k-qdmini-led-tv-65-c6k-google-tv/up/MLBU3187349883,65C6K
2026-09-26T18:15:27-03:00,aliexpress,loja,AliExpress,,"Smart TV 55"" TCL 4K UHD MiniLED 55C6K 120Hz Google TV AiPQ Google Assistente 4 HDMI 2 USB R$ 3.999 R$ 4.199 4.8 5.000+ vendido(s) Top vendas",3999.0,,,,https://pt.aliexpress.com/item/1005009459962683.html,55C6K
2026-09-26T18:15:27-03:00,aliexpress,loja,AliExpress,,"Smart TV 65"" TCL 4K UHD MiniLED 65C6K 120Hz Google TV AiPQ Google Assistente 4 HDMI 2 USB R$ 4.659 R$ 4.899 4.8 2.000+ vendido(s) Top vendas",4659.0,,,,https://pt.aliexpress.com/item/1005009036343124.html,65C6K
2026-09-26T18:45:20-03:00,amazon,loja,Amazon,TCLSEMP.,Smart TV TCL 55 Polegadas QD-Mini LED 4K C6K WiFi Bluetooth Google TV 4 HDMI 144Hz HDR10+ 55C6K,,3533.05,,,https://www.amazon.com.br/dp/B0F7JZMVKF?smid=A3R1Z59ZORN2J9,55C6K
2026-09-26T18:45:20-03:00,amazon,loja,Amazon,Imagem Hitech FULL,Smart TV TCL 55 Polegadas QD-Mini LED 4K C6K WiFi Bluetooth Google TV 4 HDMI 144Hz HDR10+ 55C6K,,3571.05,,,https://www.amazon.com.br/dp/B0F7JZMVKF?smid=A3POF6EIWE8R8,55C6K
2026-09-26T18:45:20-03:00,amazon,loja,Amazon,Magalu.,Smart TV TCL 55 Polegadas QD-Mini LED 4K C6K WiFi Bluetooth Google TV 4 HDMI 144Hz HDR10+ 55C6K,,3699.34,,,https://www.amazon.com.br/dp/B0F7JZMVKF?smid=ACUNARZFR75ET,55C6K
2026-09-26T18:45:20-03:00,amazon,loja,Amazon,Lojas Colombo S/A,Smart TV TCL 55 Polegadas QD-Mini LED 4K C6K WiFi Bluetooth Google TV 4 HDMI 144Hz HDR10+ 55C6K,4208.14,,,,https://www.amazon.com.br/dp/B0F7JZMVKF?smid=A30OZFNW1RCCSM,55C6K
2026-09-26T18:45:20-03:00,amazon,loja,Amazon,Amazon.com.br,Smart TV TCL 55 Polegadas QD-Mini LED 4K C6K WiFi Bluetooth Google TV 4 HDMI 144Hz HDR10+ 55C6K,3599.0,3491.03,"12x R$ 299,99 sem juros",,https://www.amazon.com.br/dp/B0F7JZMVKF?smid=A1ZZFT5FULY4LN,55C6K
2026-09-26T18:45:20-03:00,amazon,loja,Amazon,Magalu.,Smart TV TCL 65 Polegadas QD-Mini LED 4K C6K WiFi Bluetooth Google TV 4 HDMI 144Hz HDR10+ 65C6K,,4331.09,,,https://www.amazon.com.br/dp/B0F7K7B2PD?smid=ACUNARZFR75ET,65C6K
2026-09-26T18:45:20-03:00,amazon,loja,Amazon,Lojas Colombo S/A,Smart TV TCL 65 Polegadas QD-Mini LED 4K C6K WiFi Bluetooth Google TV 4 HDMI 144Hz HDR10+ 65C6K,5382.56,,,,https://www.amazon.com.br/dp/B0F7K7B2PD?smid=A30OZFNW1RCCSM,65C6K
2026-09-26T18:45:20-03:00,amazon,loja,Amazon,Leonfer Shop,Smart TV TCL 65 Polegadas QD-Mini LED 4K C6K WiFi Bluetooth Google TV 4 HDMI 144Hz HDR10+ 65C6K,7214.9,,,,https://www.amazon.com.br/dp/B0F7K7B2PD?smid=A28W2XGABGHXAH,65C6K
2026-09-26T18:45:20-03:00,amazon,loja,Amazon,Amazon.com.br,Smart TV TCL 65 Polegadas QD-Mini LED 4K C6K WiFi Bluetooth Google TV 4 HDMI 144Hz HDR10+ 65C6K,4624.22,4219.07,"12x R$ 385,37 sem juros",,https://www.amazon.com.br/dp/B0F7K7B2PD?smid=A1ZZFT5FULY4LN,65C6K
2026-09-26T18:45:20-03:00,casasbahia,loja,Casas Bahia,Casas Bahia,Smart TV 55” TCL 55C6K 4K QD-Mini Led 144Hz Sistema Operacional Google TV,3998.98,3599.08,"10x R$ 399,90 sem juros (cartão Casas Bahia)",,https://www.casasbahia.com.br/smart-tv-55-tcl-55c6k-4k-qd-mini-led-144hz-sistema-operacional-google-tv/p/55069456,55C6K
2026-09-26T18:45:20-03:00,casasbahia,loja,Casas Bahia,Casas Bahia,Smart TV TCL 65 Polegadas 65C6K QD-Mini LED 4K UHD Google TV 144Hz HDR10+,4687.87,4219.08,"10x R$ 468,79 sem juros (cartão Casas Bahia)",,https://www.casasbahia.com.br/smart-tv-65-tcl-65c6k-4k-qd-mini-led-144hz-com-sistema-operacional-google-tv/p/55069453,65C6K
2026-09-26T18:45:20-03:00,casasbahia,loja,Casas Bahia,LOJAS COLOMBO,"Smart TV TCL 55 AI, 4K UHD, QLED Mini LED, Android TV - 55C6K - Voltagem: Bivolt",5312.75,,"10x R$ 531,28 sem juros",,https://www.casasbahia.com.br/smart-tv-tcl-55-ai-4k-uhd-qled-mini-led-android-tv-55c6k/p/1582483296,55C6K
2026-09-26T18:45:20-03:00,casasbahia,loja,Casas Bahia,,Smart TV TCL 65C6K 65 4K Mini LED Android TV Semp Tcl,6795.5,,,,https://www.casasbahia.com.br/smart-tv-tcl-65c6k-65-4k-mini-led-android-tv-semp-tcl/p/1582860724,65C6K
2026-09-26T18:45:20-03:00,mercadolivre,loja,Mercado Livre,,Smart Tv Tcl 55 Polegadas Qd-Mini Led 4k C6k Wifi Bluetooth Google Tv 4 Hdmi 144hz Hdr10+ 55c6k,5299.0,3989.0,,,https://www.mercadolivre.com.br/p/MLB48808732?pdp_filters=item_id%3AMLB6713012362,55C6K
2026-09-26T18:45:20-03:00,mercadolivre,loja,Mercado Livre,Mercado Livre,Smart Tv Tcl 55 Polegadas Qd-Mini Led 4k C6k Wifi Bluetooth Google Tv 4 Hdmi 144hz Hdr10+ 55c6k,3491.03,,"10x R$ 359,90 sem juros",,https://www.mercadolivre.com.br/p/MLB48808732?pdp_filters=item_id%3AMLB5417889802,55C6K
2026-09-26T18:45:20-03:00,mercadolivre,loja,Mercado Livre,Mercado Livre,Smart Tv Tcl 55  4k Qd-mini Led Google Tv 127/220v 55c6k,3599.0,,"10x R$ 359,90 sem juros",,https://www.mercadolivre.com.br/smart-tv-tcl-55--4k-qdmini-led-google-tv-127220v-55c6k/up/MLBU3165217359,55C6K
2026-09-26T18:45:20-03:00,mercadolivre,loja,Mercado Livre,TCL,Smart Tv Tcl 55  Qled Mini Led 4k C6k Wifi Bluetooth 55c6k,3989.0,,"10x R$ 398,90 sem juros",,https://www.mercadolivre.com.br/smart-tv-tcl-55--qled-mini-led-4k-c6k-wifi-bluetooth-55c6k/up/MLBU3921703471,55C6K
2026-09-26T18:45:20-03:00,mercadolivre,loja,Mercado Livre,,Smart Tv Tcl 65 Polegadas Qd-Mini Led 4k C6k Wifi Bluetooth Google Tv 4 Hdmi 144hz Hdr10+ 65c6k,6499.0,4939.0,,,https://www.mercadolivre.com.br/p/MLB50368907?pdp_filters=item_id%3AMLB6713050924,65C6K
2026-09-26T18:45:20-03:00,mercadolivre,loja,Mercado Livre,Mercado Livre,Smart Tv Tcl 65 Polegadas Qd-Mini Led 4k C6k Wifi Bluetooth Google Tv 4 Hdmi 144hz Hdr10+ 65c6k,4151.51,,"10x R$ 446,40 sem juros",,https://www.mercadolivre.com.br/p/MLB50368907?pdp_filters=item_id%3AMLB5446673958,65C6K
2026-09-26T18:45:20-03:00,mercadolivre,loja,Mercado Livre,Mercado Livre,Tcl 4k Qd-mini Led Tv 65 C6k Google Tv,4463.0,,"10x R$ 446,40 sem juros",,https://www.mercadolivre.com.br/tcl-4k-qdmini-led-tv-65-c6k-google-tv/up/MLBU3187349883,65C6K
2026-09-26T18:45:20-03:00,aliexpress,loja,AliExpress,,"Smart TV 55"" TCL 4K UHD MiniLED 55C6K 120Hz Google TV AiPQ Google Assistente 4 HDMI 2 USB R$ 3.999 R$ 4.199 4.8 5.000+ vendido(s) Top vendas",3999.0,,,,https://pt.aliexpress.com/item/1005009459962683.html,55C6K
2026-09-26T18:45:20-03:00,aliexpress,loja,AliExpress,,"Smart TV 65"" TCL 4K UHD MiniLED 65C6K 120Hz Google TV AiPQ Google Assistente 4 HDMI 2 USB R$ 4.659 R$ 4.899 4.8 2.000+ vendido(s) Top vendas",4659.0,,,,https://pt.aliexpress.com/item/1005009036343124.html,65C6K
2026-09-26T21:17:37-03:00,amazon,loja,Amazon,TCLSEMP.,Smart TV TCL 55 Polegadas QD-Mini LED 4K C6K WiFi Bluetooth Google TV 4 HDMI 144Hz HDR10+ 55C6K,,3533.05,,,https://www.amazon.com.br/dp/B0F7JZMVKF?smid=A3R1Z59ZORN2J9,55C6K
2026-09-26T21:17:37-03:00,amazon,loja,Amazon,Imagem Hitech FULL,Smart TV TCL 55 Polegadas QD-Mini LED 4K C6K WiFi Bluetooth Google TV 4 HDMI 144Hz HDR10+ 55C6K,,3571.05,,,https://www.amazon.com.br/dp/B0F7JZMVKF?smid=A3POF6EIWE8R8,55C6K
2026-09-26T21:17:37-03:00,amazon,loja,Amazon,Magalu.,Smart TV TCL 55 Polegadas QD-Mini LED 4K C6K WiFi Bluetooth Google TV 4 HDMI 144Hz HDR10+ 55C6K,,3699.34,,,https://www.amazon.com.br/dp/B0F7JZMVKF?smid=ACUNARZFR75ET,55C6K
2026-09-26T21:17:37-03:00,amazon,loja,Amazon,Lojas Colombo S/A,Smart TV TCL 55 Polegadas QD-Mini LED 4K C6K WiFi Bluetooth Google TV 4 HDMI 144Hz HDR10+ 55C6K,4208.14,,,,https://www.amazon.com.br/dp/B0F7JZMVKF?smid=A30OZFNW1RCCSM,55C6K
2026-09-26T21:17:37-03:00,amazon,loja,Amazon,Amazon.com.br,Smart TV TCL 55 Polegadas QD-Mini LED 4K C6K WiFi Bluetooth Google TV 4 HDMI 144Hz HDR10+ 55C6K,3599.0,3491.03,"12x R$ 299,99 sem juros",,https://www.amazon.com.br/dp/B0F7JZMVKF?smid=A1ZZFT5FULY4LN,55C6K
2026-09-26T21:17:37-03:00,amazon,loja,Amazon,Magalu.,Smart TV TCL 65 Polegadas QD-Mini LED 4K C6K WiFi Bluetooth Google TV 4 HDMI 144Hz HDR10+ 65C6K,,4331.09,,,https://www.amazon.com.br/dp/B0F7K7B2PD?smid=ACUNARZFR75ET,65C6K
2026-09-26T21:17:37-03:00,amazon,loja,Amazon,Lojas Colombo S/A,Smart TV TCL 65 Polegadas QD-Mini LED 4K C6K WiFi Bluetooth Google TV 4 HDMI 144Hz HDR10+ 65C6K,5382.56,,,,https://www.amazon.com.br/dp/B0F7K7B2PD?smid=A30OZFNW1RCCSM,65C6K
2026-09-26T21:17:37-03:00,amazon,loja,Amazon,Leonfer Shop,Smart TV TCL 65 Polegadas QD-Mini LED 4K C6K WiFi Bluetooth Google TV 4 HDMI 144Hz HDR10+ 65C6K,7214.9,,,,https://www.amazon.com.br/dp/B0F7K7B2PD?smid=A28W2XGABGHXAH,65C6K
2026-09-26T21:17:37-03:00,amazon,loja,Amazon,Amazon.com.br,Smart TV TCL 65 Polegadas QD-Mini LED 4K C6K WiFi Bluetooth Google TV 4 HDMI 144Hz HDR10+ 65C6K,4624.22,4219.07,"12x R$ 385,37 sem juros",,https://www.amazon.com.br/dp/B0F7K7B2PD?smid=A1ZZFT5FULY4LN,65C6K
2026-09-26T21:17:37-03:00,casasbahia,loja,Casas Bahia,Casas Bahia,Smart TV 55” TCL 55C6K 4K QD-Mini Led 144Hz Sistema Operacional Google TV,3998.98,3599.08,"10x R$ 399,90 sem juros (cartão Casas Bahia)",,https://www.casasbahia.com.br/smart-tv-55-tcl-55c6k-4k-qd-mini-led-144hz-sistema-operacional-google-tv/p/55069456,55C6K
2026-09-26T21:17:37-03:00,casasbahia,loja,Casas Bahia,Casas Bahia,Smart TV TCL 65 Polegadas 65C6K QD-Mini LED 4K UHD Google TV 144Hz HDR10+,4687.87,4219.08,"10x R$ 468,79 sem juros (cartão Casas Bahia)",,https://www.casasbahia.com.br/smart-tv-65-tcl-65c6k-4k-qd-mini-led-144hz-com-sistema-operacional-google-tv/p/55069453,65C6K
2026-09-26T21:17:37-03:00,casasbahia,loja,Casas Bahia,LOJAS COLOMBO,"Smart TV TCL 55 AI, 4K UHD, QLED Mini LED, Android TV - 55C6K - Voltagem: Bivolt",5312.75,,"10x R$ 531,28 sem juros",,https://www.casasbahia.com.br/smart-tv-tcl-55-ai-4k-uhd-qled-mini-led-android-tv-55c6k/p/1582483296,55C6K
2026-09-26T21:17:37-03:00,casasbahia,loja,Casas Bahia,,Smart TV TCL 65C6K 65 4K Mini LED Android TV Semp Tcl,6795.5,,,,https://www.casasbahia.com.br/smart-tv-tcl-65c6k-65-4k-mini-led-android-tv-semp-tcl/p/1582860724,65C6K
2026-09-26T21:17:37-03:00,mercadolivre,loja,Mercado Livre,,Smart Tv Tcl 55 Polegadas Qd-Mini Led 4k C6k Wifi Bluetooth Google Tv 4 Hdmi 144hz Hdr10+ 55c6k,5299.0,3989.0,,,https://www.mercadolivre.com.br/p/MLB48808732?pdp_filters=item_id%3AMLB6713012362,55C6K
2026-09-26T21:17:37-03:00,mercadolivre,loja,Mercado Livre,Mercado Livre,Smart Tv Tcl 55 Polegadas Qd-Mini Led 4k C6k Wifi Bluetooth Google Tv 4 Hdmi 144hz Hdr10+ 55c6k,3491.03,,"10x R$ 359,90 sem juros",,https://www.mercadolivre.com.br/p/MLB48808732?pdp_filters=item_id%3AMLB5417889802,55C6K
2026-09-26T21:17:37-03:00,mercadolivre,loja,Mercado Livre,Mercado Livre,Smart Tv Tcl 55  4k Qd-mini Led Google Tv 127/220v 55c6k,3599.0,,"10x R$ 359,90 sem juros",,https://www.mercadolivre.com.br/smart-tv-tcl-55--4k-qdmini-led-google-tv-127220v-55c6k/up/MLBU3165217359,55C6K
2026-09-26T21:17:37-03:00,mercadolivre,loja,Mercado Livre,TCL,Smart Tv Tcl 55  Qled Mini Led 4k C6k Wifi Bluetooth 55c6k,3989.0,,"10x R$ 398,90 sem juros",,https://www.mercadolivre.com.br/smart-tv-tcl-55--qled-mini-led-4k-c6k-wifi-bluetooth-55c6k/up/MLBU3921703471,55C6K
2026-09-26T21:17:37-03:00,mercadolivre,loja,Mercado Livre,,Smart Tv Tcl 65 Polegadas Qd-Mini Led 4k C6k Wifi Bluetooth Google Tv 4 Hdmi 144hz Hdr10+ 65c6k,6499.0,4939.0,,,https://www.mercadolivre.com.br/p/MLB50368907?pdp_filters=item_id%3AMLB6713050924,65C6K
2026-09-26T21:17:37-03:00,mercadolivre,loja,Mercado Livre,Mercado Livre,Smart Tv Tcl 65 Polegadas Qd-Mini Led 4k C6k Wifi Bluetooth Google Tv 4 Hdmi 144hz Hdr10+ 65c6k,4151.51,,"10x R$ 446,40 sem juros",,https://www.mercadolivre.com.br/p/MLB50368907?pdp_filters=item_id%3AMLB5446673958,65C6K
2026-09-26T21:17:37-03:00,mercadolivre,loja,Mercado Livre,Casas Bahia,Smart Tv 65 65c6k 4k Qd-mini Led 144hz Com Google Tv Tcl,4499.0,,"10x R$ 449,90 sem juros",,https://www.mercadolivre.com.br/smart-tv-65-65c6k-4k-qdmini-led-144hz-com-google-tv-tcl/up/MLBU3519154684,65C6K
2026-09-26T21:17:37-03:00,aliexpress,loja,AliExpress,,"Smart TV 55"" TCL 4K UHD MiniLED 55C6K 120Hz Google TV AiPQ Google Assistente 4 HDMI 2 USB R$ 3.999 R$ 4.199 4.8 5.000+ vendido(s) Top vendas",3999.0,,,,https://pt.aliexpress.com/item/1005009459962683.html,55C6K
2026-09-26T21:17:37-03:00,aliexpress,loja,AliExpress,,"Smart TV 65"" TCL 4K UHD MiniLED 65C6K 120Hz Google TV AiPQ Google Assistente 4 HDMI 2 USB R$ 4.659 R$ 4.899 4.8 2.000+ vendido(s) Top vendas",4659.0,,,,https://pt.aliexpress.com/item/1005009036343124.html,65C6K
2026-09-26T21:57:53-03:00,amazon,loja,Amazon,TCLSEMP.,Smart TV TCL 55 Polegadas QD-Mini LED 4K C6K WiFi Bluetooth Google TV 4 HDMI 144Hz HDR10+ 55C6K,,3533.05,,,https://www.amazon.com.br/dp/B0F7JZMVKF?smid=A3R1Z59ZORN2J9,55C6K
2026-09-26T21:57:53-03:00,amazon,loja,Amazon,Imagem Hitech FULL,Smart TV TCL 55 Polegadas QD-Mini LED 4K C6K WiFi Bluetooth Google TV 4 HDMI 144Hz HDR10+ 55C6K,,3571.05,,,https://www.amazon.com.br/dp/B0F7JZMVKF?smid=A3POF6EIWE8R8,55C6K
2026-09-26T21:57:53-03:00,amazon,loja,Amazon,Magalu.,Smart TV TCL 55 Polegadas QD-Mini LED 4K C6K WiFi Bluetooth Google TV 4 HDMI 144Hz HDR10+ 55C6K,,3699.34,,,https://www.amazon.com.br/dp/B0F7JZMVKF?smid=ACUNARZFR75ET,55C6K
2026-09-26T21:57:53-03:00,amazon,loja,Amazon,Lojas Colombo S/A,Smart TV TCL 55 Polegadas QD-Mini LED 4K C6K WiFi Bluetooth Google TV 4 HDMI 144Hz HDR10+ 55C6K,4208.14,,,,https://www.amazon.com.br/dp/B0F7JZMVKF?smid=A30OZFNW1RCCSM,55C6K
2026-09-26T21:57:53-03:00,amazon,loja,Amazon,Amazon.com.br,Smart TV TCL 55 Polegadas QD-Mini LED 4K C6K WiFi Bluetooth Google TV 4 HDMI 144Hz HDR10+ 55C6K,3599.0,3491.03,"12x R$ 299,99 sem juros",,https://www.amazon.com.br/dp/B0F7JZMVKF?smid=A1ZZFT5FULY4LN,55C6K
2026-09-26T21:57:53-03:00,amazon,loja,Amazon,Magalu.,Smart TV TCL 65 Polegadas QD-Mini LED 4K C6K WiFi Bluetooth Google TV 4 HDMI 144Hz HDR10+ 65C6K,,4331.09,,,https://www.amazon.com.br/dp/B0F7K7B2PD?smid=ACUNARZFR75ET,65C6K
2026-09-26T21:57:53-03:00,amazon,loja,Amazon,Lojas Colombo S/A,Smart TV TCL 65 Polegadas QD-Mini LED 4K C6K WiFi Bluetooth Google TV 4 HDMI 144Hz HDR10+ 65C6K,5382.56,,,,https://www.amazon.com.br/dp/B0F7K7B2PD?smid=A30OZFNW1RCCSM,65C6K
2026-09-26T21:57:53-03:00,amazon,loja,Amazon,Leonfer Shop,Smart TV TCL 65 Polegadas QD-Mini LED 4K C6K WiFi Bluetooth Google TV 4 HDMI 144Hz HDR10+ 65C6K,7214.9,,,,https://www.amazon.com.br/dp/B0F7K7B2PD?smid=A28W2XGABGHXAH,65C6K
2026-09-26T21:57:53-03:00,amazon,loja,Amazon,Amazon.com.br,Smart TV TCL 65 Polegadas QD-Mini LED 4K C6K WiFi Bluetooth Google TV 4 HDMI 144Hz HDR10+ 65C6K,4624.22,4219.07,"12x R$ 385,37 sem juros",,https://www.amazon.com.br/dp/B0F7K7B2PD?smid=A1ZZFT5FULY4LN,65C6K
2026-09-26T21:57:53-03:00,casasbahia,loja,Casas Bahia,Casas Bahia,Smart TV 55” TCL 55C6K 4K QD-Mini Led 144Hz Sistema Operacional Google TV,3998.98,3599.08,"10x R$ 399,90 sem juros (cartão Casas Bahia)",,https://www.casasbahia.com.br/smart-tv-55-tcl-55c6k-4k-qd-mini-led-144hz-sistema-operacional-google-tv/p/55069456,55C6K
2026-09-26T21:57:53-03:00,casasbahia,loja,Casas Bahia,Casas Bahia,Smart TV TCL 65 Polegadas 65C6K QD-Mini LED 4K UHD Google TV 144Hz HDR10+,4687.87,4219.08,"10x R$ 468,79 sem juros (cartão Casas Bahia)",,https://www.casasbahia.com.br/smart-tv-65-tcl-65c6k-4k-qd-mini-led-144hz-com-sistema-operacional-google-tv/p/55069453,65C6K
2026-09-26T21:57:53-03:00,casasbahia,loja,Casas Bahia,LOJAS COLOMBO,"Smart TV TCL 55 AI, 4K UHD, QLED Mini LED, Android TV - 55C6K - Voltagem: Bivolt",5312.75,,"10x R$ 531,28 sem juros",,https://www.casasbahia.com.br/smart-tv-tcl-55-ai-4k-uhd-qled-mini-led-android-tv-55c6k/p/1582483296,55C6K
2026-09-26T21:57:53-03:00,casasbahia,loja,Casas Bahia,,Smart TV TCL 65C6K 65 4K Mini LED Android TV Semp Tcl,6795.5,,,,https://www.casasbahia.com.br/smart-tv-tcl-65c6k-65-4k-mini-led-android-tv-semp-tcl/p/1582860724,65C6K
2026-09-26T21:57:53-03:00,mercadolivre,loja,Mercado Livre,,Smart Tv Tcl 55 Polegadas Qd-Mini Led 4k C6k Wifi Bluetooth Google Tv 4 Hdmi 144hz Hdr10+ 55c6k,5299.0,3989.0,,,https://www.mercadolivre.com.br/p/MLB48808732?pdp_filters=item_id%3AMLB6713012362,55C6K
2026-09-26T21:57:53-03:00,mercadolivre,loja,Mercado Livre,Mercado Livre,Smart Tv Tcl 55 Polegadas Qd-Mini Led 4k C6k Wifi Bluetooth Google Tv 4 Hdmi 144hz Hdr10+ 55c6k,3491.03,,"10x R$ 359,90 sem juros",,https://www.mercadolivre.com.br/p/MLB48808732?pdp_filters=item_id%3AMLB5417889802,55C6K
2026-09-26T21:57:53-03:00,mercadolivre,loja,Mercado Livre,Mercado Livre,Smart Tv Tcl 55  4k Qd-mini Led Google Tv 127/220v 55c6k,3599.0,,"10x R$ 359,90 sem juros",,https://www.mercadolivre.com.br/smart-tv-tcl-55--4k-qdmini-led-google-tv-127220v-55c6k/up/MLBU3165217359,55C6K
2026-09-26T21:57:53-03:00,mercadolivre,loja,Mercado Livre,TCL,Smart Tv Tcl 55  Qled Mini Led 4k C6k Wifi Bluetooth 55c6k,3989.0,,"10x R$ 398,90 sem juros",,https://www.mercadolivre.com.br/smart-tv-tcl-55--qled-mini-led-4k-c6k-wifi-bluetooth-55c6k/up/MLBU3921703471,55C6K
2026-09-26T21:57:53-03:00,mercadolivre,loja,Mercado Livre,,Smart Tv Tcl 65 Polegadas Qd-Mini Led 4k C6k Wifi Bluetooth Google Tv 4 Hdmi 144hz Hdr10+ 65c6k,6499.0,4939.0,,,https://www.mercadolivre.com.br/p/MLB50368907?pdp_filters=item_id%3AMLB6713050924,65C6K
2026-09-26T21:57:53-03:00,mercadolivre,loja,Mercado Livre,Mercado Livre,Smart Tv Tcl 65 Polegadas Qd-Mini Led 4k C6k Wifi Bluetooth Google Tv 4 Hdmi 144hz Hdr10+ 65c6k,4151.51,,"10x R$ 446,40 sem juros",,https://www.mercadolivre.com.br/p/MLB50368907?pdp_filters=item_id%3AMLB5446673958,65C6K
2026-09-26T21:57:53-03:00,mercadolivre,loja,Mercado Livre,Casas Bahia,Smart Tv 65 65c6k 4k Qd-mini Led 144hz Com Google Tv Tcl,4499.0,,"10x R$ 449,90 sem juros",,https://www.mercadolivre.com.br/smart-tv-65-65c6k-4k-qdmini-led-144hz-com-google-tv-tcl/up/MLBU3519154684,65C6K
2026-09-26T21:57:53-03:00,aliexpress,loja,AliExpress,,"Smart TV 55"" TCL 4K UHD MiniLED 55C6K 120Hz Google TV AiPQ Google Assistente 4 HDMI 2 USB R$ 3.999 R$ 4.199 4.8 5.000+ vendido(s) Top vendas",3999.0,,,,https://pt.aliexpress.com/item/1005009459962683.html,55C6K
2026-09-26T21:57:53-03:00,aliexpress,loja,AliExpress,,"Smart TV 65"" TCL 4K UHD MiniLED 65C6K 120Hz Google TV AiPQ Google Assistente 4 HDMI 2 USB R$ 4.659 R$ 4.899 4.8 2.000+ vendido(s) Top vendas",4659.0,,,,https://pt.aliexpress.com/item/1005009036343124.html,65C6K
2026-09-26T22:15:37-03:00,amazon,loja,Amazon,TCLSEMP.,Smart TV TCL 55 Polegadas QD-Mini LED 4K C6K WiFi Bluetooth Google TV 4 HDMI 144Hz HDR10+ 55C6K,,3533.05,,,https://www.amazon.com.br/dp/B0F7JZMVKF?smid=A3R1Z59ZORN2J9,55C6K
2026-09-26T22:15:37-03:00,amazon,loja,Amazon,Imagem Hitech FULL,Smart TV TCL 55 Polegadas QD-Mini LED 4K C6K WiFi Bluetooth Google TV 4 HDMI 144Hz HDR10+ 55C6K,,3571.05,,,https://www.amazon.com.br/dp/B0F7JZMVKF?smid=A3POF6EIWE8R8,55C6K
2026-09-26T22:15:37-03:00,amazon,loja,Amazon,Magalu.,Smart TV TCL 55 Polegadas QD-Mini LED 4K C6K WiFi Bluetooth Google TV 4 HDMI 144Hz HDR10+ 55C6K,,3699.34,,,https://www.amazon.com.br/dp/B0F7JZMVKF?smid=ACUNARZFR75ET,55C6K
2026-09-26T22:15:37-03:00,amazon,loja,Amazon,Lojas Colombo S/A,Smart TV TCL 55 Polegadas QD-Mini LED 4K C6K WiFi Bluetooth Google TV 4 HDMI 144Hz HDR10+ 55C6K,4208.14,,,,https://www.amazon.com.br/dp/B0F7JZMVKF?smid=A30OZFNW1RCCSM,55C6K
2026-09-26T22:15:37-03:00,amazon,loja,Amazon,Amazon.com.br,Smart TV TCL 55 Polegadas QD-Mini LED 4K C6K WiFi Bluetooth Google TV 4 HDMI 144Hz HDR10+ 55C6K,3599.0,3491.03,"12x R$ 299,99 sem juros",,https://www.amazon.com.br/dp/B0F7JZMVKF?smid=A1ZZFT5FULY4LN,55C6K
2026-09-26T22:15:37-03:00,amazon,loja,Amazon,Magalu.,Smart TV TCL 65 Polegadas QD-Mini LED 4K C6K WiFi Bluetooth Google TV 4 HDMI 144Hz HDR10+ 65C6K,,4331.09,,,https://www.amazon.com.br/dp/B0F7K7B2PD?smid=ACUNARZFR75ET,65C6K
2026-09-26T22:15:37-03:00,amazon,loja,Amazon,Lojas Colombo S/A,Smart TV TCL 65 Polegadas QD-Mini LED 4K C6K WiFi Bluetooth Google TV 4 HDMI 144Hz HDR10+ 65C6K,5382.56,,,,https://www.amazon.com.br/dp/B0F7K7B2PD?smid=A30OZFNW1RCCSM,65C6K
2026-09-26T22:15:37-03:00,amazon,loja,Amazon,Leonfer Shop,Smart TV TCL 65 Polegadas QD-Mini LED 4K C6K WiFi Bluetooth Google TV 4 HDMI 144Hz HDR10+ 65C6K,7214.9,,,,https://www.amazon.com.br/dp/B0F7K7B2PD?smid=A28W2XGABGHXAH,65C6K
2026-09-26T22:15:37-03:00,amazon,loja,Amazon,Amazon.com.br,Smart TV TCL 65 Polegadas QD-Mini LED 4K C6K WiFi Bluetooth Google TV 4 HDMI 144Hz HDR10+ 65C6K,4624.22,4219.07,"12x R$ 385,37 sem juros",,https://www.amazon.com.br/dp/B0F7K7B2PD?smid=A1ZZFT5FULY4LN,65C6K
2026-09-26T22:15:37-03:00,casasbahia,loja,Casas Bahia,Casas Bahia,Smart TV 55” TCL 55C6K 4K QD-Mini Led 144Hz Sistema Operacional Google TV,3998.98,3599.08,"10x R$ 399,90 sem juros (cartão Casas Bahia)",,https://www.casasbahia.com.br/smart-tv-55-tcl-55c6k-4k-qd-mini-led-144hz-sistema-operacional-google-tv/p/55069456,55C6K
2026-09-26T22:15:37-03:00,casasbahia,loja,Casas Bahia,Casas Bahia,Smart TV TCL 65 Polegadas 65C6K QD-Mini LED 4K UHD Google TV 144Hz HDR10+,4687.87,4219.08,"10x R$ 468,79 sem juros (cartão Casas Bahia)",,https://www.casasbahia.com.br/smart-tv-65-tcl-65c6k-4k-qd-mini-led-144hz-com-sistema-operacional-google-tv/p/55069453,65C6K
2026-09-26T22:15:37-03:00,casasbahia,loja,Casas Bahia,LOJAS COLOMBO,"Smart TV TCL 55 AI, 4K UHD, QLED Mini LED, Android TV - 55C6K - Voltagem: Bivolt",5312.75,,"10x R$ 531,28 sem juros",,https://www.casasbahia.com.br/smart-tv-tcl-55-ai-4k-uhd-qled-mini-led-android-tv-55c6k/p/1582483296,55C6K
2026-09-26T22:15:37-03:00,casasbahia,loja,Casas Bahia,,Smart TV TCL 65C6K 65 4K Mini LED Android TV Semp Tcl,6795.5,,,,https://www.casasbahia.com.br/smart-tv-tcl-65c6k-65-4k-mini-led-android-tv-semp-tcl/p/1582860724,65C6K
2026-09-26T22:15:37-03:00,mercadolivre,loja,Mercado Livre,,Smart Tv Tcl 55 Polegadas Qd-Mini Led 4k C6k Wifi Bluetooth Google Tv 4 Hdmi 144hz Hdr10+ 55c6k,5299.0,3989.0,,,https://www.mercadolivre.com.br/p/MLB48808732?pdp_filters=item_id%3AMLB6713012362,55C6K
2026-09-26T22:15:37-03:00,mercadolivre,loja,Mercado Livre,Mercado Livre,Smart Tv Tcl 55 Polegadas Qd-Mini Led 4k C6k Wifi Bluetooth Google Tv 4 Hdmi 144hz Hdr10+ 55c6k,3491.03,,"10x R$ 359,90 sem juros",,https://www.mercadolivre.com.br/p/MLB48808732?pdp_filters=item_id%3AMLB5417889802,55C6K
2026-09-26T22:15:37-03:00,mercadolivre,loja,Mercado Livre,Mercado Livre,Smart Tv Tcl 55  4k Qd-mini Led Google Tv 127/220v 55c6k,3599.0,,"10x R$ 359,90 sem juros",,https://www.mercadolivre.com.br/smart-tv-tcl-55--4k-qdmini-led-google-tv-127220v-55c6k/up/MLBU3165217359,55C6K
2026-09-26T22:15:37-03:00,mercadolivre,loja,Mercado Livre,TCL,Smart Tv Tcl 55  Qled Mini Led 4k C6k Wifi Bluetooth 55c6k,3989.0,,"10x R$ 398,90 sem juros",,https://www.mercadolivre.com.br/smart-tv-tcl-55--qled-mini-led-4k-c6k-wifi-bluetooth-55c6k/up/MLBU3921703471,55C6K
2026-09-26T22:15:37-03:00,mercadolivre,loja,Mercado Livre,,Smart Tv Tcl 65 Polegadas Qd-Mini Led 4k C6k Wifi Bluetooth Google Tv 4 Hdmi 144hz Hdr10+ 65c6k,6499.0,4939.0,,,https://www.mercadolivre.com.br/p/MLB50368907?pdp_filters=item_id%3AMLB6713050924,65C6K
2026-09-26T22:15:37-03:00,mercadolivre,loja,Mercado Livre,Mercado Livre,Smart Tv Tcl 65 Polegadas Qd-Mini Led 4k C6k Wifi Bluetooth Google Tv 4 Hdmi 144hz Hdr10+ 65c6k,4151.51,,"10x R$ 446,40 sem juros",,https://www.mercadolivre.com.br/p/MLB50368907?pdp_filters=item_id%3AMLB5446673958,65C6K
2026-09-26T22:15:37-03:00,mercadolivre,loja,Mercado Livre,Mercado Livre,Tcl 4k Qd-mini Led Tv 65 C6k Google Tv,4463.0,,"10x R$ 446,40 sem juros",,https://www.mercadolivre.com.br/tcl-4k-qdmini-led-tv-65-c6k-google-tv/up/MLBU3187349883,65C6K
2026-09-26T22:15:37-03:00,aliexpress,loja,AliExpress,,"Smart TV 55"" TCL 4K UHD MiniLED 55C6K 120Hz Google TV AiPQ Google Assistente 4 HDMI 2 USB R$ 3.999 R$ 4.199 4.8 5.000+ vendido(s) Top vendas",3999.0,,,,https://pt.aliexpress.com/item/1005009459962683.html,55C6K
2026-09-26T22:15:37-03:00,aliexpress,loja,AliExpress,,"Smart TV 65"" TCL 4K UHD MiniLED 65C6K 120Hz Google TV AiPQ Google Assistente 4 HDMI 2 USB R$ 4.659 R$ 4.899 4.8 2.000+ vendido(s) Top vendas",4659.0,,,,https://pt.aliexpress.com/item/1005009036343124.html,65C6K
2026-09-26T22:45:40-03:00,amazon,loja,Amazon,TCLSEMP.,Smart TV TCL 55 Polegadas QD-Mini LED 4K C6K WiFi Bluetooth Google TV 4 HDMI 144Hz HDR10+ 55C6K,,3533.05,,,https://www.amazon.com.br/dp/B0F7JZMVKF?smid=A3R1Z59ZORN2J9,55C6K
2026-09-26T22:45:40-03:00,amazon,loja,Amazon,Imagem Hitech FULL,Smart TV TCL 55 Polegadas QD-Mini LED 4K C6K WiFi Bluetooth Google TV 4 HDMI 144Hz HDR10+ 55C6K,,3571.05,,,https://www.amazon.com.br/dp/B0F7JZMVKF?smid=A3POF6EIWE8R8,55C6K
2026-09-26T22:45:40-03:00,amazon,loja,Amazon,Magalu.,Smart TV TCL 55 Polegadas QD-Mini LED 4K C6K WiFi Bluetooth Google TV 4 HDMI 144Hz HDR10+ 55C6K,,3699.34,,,https://www.amazon.com.br/dp/B0F7JZMVKF?smid=ACUNARZFR75ET,55C6K
2026-09-26T22:45:40-03:00,amazon,loja,Amazon,Lojas Colombo S/A,Smart TV TCL 55 Polegadas QD-Mini LED 4K C6K WiFi Bluetooth Google TV 4 HDMI 144Hz HDR10+ 55C6K,4208.14,,,,https://www.amazon.com.br/dp/B0F7JZMVKF?smid=A30OZFNW1RCCSM,55C6K
2026-09-26T22:45:40-03:00,amazon,loja,Amazon,Amazon.com.br,Smart TV TCL 55 Polegadas QD-Mini LED 4K C6K WiFi Bluetooth Google TV 4 HDMI 144Hz HDR10+ 55C6K,3599.0,3491.03,"12x R$ 299,99 sem juros",,https://www.amazon.com.br/dp/B0F7JZMVKF?smid=A1ZZFT5FULY4LN,55C6K
2026-09-26T22:45:40-03:00,amazon,loja,Amazon,Magalu.,Smart TV TCL 65 Polegadas QD-Mini LED 4K C6K WiFi Bluetooth Google TV 4 HDMI 144Hz HDR10+ 65C6K,,4331.09,,,https://www.amazon.com.br/dp/B0F7K7B2PD?smid=ACUNARZFR75ET,65C6K
2026-09-26T22:45:40-03:00,amazon,loja,Amazon,Lojas Colombo S/A,Smart TV TCL 65 Polegadas QD-Mini LED 4K C6K WiFi Bluetooth Google TV 4 HDMI 144Hz HDR10+ 65C6K,5382.56,,,,https://www.amazon.com.br/dp/B0F7K7B2PD?smid=A30OZFNW1RCCSM,65C6K
2026-09-26T22:45:40-03:00,amazon,loja,Amazon,Leonfer Shop,Smart TV TCL 65 Polegadas QD-Mini LED 4K C6K WiFi Bluetooth Google TV 4 HDMI 144Hz HDR10+ 65C6K,7214.9,,,,https://www.amazon.com.br/dp/B0F7K7B2PD?smid=A28W2XGABGHXAH,65C6K
2026-09-26T22:45:40-03:00,amazon,loja,Amazon,Amazon.com.br,Smart TV TCL 65 Polegadas QD-Mini LED 4K C6K WiFi Bluetooth Google TV 4 HDMI 144Hz HDR10+ 65C6K,4624.22,4219.07,"12x R$ 385,37 sem juros",,https://www.amazon.com.br/dp/B0F7K7B2PD?smid=A1ZZFT5FULY4LN,65C6K
2026-09-26T22:45:40-03:00,casasbahia,loja,Casas Bahia,Casas Bahia,Smart TV 55” TCL 55C6K 4K QD-Mini Led 144Hz Sistema Operacional Google TV,3998.98,3599.08,"10x R$ 399,90 sem juros (cartão Casas Bahia)",,https://www.casasbahia.com.br/smart-tv-55-tcl-55c6k-4k-qd-mini-led-144hz-sistema-operacional-google-tv/p/55069456,55C6K
2026-09-26T22:45:40-03:00,casasbahia,loja,Casas Bahia,Casas Bahia,Smart TV TCL 65 Polegadas 65C6K QD-Mini LED 4K UHD Google TV 144Hz HDR10+,4687.87,4219.08,"10x R$ 468,79 sem juros (cartão Casas Bahia)",,https://www.casasbahia.com.br/smart-tv-65-tcl-65c6k-4k-qd-mini-led-144hz-com-sistema-operacional-google-tv/p/55069453,65C6K
2026-09-26T22:45:40-03:00,casasbahia,loja,Casas Bahia,LOJAS COLOMBO,"Smart TV TCL 55 AI, 4K UHD, QLED Mini LED, Android TV - 55C6K - Voltagem: Bivolt",5312.75,,"10x R$ 531,28 sem juros",,https://www.casasbahia.com.br/smart-tv-tcl-55-ai-4k-uhd-qled-mini-led-android-tv-55c6k/p/1582483296,55C6K
2026-09-26T22:45:40-03:00,casasbahia,loja,Casas Bahia,,Smart TV TCL 65C6K 65 4K Mini LED Android TV Semp Tcl,6795.5,,,,https://www.casasbahia.com.br/smart-tv-tcl-65c6k-65-4k-mini-led-android-tv-semp-tcl/p/1582860724,65C6K
2026-09-26T22:45:40-03:00,mercadolivre,loja,Mercado Livre,,Smart Tv Tcl 55 Polegadas Qd-Mini Led 4k C6k Wifi Bluetooth Google Tv 4 Hdmi 144hz Hdr10+ 55c6k,5299.0,3989.0,,,https://www.mercadolivre.com.br/p/MLB48808732?pdp_filters=item_id%3AMLB6713012362,55C6K
2026-09-26T22:45:40-03:00,mercadolivre,loja,Mercado Livre,Mercado Livre,Smart Tv Tcl 55 Polegadas Qd-Mini Led 4k C6k Wifi Bluetooth Google Tv 4 Hdmi 144hz Hdr10+ 55c6k,3491.03,,"10x R$ 359,90 sem juros",,https://www.mercadolivre.com.br/p/MLB48808732?pdp_filters=item_id%3AMLB5417889802,55C6K
2026-09-26T22:45:40-03:00,mercadolivre,loja,Mercado Livre,Mercado Livre,Smart Tv Tcl 55  4k Qd-mini Led Google Tv 127/220v 55c6k,3599.0,,"10x R$ 359,90 sem juros",,https://www.mercadolivre.com.br/smart-tv-tcl-55--4k-qdmini-led-google-tv-127220v-55c6k/up/MLBU3165217359,55C6K
2026-09-26T22:45:40-03:00,mercadolivre,loja,Mercado Livre,TCL,Smart Tv Tcl 55  Qled Mini Led 4k C6k Wifi Bluetooth 55c6k,3989.0,,"10x R$ 398,90 sem juros",,https://www.mercadolivre.com.br/smart-tv-tcl-55--qled-mini-led-4k-c6k-wifi-bluetooth-55c6k/up/MLBU3921703471,55C6K
2026-09-26T22:45:40-03:00,mercadolivre,loja,Mercado Livre,,Smart Tv Tcl 65 Polegadas Qd-Mini Led 4k C6k Wifi Bluetooth Google Tv 4 Hdmi 144hz Hdr10+ 65c6k,6499.0,4939.0,,,https://www.mercadolivre.com.br/p/MLB50368907?pdp_filters=item_id%3AMLB6713050924,65C6K
2026-09-26T22:45:40-03:00,mercadolivre,loja,Mercado Livre,Mercado Livre,Smart Tv Tcl 65 Polegadas Qd-Mini Led 4k C6k Wifi Bluetooth Google Tv 4 Hdmi 144hz Hdr10+ 65c6k,4151.51,,"10x R$ 446,40 sem juros",,https://www.mercadolivre.com.br/p/MLB50368907?pdp_filters=item_id%3AMLB5446673958,65C6K
2026-09-26T22:45:40-03:00,mercadolivre,loja,Mercado Livre,Casas Bahia,Smart Tv 65 65c6k 4k Qd-mini Led 144hz Com Google Tv Tcl,4499.0,,"10x R$ 449,90 sem juros",,https://www.mercadolivre.com.br/smart-tv-65-65c6k-4k-qdmini-led-144hz-com-google-tv-tcl/up/MLBU3519154684,65C6K
2026-09-26T22:45:40-03:00,aliexpress,loja,AliExpress,,"Smart TV 55"" TCL 4K UHD MiniLED 55C6K 120Hz Google TV AiPQ Google Assistente 4 HDMI 2 USB R$ 3.999 R$ 4.199 4.8 5.000+ vendido(s) Top vendas",3999.0,,,,https://pt.aliexpress.com/item/1005009459962683.html,55C6K
2026-09-26T22:45:40-03:00,aliexpress,loja,AliExpress,,"Smart TV 65"" TCL 4K UHD MiniLED 65C6K 120Hz Google TV AiPQ Google Assistente 4 HDMI 2 USB R$ 4.659 R$ 4.899 4.8 2.000+ vendido(s) Top vendas",4659.0,,,,https://pt.aliexpress.com/item/1005009036343124.html,65C6K
2026-09-26T23:15:33-03:00,amazon,loja,Amazon,TCLSEMP.,Smart TV TCL 55 Polegadas QD-Mini LED 4K C6K WiFi Bluetooth Google TV 4 HDMI 144Hz HDR10+ 55C6K,,3533.05,,,https://www.amazon.com.br/dp/B0F7JZMVKF?smid=A3R1Z59ZORN2J9,55C6K
2026-09-26T23:15:33-03:00,amazon,loja,Amazon,Imagem Hitech FULL,Smart TV TCL 55 Polegadas QD-Mini LED 4K C6K WiFi Bluetooth Google TV 4 HDMI 144Hz HDR10+ 55C6K,,3571.05,,,https://www.amazon.com.br/dp/B0F7JZMVKF?smid=A3POF6EIWE8R8,55C6K
2026-09-26T23:15:33-03:00,amazon,loja,Amazon,Magalu.,Smart TV TCL 55 Polegadas QD-Mini LED 4K C6K WiFi Bluetooth Google TV 4 HDMI 144Hz HDR10+ 55C6K,,3699.34,,,https://www.amazon.com.br/dp/B0F7JZMVKF?smid=ACUNARZFR75ET,55C6K
2026-09-26T23:15:33-03:00,amazon,loja,Amazon,Lojas Colombo S/A,Smart TV TCL 55 Polegadas QD-Mini LED 4K C6K WiFi Bluetooth Google TV 4 HDMI 144Hz HDR10+ 55C6K,4208.14,,,,https://www.amazon.com.br/dp/B0F7JZMVKF?smid=A30OZFNW1RCCSM,55C6K
2026-09-26T23:15:33-03:00,amazon,loja,Amazon,Amazon.com.br,Smart TV TCL 55 Polegadas QD-Mini LED 4K C6K WiFi Bluetooth Google TV 4 HDMI 144Hz HDR10+ 55C6K,3599.0,3491.03,"12x R$ 299,99 sem juros",,https://www.amazon.com.br/dp/B0F7JZMVKF?smid=A1ZZFT5FULY4LN,55C6K
2026-09-26T23:15:33-03:00,amazon,loja,Amazon,Magalu.,Smart TV TCL 65 Polegadas QD-Mini LED 4K C6K WiFi Bluetooth Google TV 4 HDMI 144Hz HDR10+ 65C6K,,4331.09,,,https://www.amazon.com.br/dp/B0F7K7B2PD?smid=ACUNARZFR75ET,65C6K
2026-09-26T23:15:33-03:00,amazon,loja,Amazon,Lojas Colombo S/A,Smart TV TCL 65 Polegadas QD-Mini LED 4K C6K WiFi Bluetooth Google TV 4 HDMI 144Hz HDR10+ 65C6K,5382.56,,,,https://www.amazon.com.br/dp/B0F7K7B2PD?smid=A30OZFNW1RCCSM,65C6K
2026-09-26T23:15:33-03:00,amazon,loja,Amazon,Leonfer Shop,Smart TV TCL 65 Polegadas QD-Mini LED 4K C6K WiFi Bluetooth Google TV 4 HDMI 144Hz HDR10+ 65C6K,7214.9,,,,https://www.amazon.com.br/dp/B0F7K7B2PD?smid=A28W2XGABGHXAH,65C6K
2026-09-26T23:15:33-03:00,amazon,loja,Amazon,Amazon.com.br,Smart TV TCL 65 Polegadas QD-Mini LED 4K C6K WiFi Bluetooth Google TV 4 HDMI 144Hz HDR10+ 65C6K,4624.22,4219.07,"12x R$ 385,37 sem juros",,https://www.amazon.com.br/dp/B0F7K7B2PD?smid=A1ZZFT5FULY4LN,65C6K
2026-09-26T23:15:33-03:00,casasbahia,loja,Casas Bahia,Casas Bahia,Smart TV 55” TCL 55C6K 4K QD-Mini Led 144Hz Sistema Operacional Google TV,3998.98,3599.08,"10x R$ 399,90 sem juros (cartão Casas Bahia)",,https://www.casasbahia.com.br/smart-tv-55-tcl-55c6k-4k-qd-mini-led-144hz-sistema-operacional-google-tv/p/55069456,55C6K
2026-09-26T23:15:33-03:00,casasbahia,loja,Casas Bahia,Casas Bahia,Smart TV TCL 65 Polegadas 65C6K QD-Mini LED 4K UHD Google TV 144Hz HDR10+,4687.87,4219.08,"10x R$ 468,79 sem juros (cartão Casas Bahia)",,https://www.casasbahia.com.br/smart-tv-65-tcl-65c6k-4k-qd-mini-led-144hz-com-sistema-operacional-google-tv/p/55069453,65C6K
2026-09-26T23:15:33-03:00,casasbahia,loja,Casas Bahia,LOJAS COLOMBO,"Smart TV TCL 55 AI, 4K UHD, QLED Mini LED, Android TV - 55C6K - Voltagem: Bivolt",5312.75,,"10x R$ 531,28 sem juros",,https://www.casasbahia.com.br/smart-tv-tcl-55-ai-4k-uhd-qled-mini-led-android-tv-55c6k/p/1582483296,55C6K
2026-09-26T23:15:33-03:00,casasbahia,loja,Casas Bahia,,Smart TV TCL 65C6K 65 4K Mini LED Android TV Semp Tcl,6795.5,,,,https://www.casasbahia.com.br/smart-tv-tcl-65c6k-65-4k-mini-led-android-tv-semp-tcl/p/1582860724,65C6K
2026-09-26T23:15:33-03:00,mercadolivre,loja,Mercado Livre,,Smart Tv Tcl 55 Polegadas Qd-Mini Led 4k C6k Wifi Bluetooth Google Tv 4 Hdmi 144hz Hdr10+ 55c6k,5299.0,3989.0,,,https://www.mercadolivre.com.br/p/MLB48808732?pdp_filters=item_id%3AMLB6713012362,55C6K
2026-09-26T23:15:33-03:00,mercadolivre,loja,Mercado Livre,Mercado Livre,Smart Tv Tcl 55 Polegadas Qd-Mini Led 4k C6k Wifi Bluetooth Google Tv 4 Hdmi 144hz Hdr10+ 55c6k,3491.03,,"10x R$ 359,90 sem juros",,https://www.mercadolivre.com.br/p/MLB48808732?pdp_filters=item_id%3AMLB5417889802,55C6K
2026-09-26T23:15:33-03:00,mercadolivre,loja,Mercado Livre,Mercado Livre,Smart Tv Tcl 55  4k Qd-mini Led Google Tv 127/220v 55c6k,3599.0,,"10x R$ 359,90 sem juros",,https://www.mercadolivre.com.br/smart-tv-tcl-55--4k-qdmini-led-google-tv-127220v-55c6k/up/MLBU3165217359,55C6K
2026-09-26T23:15:33-03:00,mercadolivre,loja,Mercado Livre,TCL,Smart Tv Tcl 55  Qled Mini Led 4k C6k Wifi Bluetooth 55c6k,3989.0,,"10x R$ 398,90 sem juros",,https://www.mercadolivre.com.br/smart-tv-tcl-55--qled-mini-led-4k-c6k-wifi-bluetooth-55c6k/up/MLBU3921703471,55C6K
2026-09-26T23:15:33-03:00,mercadolivre,loja,Mercado Livre,,Smart Tv Tcl 65 Polegadas Qd-Mini Led 4k C6k Wifi Bluetooth Google Tv 4 Hdmi 144hz Hdr10+ 65c6k,6499.0,4939.0,,,https://www.mercadolivre.com.br/p/MLB50368907?pdp_filters=item_id%3AMLB6713050924,65C6K
2026-09-26T23:15:33-03:00,mercadolivre,loja,Mercado Livre,Mercado Livre,Smart Tv Tcl 65 Polegadas Qd-Mini Led 4k C6k Wifi Bluetooth Google Tv 4 Hdmi 144hz Hdr10+ 65c6k,4151.51,,"10x R$ 446,40 sem juros",,https://www.mercadolivre.com.br/p/MLB50368907?pdp_filters=item_id%3AMLB5446673958,65C6K
2026-09-26T23:15:33-03:00,mercadolivre,loja,Mercado Livre,Mercado Livre,Tcl 4k Qd-mini Led Tv 65 C6k Google Tv,4463.0,,"10x R$ 446,40 sem juros",,https://www.mercadolivre.com.br/tcl-4k-qdmini-led-tv-65-c6k-google-tv/up/MLBU3187349883,65C6K
2026-09-26T23:15:33-03:00,aliexpress,loja,AliExpress,,"Smart TV 55"" TCL 4K UHD MiniLED 55C6K 120Hz Google TV AiPQ Google Assistente 4 HDMI 2 USB R$ 3.999 R$ 4.199 4.8 5.000+ vendido(s) Top vendas",3999.0,,,,https://pt.aliexpress.com/item/1005009459962683.html,55C6K
2026-09-26T23:15:33-03:00,aliexpress,loja,AliExpress,,"Smart TV 65"" TCL 4K UHD MiniLED 65C6K 120Hz Google TV AiPQ Google Assistente 4 HDMI 2 USB R$ 4.659 R$ 4.899 4.8 2.000+ vendido(s) Top vendas",4659.0,,,,https://pt.aliexpress.com/item/1005009036343124.html,65C6K
2026-09-26T23:45:34-03:00,amazon,loja,Amazon,TCLSEMP.,Smart TV TCL 55 Polegadas QD-Mini LED 4K C6K WiFi Bluetooth Google TV 4 HDMI 144Hz HDR10+ 55C6K,,3533.05,,,https://www.amazon.com.br/dp/B0F7JZMVKF?smid=A3R1Z59ZORN2J9,55C6K
2026-09-26T23:45:34-03:00,amazon,loja,Amazon,Imagem Hitech FULL,Smart TV TCL 55 Polegadas QD-Mini LED 4K C6K WiFi Bluetooth Google TV 4 HDMI 144Hz HDR10+ 55C6K,,3571.05,,,https://www.amazon.com.br/dp/B0F7JZMVKF?smid=A3POF6EIWE8R8,55C6K
2026-09-26T23:45:34-03:00,amazon,loja,Amazon,Magalu.,Smart TV TCL 55 Polegadas QD-Mini LED 4K C6K WiFi Bluetooth Google TV 4 HDMI 144Hz HDR10+ 55C6K,,3699.34,,,https://www.amazon.com.br/dp/B0F7JZMVKF?smid=ACUNARZFR75ET,55C6K
2026-09-26T23:45:34-03:00,amazon,loja,Amazon,Lojas Colombo S/A,Smart TV TCL 55 Polegadas QD-Mini LED 4K C6K WiFi Bluetooth Google TV 4 HDMI 144Hz HDR10+ 55C6K,4208.14,,,,https://www.amazon.com.br/dp/B0F7JZMVKF?smid=A30OZFNW1RCCSM,55C6K
2026-09-26T23:45:34-03:00,amazon,loja,Amazon,Amazon.com.br,Smart TV TCL 55 Polegadas QD-Mini LED 4K C6K WiFi Bluetooth Google TV 4 HDMI 144Hz HDR10+ 55C6K,3599.0,3491.03,"12x R$ 299,99 sem juros",,https://www.amazon.com.br/dp/B0F7JZMVKF?smid=A1ZZFT5FULY4LN,55C6K
2026-09-26T23:45:34-03:00,amazon,loja,Amazon,Magalu.,Smart TV TCL 65 Polegadas QD-Mini LED 4K C6K WiFi Bluetooth Google TV 4 HDMI 144Hz HDR10+ 65C6K,,4331.09,,,https://www.amazon.com.br/dp/B0F7K7B2PD?smid=ACUNARZFR75ET,65C6K
2026-09-26T23:45:34-03:00,amazon,loja,Amazon,Lojas Colombo S/A,Smart TV TCL 65 Polegadas QD-Mini LED 4K C6K WiFi Bluetooth Google TV 4 HDMI 144Hz HDR10+ 65C6K,5382.56,,,,https://www.amazon.com.br/dp/B0F7K7B2PD?smid=A30OZFNW1RCCSM,65C6K
2026-09-26T23:45:34-03:00,amazon,loja,Amazon,Leonfer Shop,Smart TV TCL 65 Polegadas QD-Mini LED 4K C6K WiFi Bluetooth Google TV 4 HDMI 144Hz HDR10+ 65C6K,7214.9,,,,https://www.amazon.com.br/dp/B0F7K7B2PD?smid=A28W2XGABGHXAH,65C6K
2026-09-26T23:45:34-03:00,amazon,loja,Amazon,Amazon.com.br,Smart TV TCL 65 Polegadas QD-Mini LED 4K C6K WiFi Bluetooth Google TV 4 HDMI 144Hz HDR10+ 65C6K,4624.22,4219.07,"12x R$ 385,37 sem juros",,https://www.amazon.com.br/dp/B0F7K7B2PD?smid=A1ZZFT5FULY4LN,65C6K
2026-09-26T23:45:34-03:00,casasbahia,loja,Casas Bahia,Casas Bahia,Smart TV 55” TCL 55C6K 4K QD-Mini Led 144Hz Sistema Operacional Google TV,3998.98,3599.08,"10x R$ 399,90 sem juros (cartão Casas Bahia)",,https://www.casasbahia.com.br/smart-tv-55-tcl-55c6k-4k-qd-mini-led-144hz-sistema-operacional-google-tv/p/55069456,55C6K
2026-09-26T23:45:34-03:00,casasbahia,loja,Casas Bahia,Casas Bahia,Smart TV TCL 65 Polegadas 65C6K QD-Mini LED 4K UHD Google TV 144Hz HDR10+,4687.87,4219.08,"10x R$ 468,79 sem juros (cartão Casas Bahia)",,https://www.casasbahia.com.br/smart-tv-65-tcl-65c6k-4k-qd-mini-led-144hz-com-sistema-operacional-google-tv/p/55069453,65C6K
2026-09-26T23:45:34-03:00,casasbahia,loja,Casas Bahia,LOJAS COLOMBO,"Smart TV TCL 55 AI, 4K UHD, QLED Mini LED, Android TV - 55C6K - Voltagem: Bivolt",5312.75,,"10x R$ 531,28 sem juros",,https://www.casasbahia.com.br/smart-tv-tcl-55-ai-4k-uhd-qled-mini-led-android-tv-55c6k/p/1582483296,55C6K
2026-09-26T23:45:34-03:00,casasbahia,loja,Casas Bahia,,Smart TV TCL 65C6K 65 4K Mini LED Android TV Semp Tcl,6795.5,,,,https://www.casasbahia.com.br/smart-tv-tcl-65c6k-65-4k-mini-led-android-tv-semp-tcl/p/1582860724,65C6K
2026-09-26T23:45:34-03:00,mercadolivre,loja,Mercado Livre,,Smart Tv Tcl 55 Polegadas Qd-Mini Led 4k C6k Wifi Bluetooth Google Tv 4 Hdmi 144hz Hdr10+ 55c6k,5299.0,3989.0,,,https://www.mercadolivre.com.br/p/MLB48808732?pdp_filters=item_id%3AMLB6713012362,55C6K
2026-09-26T23:45:34-03:00,mercadolivre,loja,Mercado Livre,Mercado Livre,Smart Tv Tcl 55 Polegadas Qd-Mini Led 4k C6k Wifi Bluetooth Google Tv 4 Hdmi 144hz Hdr10+ 55c6k,3491.03,,"10x R$ 359,90 sem juros",,https://www.mercadolivre.com.br/p/MLB48808732?pdp_filters=item_id%3AMLB5417889802,55C6K
2026-09-26T23:45:34-03:00,mercadolivre,loja,Mercado Livre,TCL,Smart Tv Tcl 55  Qled Mini Led 4k C6k Wifi Bluetooth 55c6k,3989.0,,"10x R$ 398,90 sem juros",,https://www.mercadolivre.com.br/smart-tv-tcl-55--qled-mini-led-4k-c6k-wifi-bluetooth-55c6k/up/MLBU3921703471,55C6K
2026-09-26T23:45:34-03:00,mercadolivre,loja,Mercado Livre,,Smart Tv Tcl 65 Polegadas Qd-Mini Led 4k C6k Wifi Bluetooth Google Tv 4 Hdmi 144hz Hdr10+ 65c6k,6499.0,4939.0,,,https://www.mercadolivre.com.br/p/MLB50368907?pdp_filters=item_id%3AMLB6713050924,65C6K
2026-09-26T23:45:34-03:00,mercadolivre,loja,Mercado Livre,Mercado Livre,Smart Tv Tcl 65 Polegadas Qd-Mini Led 4k C6k Wifi Bluetooth Google Tv 4 Hdmi 144hz Hdr10+ 65c6k,4151.51,,"10x R$ 446,40 sem juros",,https://www.mercadolivre.com.br/p/MLB50368907?pdp_filters=item_id%3AMLB5446673958,65C6K
2026-09-26T23:45:34-03:00,mercadolivre,loja,Mercado Livre,Casas Bahia,Smart Tv 65 65c6k 4k Qd-mini Led 144hz Com Google Tv Tcl,4499.0,,"10x R$ 449,90 sem juros",,https://www.mercadolivre.com.br/smart-tv-65-65c6k-4k-qdmini-led-144hz-com-google-tv-tcl/up/MLBU3519154684,65C6K
2026-09-26T23:45:34-03:00,aliexpress,loja,AliExpress,,"Smart TV 55"" TCL 4K UHD MiniLED 55C6K 120Hz Google TV AiPQ Google Assistente 4 HDMI 2 USB R$ 3.999 R$ 4.199 4.8 5.000+ vendido(s) Top vendas",3999.0,,,,https://pt.aliexpress.com/item/1005009459962683.html,55C6K
2026-09-26T23:45:34-03:00,aliexpress,loja,AliExpress,,"Smart TV 65"" TCL 4K UHD MiniLED 65C6K 120Hz Google TV AiPQ Google Assistente 4 HDMI 2 USB R$ 4.659 R$ 4.899 4.8 2.000+ vendido(s) Top vendas",4659.0,,,,https://pt.aliexpress.com/item/1005009036343124.html,65C6K
2026-09-27T00:15:33-03:00,amazon,loja,Amazon,TCLSEMP.,Smart TV TCL 55 Polegadas QD-Mini LED 4K C6K WiFi Bluetooth Google TV 4 HDMI 144Hz HDR10+ 55C6K,,3533.05,,,https://www.amazon.com.br/dp/B0F7JZMVKF?smid=A3R1Z59ZORN2J9,55C6K
2026-09-27T00:15:33-03:00,amazon,loja,Amazon,Imagem Hitech FULL,Smart TV TCL 55 Polegadas QD-Mini LED 4K C6K WiFi Bluetooth Google TV 4 HDMI 144Hz HDR10+ 55C6K,,3571.05,,,https://www.amazon.com.br/dp/B0F7JZMVKF?smid=A3POF6EIWE8R8,55C6K
2026-09-27T00:15:33-03:00,amazon,loja,Amazon,Magalu.,Smart TV TCL 55 Polegadas QD-Mini LED 4K C6K WiFi Bluetooth Google TV 4 HDMI 144Hz HDR10+ 55C6K,,3699.34,,,https://www.amazon.com.br/dp/B0F7JZMVKF?smid=ACUNARZFR75ET,55C6K
2026-09-27T00:15:33-03:00,amazon,loja,Amazon,Lojas Colombo S/A,Smart TV TCL 55 Polegadas QD-Mini LED 4K C6K WiFi Bluetooth Google TV 4 HDMI 144Hz HDR10+ 55C6K,4208.14,,,,https://www.amazon.com.br/dp/B0F7JZMVKF?smid=A30OZFNW1RCCSM,55C6K
2026-09-27T00:15:33-03:00,amazon,loja,Amazon,Amazon.com.br,Smart TV TCL 55 Polegadas QD-Mini LED 4K C6K WiFi Bluetooth Google TV 4 HDMI 144Hz HDR10+ 55C6K,3599.0,3491.03,"12x R$ 299,99 sem juros",,https://www.amazon.com.br/dp/B0F7JZMVKF?smid=A1ZZFT5FULY4LN,55C6K
2026-09-27T00:15:33-03:00,amazon,loja,Amazon,Magalu.,Smart TV TCL 65 Polegadas QD-Mini LED 4K C6K WiFi Bluetooth Google TV 4 HDMI 144Hz HDR10+ 65C6K,,4331.09,,,https://www.amazon.com.br/dp/B0F7K7B2PD?smid=ACUNARZFR75ET,65C6K
2026-09-27T00:15:33-03:00,amazon,loja,Amazon,Lojas Colombo S/A,Smart TV TCL 65 Polegadas QD-Mini LED 4K C6K WiFi Bluetooth Google TV 4 HDMI 144Hz HDR10+ 65C6K,5382.56,,,,https://www.amazon.com.br/dp/B0F7K7B2PD?smid=A30OZFNW1RCCSM,65C6K
2026-09-27T00:15:33-03:00,amazon,loja,Amazon,Leonfer Shop,Smart TV TCL 65 Polegadas QD-Mini LED 4K C6K WiFi Bluetooth Google TV 4 HDMI 144Hz HDR10+ 65C6K,7214.9,,,,https://www.amazon.com.br/dp/B0F7K7B2PD?smid=A28W2XGABGHXAH,65C6K
2026-09-27T00:15:33-03:00,amazon,loja,Amazon,Amazon.com.br,Smart TV TCL 65 Polegadas QD-Mini LED 4K C6K WiFi Bluetooth Google TV 4 HDMI 144Hz HDR10+ 65C6K,4624.22,4219.07,"12x R$ 385,37 sem juros",,https://www.amazon.com.br/dp/B0F7K7B2PD?smid=A1ZZFT5FULY4LN,65C6K
2026-09-27T00:15:33-03:00,casasbahia,loja,Casas Bahia,Casas Bahia,Smart TV 55” TCL 55C6K 4K QD-Mini Led 144Hz Sistema Operacional Google TV,3998.98,3599.08,"10x R$ 399,90 sem juros (cartão Casas Bahia)",,https://www.casasbahia.com.br/smart-tv-55-tcl-55c6k-4k-qd-mini-led-144hz-sistema-operacional-google-tv/p/55069456,55C6K
2026-09-27T00:15:33-03:00,casasbahia,loja,Casas Bahia,Casas Bahia,Smart TV TCL 65 Polegadas 65C6K QD-Mini LED 4K UHD Google TV 144Hz HDR10+,4687.87,4219.08,"10x R$ 468,79 sem juros (cartão Casas Bahia)",,https://www.casasbahia.com.br/smart-tv-65-tcl-65c6k-4k-qd-mini-led-144hz-com-sistema-operacional-google-tv/p/55069453,65C6K
2026-09-27T00:15:33-03:00,casasbahia,loja,Casas Bahia,LOJAS COLOMBO,"Smart TV TCL 55 AI, 4K UHD, QLED Mini LED, Android TV - 55C6K - Voltagem: Bivolt",5312.75,,"10x R$ 531,28 sem juros",,https://www.casasbahia.com.br/smart-tv-tcl-55-ai-4k-uhd-qled-mini-led-android-tv-55c6k/p/1582483296,55C6K
2026-09-27T00:15:33-03:00,casasbahia,loja,Casas Bahia,,Smart TV TCL 65C6K 65 4K Mini LED Android TV Semp Tcl,6795.5,,,,https://www.casasbahia.com.br/smart-tv-tcl-65c6k-65-4k-mini-led-android-tv-semp-tcl/p/1582860724,65C6K
2026-09-27T00:15:33-03:00,mercadolivre,loja,Mercado Livre,,Smart Tv Tcl 55 Polegadas Qd-Mini Led 4k C6k Wifi Bluetooth Google Tv 4 Hdmi 144hz Hdr10+ 55c6k,5299.0,3989.0,,,https://www.mercadolivre.com.br/p/MLB48808732?pdp_filters=item_id%3AMLB6713012362,55C6K
2026-09-27T00:15:33-03:00,mercadolivre,loja,Mercado Livre,Mercado Livre,Smart Tv Tcl 55 Polegadas Qd-Mini Led 4k C6k Wifi Bluetooth Google Tv 4 Hdmi 144hz Hdr10+ 55c6k,3491.03,,"10x R$ 359,90 sem juros",,https://www.mercadolivre.com.br/p/MLB48808732?pdp_filters=item_id%3AMLB5417889802,55C6K
2026-09-27T00:15:33-03:00,mercadolivre,loja,Mercado Livre,Mercado Livre,Smart Tv Tcl 55  4k Qd-mini Led Google Tv 127/220v 55c6k,3599.0,,"10x R$ 359,90 sem juros",,https://www.mercadolivre.com.br/smart-tv-tcl-55--4k-qdmini-led-google-tv-127220v-55c6k/up/MLBU3165217359,55C6K
2026-09-27T00:15:33-03:00,mercadolivre,loja,Mercado Livre,TCL,Smart Tv Tcl 55  Qled Mini Led 4k C6k Wifi Bluetooth 55c6k,3989.0,,"10x R$ 398,90 sem juros",,https://www.mercadolivre.com.br/smart-tv-tcl-55--qled-mini-led-4k-c6k-wifi-bluetooth-55c6k/up/MLBU3921703471,55C6K
2026-09-27T00:15:33-03:00,mercadolivre,loja,Mercado Livre,,Smart Tv Tcl 65 Polegadas Qd-Mini Led 4k C6k Wifi Bluetooth Google Tv 4 Hdmi 144hz Hdr10+ 65c6k,6499.0,4939.0,,,https://www.mercadolivre.com.br/p/MLB50368907?pdp_filters=item_id%3AMLB6713050924,65C6K
2026-09-27T00:15:33-03:00,mercadolivre,loja,Mercado Livre,Mercado Livre,Smart Tv Tcl 65 Polegadas Qd-Mini Led 4k C6k Wifi Bluetooth Google Tv 4 Hdmi 144hz Hdr10+ 65c6k,4151.51,,"10x R$ 446,40 sem juros",,https://www.mercadolivre.com.br/p/MLB50368907?pdp_filters=item_id%3AMLB5446673958,65C6K
2026-09-27T00:15:33-03:00,mercadolivre,loja,Mercado Livre,Mercado Livre,Tcl 4k Qd-mini Led Tv 65 C6k Google Tv,4463.0,,"10x R$ 446,40 sem juros",,https://www.mercadolivre.com.br/tcl-4k-qdmini-led-tv-65-c6k-google-tv/up/MLBU3187349883,65C6K
2026-09-27T00:15:33-03:00,aliexpress,loja,AliExpress,,"Smart TV 55"" TCL 4K UHD MiniLED 55C6K 120Hz Google TV AiPQ Google Assistente 4 HDMI 2 USB R$ 3.999 R$ 4.199 4.8 5.000+ vendido(s) Top vendas",3999.0,,,,https://pt.aliexpress.com/item/1005009459962683.html,55C6K
2026-09-27T00:15:33-03:00,aliexpress,loja,AliExpress,,"Smart TV 65"" TCL 4K UHD MiniLED 65C6K 120Hz Google TV AiPQ Google Assistente 4 HDMI 2 USB R$ 4.659 R$ 4.899 4.8 2.000+ vendido(s) Top vendas",4659.0,,,,https://pt.aliexpress.com/item/1005009036343124.html,65C6K
2026-09-27T00:45:56-03:00,amazon,loja,Amazon,TCLSEMP.,Smart TV TCL 55 Polegadas QD-Mini LED 4K C6K WiFi Bluetooth Google TV 4 HDMI 144Hz HDR10+ 55C6K,,3533.05,,,https://www.amazon.com.br/dp/B0F7JZMVKF?smid=A3R1Z59ZORN2J9,55C6K
2026-09-27T00:45:56-03:00,amazon,loja,Amazon,Imagem Hitech FULL,Smart TV TCL 55 Polegadas QD-Mini LED 4K C6K WiFi Bluetooth Google TV 4 HDMI 144Hz HDR10+ 55C6K,,3571.05,,,https://www.amazon.com.br/dp/B0F7JZMVKF?smid=A3POF6EIWE8R8,55C6K
2026-09-27T00:45:56-03:00,amazon,loja,Amazon,Magalu.,Smart TV TCL 55 Polegadas QD-Mini LED 4K C6K WiFi Bluetooth Google TV 4 HDMI 144Hz HDR10+ 55C6K,,3699.34,,,https://www.amazon.com.br/dp/B0F7JZMVKF?smid=ACUNARZFR75ET,55C6K
2026-09-27T00:45:56-03:00,amazon,loja,Amazon,Lojas Colombo S/A,Smart TV TCL 55 Polegadas QD-Mini LED 4K C6K WiFi Bluetooth Google TV 4 HDMI 144Hz HDR10+ 55C6K,4208.14,,,,https://www.amazon.com.br/dp/B0F7JZMVKF?smid=A30OZFNW1RCCSM,55C6K
2026-09-27T00:45:56-03:00,amazon,loja,Amazon,Amazon.com.br,Smart TV TCL 55 Polegadas QD-Mini LED 4K C6K WiFi Bluetooth Google TV 4 HDMI 144Hz HDR10+ 55C6K,3599.0,3491.03,"12x R$ 299,99 sem juros",,https://www.amazon.com.br/dp/B0F7JZMVKF?smid=A1ZZFT5FULY4LN,55C6K
2026-09-27T00:45:56-03:00,amazon,loja,Amazon,Magalu.,Smart TV TCL 65 Polegadas QD-Mini LED 4K C6K WiFi Bluetooth Google TV 4 HDMI 144Hz HDR10+ 65C6K,,4331.09,,,https://www.amazon.com.br/dp/B0F7K7B2PD?smid=ACUNARZFR75ET,65C6K
2026-09-27T00:45:56-03:00,amazon,loja,Amazon,Lojas Colombo S/A,Smart TV TCL 65 Polegadas QD-Mini LED 4K C6K WiFi Bluetooth Google TV 4 HDMI 144Hz HDR10+ 65C6K,5382.56,,,,https://www.amazon.com.br/dp/B0F7K7B2PD?smid=A30OZFNW1RCCSM,65C6K
2026-09-27T00:45:56-03:00,amazon,loja,Amazon,Leonfer Shop,Smart TV TCL 65 Polegadas QD-Mini LED 4K C6K WiFi Bluetooth Google TV 4 HDMI 144Hz HDR10+ 65C6K,7214.9,,,,https://www.amazon.com.br/dp/B0F7K7B2PD?smid=A28W2XGABGHXAH,65C6K
2026-09-27T00:45:56-03:00,amazon,loja,Amazon,Amazon.com.br,Smart TV TCL 65 Polegadas QD-Mini LED 4K C6K WiFi Bluetooth Google TV 4 HDMI 144Hz HDR10+ 65C6K,4624.22,4219.07,"12x R$ 385,37 sem juros",,https://www.amazon.com.br/dp/B0F7K7B2PD?smid=A1ZZFT5FULY4LN,65C6K
2026-09-27T00:45:56-03:00,casasbahia,loja,Casas Bahia,Casas Bahia,Smart TV 55” TCL 55C6K 4K QD-Mini Led 144Hz Sistema Operacional Google TV,3998.98,3599.08,"10x R$ 399,90 sem juros (cartão Casas Bahia)",,https://www.casasbahia.com.br/smart-tv-55-tcl-55c6k-4k-qd-mini-led-144hz-sistema-operacional-google-tv/p/55069456,55C6K
2026-09-27T00:45:56-03:00,casasbahia,loja,Casas Bahia,Casas Bahia,Smart TV TCL 65 Polegadas 65C6K QD-Mini LED 4K UHD Google TV 144Hz HDR10+,4687.87,4219.08,"10x R$ 468,79 sem juros (cartão Casas Bahia)",,https://www.casasbahia.com.br/smart-tv-65-tcl-65c6k-4k-qd-mini-led-144hz-com-sistema-operacional-google-tv/p/55069453,65C6K
2026-09-27T00:45:56-03:00,casasbahia,loja,Casas Bahia,LOJAS COLOMBO,"Smart TV TCL 55 AI, 4K UHD, QLED Mini LED, Android TV - 55C6K - Voltagem: Bivolt",5312.75,,"10x R$ 531,28 sem juros",,https://www.casasbahia.com.br/smart-tv-tcl-55-ai-4k-uhd-qled-mini-led-android-tv-55c6k/p/1582483296,55C6K
2026-09-27T00:45:56-03:00,casasbahia,loja,Casas Bahia,,Smart TV TCL 65C6K 65 4K Mini LED Android TV Semp Tcl,6795.5,,,,https://www.casasbahia.com.br/smart-tv-tcl-65c6k-65-4k-mini-led-android-tv-semp-tcl/p/1582860724,65C6K
2026-09-27T00:45:56-03:00,mercadolivre,loja,Mercado Livre,,Smart Tv Tcl 55 Polegadas Qd-Mini Led 4k C6k Wifi Bluetooth Google Tv 4 Hdmi 144hz Hdr10+ 55c6k,5299.0,3989.0,,,https://www.mercadolivre.com.br/p/MLB48808732?pdp_filters=item_id%3AMLB6713012362,55C6K
2026-09-27T00:45:56-03:00,mercadolivre,loja,Mercado Livre,Mercado Livre,Smart Tv Tcl 55 Polegadas Qd-Mini Led 4k C6k Wifi Bluetooth Google Tv 4 Hdmi 144hz Hdr10+ 55c6k,3491.03,,"10x R$ 359,90 sem juros",,https://www.mercadolivre.com.br/p/MLB48808732?pdp_filters=item_id%3AMLB5417889802,55C6K
2026-09-27T00:45:56-03:00,mercadolivre,loja,Mercado Livre,TCL,Smart Tv Tcl 55  Qled Mini Led 4k C6k Wifi Bluetooth 55c6k,3989.0,,"10x R$ 398,90 sem juros",,https://www.mercadolivre.com.br/smart-tv-tcl-55--qled-mini-led-4k-c6k-wifi-bluetooth-55c6k/up/MLBU3921703471,55C6K
2026-09-27T00:45:56-03:00,mercadolivre,loja,Mercado Livre,,Smart Tv Tcl 65 Polegadas Qd-Mini Led 4k C6k Wifi Bluetooth Google Tv 4 Hdmi 144hz Hdr10+ 65c6k,6499.0,4939.0,,,https://www.mercadolivre.com.br/p/MLB50368907?pdp_filters=item_id%3AMLB6713050924,65C6K
2026-09-27T00:45:56-03:00,mercadolivre,loja,Mercado Livre,Mercado Livre,Smart Tv Tcl 65 Polegadas Qd-Mini Led 4k C6k Wifi Bluetooth Google Tv 4 Hdmi 144hz Hdr10+ 65c6k,4151.51,,"10x R$ 446,40 sem juros",,https://www.mercadolivre.com.br/p/MLB50368907?pdp_filters=item_id%3AMLB5446673958,65C6K
2026-09-27T00:45:56-03:00,mercadolivre,loja,Mercado Livre,Mercado Livre,Tcl 4k Qd-mini Led Tv 65 C6k Google Tv,4463.0,,"10x R$ 446,40 sem juros",,https://www.mercadolivre.com.br/tcl-4k-qdmini-led-tv-65-c6k-google-tv/up/MLBU3187349883,65C6K
2026-09-27T00:45:56-03:00,aliexpress,loja,AliExpress,,"Smart TV 55"" TCL 4K UHD MiniLED 55C6K 120Hz Google TV AiPQ Google Assistente 4 HDMI 2 USB R$ 3.999 R$ 4.199 4.8 5.000+ vendido(s) Top vendas",3999.0,,,,https://pt.aliexpress.com/item/1005009459962683.html,55C6K
2026-09-27T00:45:56-03:00,aliexpress,loja,AliExpress,,"Smart TV 65"" TCL 4K UHD MiniLED 65C6K 120Hz Google TV AiPQ Google Assistente 4 HDMI 2 USB R$ 4.659 R$ 4.899 4.8 2.000+ vendido(s) Top vendas",4659.0,,,,https://pt.aliexpress.com/item/1005009036343124.html,65C6K
2026-09-27T01:15:47-03:00,amazon,loja,Amazon,TCLSEMP.,Smart TV TCL 55 Polegadas QD-Mini LED 4K C6K WiFi Bluetooth Google TV 4 HDMI 144Hz HDR10+ 55C6K,,3533.05,,,https://www.amazon.com.br/dp/B0F7JZMVKF?smid=A3R1Z59ZORN2J9,55C6K
2026-09-27T01:15:47-03:00,amazon,loja,Amazon,Imagem Hitech FULL,Smart TV TCL 55 Polegadas QD-Mini LED 4K C6K WiFi Bluetooth Google TV 4 HDMI 144Hz HDR10+ 55C6K,,3571.05,,,https://www.amazon.com.br/dp/B0F7JZMVKF?smid=A3POF6EIWE8R8,55C6K
2026-09-27T01:15:47-03:00,amazon,loja,Amazon,Magalu.,Smart TV TCL 55 Polegadas QD-Mini LED 4K C6K WiFi Bluetooth Google TV 4 HDMI 144Hz HDR10+ 55C6K,,3699.34,,,https://www.amazon.com.br/dp/B0F7JZMVKF?smid=ACUNARZFR75ET,55C6K
2026-09-27T01:15:47-03:00,amazon,loja,Amazon,Lojas Colombo S/A,Smart TV TCL 55 Polegadas QD-Mini LED 4K C6K WiFi Bluetooth Google TV 4 HDMI 144Hz HDR10+ 55C6K,4208.14,,,,https://www.amazon.com.br/dp/B0F7JZMVKF?smid=A30OZFNW1RCCSM,55C6K
2026-09-27T01:15:47-03:00,amazon,loja,Amazon,Amazon.com.br,Smart TV TCL 55 Polegadas QD-Mini LED 4K C6K WiFi Bluetooth Google TV 4 HDMI 144Hz HDR10+ 55C6K,3599.0,3491.03,"12x R$ 299,99 sem juros",,https://www.amazon.com.br/dp/B0F7JZMVKF?smid=A1ZZFT5FULY4LN,55C6K
2026-09-27T01:15:47-03:00,amazon,loja,Amazon,Magalu.,Smart TV TCL 65 Polegadas QD-Mini LED 4K C6K WiFi Bluetooth Google TV 4 HDMI 144Hz HDR10+ 65C6K,,4331.09,,,https://www.amazon.com.br/dp/B0F7K7B2PD?smid=ACUNARZFR75ET,65C6K
2026-09-27T01:15:47-03:00,amazon,loja,Amazon,Lojas Colombo S/A,Smart TV TCL 65 Polegadas QD-Mini LED 4K C6K WiFi Bluetooth Google TV 4 HDMI 144Hz HDR10+ 65C6K,5382.56,,,,https://www.amazon.com.br/dp/B0F7K7B2PD?smid=A30OZFNW1RCCSM,65C6K
2026-09-27T01:15:47-03:00,amazon,loja,Amazon,Leonfer Shop,Smart TV TCL 65 Polegadas QD-Mini LED 4K C6K WiFi Bluetooth Google TV 4 HDMI 144Hz HDR10+ 65C6K,7214.9,,,,https://www.amazon.com.br/dp/B0F7K7B2PD?smid=A28W2XGABGHXAH,65C6K
2026-09-27T01:15:47-03:00,amazon,loja,Amazon,Amazon.com.br,Smart TV TCL 65 Polegadas QD-Mini LED 4K C6K WiFi Bluetooth Google TV 4 HDMI 144Hz HDR10+ 65C6K,4624.22,4219.07,"12x R$ 385,37 sem juros",,https://www.amazon.com.br/dp/B0F7K7B2PD?smid=A1ZZFT5FULY4LN,65C6K
2026-09-27T01:15:47-03:00,casasbahia,loja,Casas Bahia,Casas Bahia,Smart TV 55” TCL 55C6K 4K QD-Mini Led 144Hz Sistema Operacional Google TV,3998.98,3599.08,"10x R$ 399,90 sem juros (cartão Casas Bahia)",,https://www.casasbahia.com.br/smart-tv-55-tcl-55c6k-4k-qd-mini-led-144hz-sistema-operacional-google-tv/p/55069456,55C6K
2026-09-27T01:15:47-03:00,casasbahia,loja,Casas Bahia,Casas Bahia,Smart TV TCL 65 Polegadas 65C6K QD-Mini LED 4K UHD Google TV 144Hz HDR10+,4687.87,4219.08,"10x R$ 468,79 sem juros (cartão Casas Bahia)",,https://www.casasbahia.com.br/smart-tv-65-tcl-65c6k-4k-qd-mini-led-144hz-com-sistema-operacional-google-tv/p/55069453,65C6K
2026-09-27T01:15:47-03:00,casasbahia,loja,Casas Bahia,LOJAS COLOMBO,"Smart TV TCL 55 AI, 4K UHD, QLED Mini LED, Android TV - 55C6K - Voltagem: Bivolt",5312.75,,"10x R$ 531,28 sem juros",,https://www.casasbahia.com.br/smart-tv-tcl-55-ai-4k-uhd-qled-mini-led-android-tv-55c6k/p/1582483296,55C6K
2026-09-27T01:15:47-03:00,casasbahia,loja,Casas Bahia,,Smart TV TCL 65C6K 65 4K Mini LED Android TV Semp Tcl,6795.5,,,,https://www.casasbahia.com.br/smart-tv-tcl-65c6k-65-4k-mini-led-android-tv-semp-tcl/p/1582860724,65C6K
2026-09-27T01:15:47-03:00,mercadolivre,loja,Mercado Livre,,Smart Tv Tcl 55 Polegadas Qd-Mini Led 4k C6k Wifi Bluetooth Google Tv 4 Hdmi 144hz Hdr10+ 55c6k,5299.0,3989.0,,,https://www.mercadolivre.com.br/p/MLB48808732?pdp_filters=item_id%3AMLB6713012362,55C6K
2026-09-27T01:15:47-03:00,mercadolivre,loja,Mercado Livre,Mercado Livre,Smart Tv Tcl 55 Polegadas Qd-Mini Led 4k C6k Wifi Bluetooth Google Tv 4 Hdmi 144hz Hdr10+ 55c6k,3491.03,,"10x R$ 359,90 sem juros",,https://www.mercadolivre.com.br/p/MLB48808732?pdp_filters=item_id%3AMLB5417889802,55C6K
2026-09-27T01:15:47-03:00,mercadolivre,loja,Mercado Livre,TCL,Smart Tv Tcl 55  Qled Mini Led 4k C6k Wifi Bluetooth 55c6k,3989.0,,"10x R$ 398,90 sem juros",,https://www.mercadolivre.com.br/smart-tv-tcl-55--qled-mini-led-4k-c6k-wifi-bluetooth-55c6k/up/MLBU3921703471,55C6K
2026-09-27T01:15:47-03:00,mercadolivre,loja,Mercado Livre,Casas Bahia,Smart Tv 55 C6k 4k Qd-mini Led 144hz Google Tv Tcl,3998.0,,"10x R$ 399,90 sem juros",,https://www.mercadolivre.com.br/smart-tv-55-c6k-4k-qdmini-led-144hz-google-tv-tcl/up/MLBU3512360279,55C6K
2026-09-27T01:15:47-03:00,mercadolivre,loja,Mercado Livre,,Smart Tv Tcl 65 Polegadas Qd-Mini Led 4k C6k Wifi Bluetooth Google Tv 4 Hdmi 144hz Hdr10+ 65c6k,6499.0,4939.0,,,https://www.mercadolivre.com.br/p/MLB50368907?pdp_filters=item_id%3AMLB6713050924,65C6K
2026-09-27T01:15:47-03:00,mercadolivre,loja,Mercado Livre,Mercado Livre,Smart Tv Tcl 65 Polegadas Qd-Mini Led 4k C6k Wifi Bluetooth Google Tv 4 Hdmi 144hz Hdr10+ 65c6k,4151.51,,"10x R$ 446,40 sem juros",,https://www.mercadolivre.com.br/p/MLB50368907?pdp_filters=item_id%3AMLB5446673958,65C6K
2026-09-27T01:15:47-03:00,mercadolivre,loja,Mercado Livre,Mercado Livre,Tcl 4k Qd-mini Led Tv 65 C6k Google Tv,4463.0,,"10x R$ 446,40 sem juros",,https://www.mercadolivre.com.br/tcl-4k-qdmini-led-tv-65-c6k-google-tv/up/MLBU3187349883,65C6K
2026-09-27T01:15:47-03:00,aliexpress,loja,AliExpress,,"Smart TV 55"" TCL 4K UHD MiniLED 55C6K 120Hz Google TV AiPQ Google Assistente 4 HDMI 2 USB R$ 3.999 R$ 4.199 4.8 5.000+ vendido(s) Top vendas",3999.0,,,,https://pt.aliexpress.com/item/1005009459962683.html,55C6K
2026-09-27T01:15:47-03:00,aliexpress,loja,AliExpress,,"Smart TV 65"" TCL 4K UHD MiniLED 65C6K 120Hz Google TV AiPQ Google Assistente 4 HDMI 2 USB R$ 4.659 R$ 4.899 4.8 2.000+ vendido(s) Top vendas",4659.0,,,,https://pt.aliexpress.com/item/1005009036343124.html,65C6K
2026-09-27T01:45:32-03:00,amazon,loja,Amazon,TCLSEMP.,Smart TV TCL 55 Polegadas QD-Mini LED 4K C6K WiFi Bluetooth Google TV 4 HDMI 144Hz HDR10+ 55C6K,,3533.05,,,https://www.amazon.com.br/dp/B0F7JZMVKF?smid=A3R1Z59ZORN2J9,55C6K
2026-09-27T01:45:32-03:00,amazon,loja,Amazon,Imagem Hitech FULL,Smart TV TCL 55 Polegadas QD-Mini LED 4K C6K WiFi Bluetooth Google TV 4 HDMI 144Hz HDR10+ 55C6K,,3571.05,,,https://www.amazon.com.br/dp/B0F7JZMVKF?smid=A3POF6EIWE8R8,55C6K
2026-09-27T01:45:32-03:00,amazon,loja,Amazon,Magalu.,Smart TV TCL 55 Polegadas QD-Mini LED 4K C6K WiFi Bluetooth Google TV 4 HDMI 144Hz HDR10+ 55C6K,,3699.34,,,https://www.amazon.com.br/dp/B0F7JZMVKF?smid=ACUNARZFR75ET,55C6K
2026-09-27T01:45:32-03:00,amazon,loja,Amazon,Lojas Colombo S/A,Smart TV TCL 55 Polegadas QD-Mini LED 4K C6K WiFi Bluetooth Google TV 4 HDMI 144Hz HDR10+ 55C6K,4208.14,,,,https://www.amazon.com.br/dp/B0F7JZMVKF?smid=A30OZFNW1RCCSM,55C6K
2026-09-27T01:45:32-03:00,amazon,loja,Amazon,Amazon.com.br,Smart TV TCL 55 Polegadas QD-Mini LED 4K C6K WiFi Bluetooth Google TV 4 HDMI 144Hz HDR10+ 55C6K,3599.0,3491.03,"12x R$ 299,99 sem juros",,https://www.amazon.com.br/dp/B0F7JZMVKF?smid=A1ZZFT5FULY4LN,55C6K
2026-09-27T01:45:32-03:00,amazon,loja,Amazon,Magalu.,Smart TV TCL 65 Polegadas QD-Mini LED 4K C6K WiFi Bluetooth Google TV 4 HDMI 144Hz HDR10+ 65C6K,,4331.09,,,https://www.amazon.com.br/dp/B0F7K7B2PD?smid=ACUNARZFR75ET,65C6K
2026-09-27T01:45:32-03:00,amazon,loja,Amazon,Lojas Colombo S/A,Smart TV TCL 65 Polegadas QD-Mini LED 4K C6K WiFi Bluetooth Google TV 4 HDMI 144Hz HDR10+ 65C6K,5382.56,,,,https://www.amazon.com.br/dp/B0F7K7B2PD?smid=A30OZFNW1RCCSM,65C6K
2026-09-27T01:45:32-03:00,amazon,loja,Amazon,Leonfer Shop,Smart TV TCL 65 Polegadas QD-Mini LED 4K C6K WiFi Bluetooth Google TV 4 HDMI 144Hz HDR10+ 65C6K,7214.9,,,,https://www.amazon.com.br/dp/B0F7K7B2PD?smid=A28W2XGABGHXAH,65C6K
2026-09-27T01:45:32-03:00,amazon,loja,Amazon,Amazon.com.br,Smart TV TCL 65 Polegadas QD-Mini LED 4K C6K WiFi Bluetooth Google TV 4 HDMI 144Hz HDR10+ 65C6K,4624.22,4219.07,"12x R$ 385,37 sem juros",,https://www.amazon.com.br/dp/B0F7K7B2PD?smid=A1ZZFT5FULY4LN,65C6K
2026-09-27T01:45:32-03:00,casasbahia,loja,Casas Bahia,Casas Bahia,Smart TV 55” TCL 55C6K 4K QD-Mini Led 144Hz Sistema Operacional Google TV,3998.98,3599.08,"10x R$ 399,90 sem juros (cartão Casas Bahia)",,https://www.casasbahia.com.br/smart-tv-55-tcl-55c6k-4k-qd-mini-led-144hz-sistema-operacional-google-tv/p/55069456,55C6K
2026-09-27T01:45:32-03:00,casasbahia,loja,Casas Bahia,Casas Bahia,Smart TV TCL 65 Polegadas 65C6K QD-Mini LED 4K UHD Google TV 144Hz HDR10+,4687.87,4219.08,"10x R$ 468,79 sem juros (cartão Casas Bahia)",,https://www.casasbahia.com.br/smart-tv-65-tcl-65c6k-4k-qd-mini-led-144hz-com-sistema-operacional-google-tv/p/55069453,65C6K
2026-09-27T01:45:32-03:00,casasbahia,loja,Casas Bahia,LOJAS COLOMBO,"Smart TV TCL 55 AI, 4K UHD, QLED Mini LED, Android TV - 55C6K - Voltagem: Bivolt",5312.75,,"10x R$ 531,28 sem juros",,https://www.casasbahia.com.br/smart-tv-tcl-55-ai-4k-uhd-qled-mini-led-android-tv-55c6k/p/1582483296,55C6K
2026-09-27T01:45:32-03:00,casasbahia,loja,Casas Bahia,,Smart TV TCL 65C6K 65 4K Mini LED Android TV Semp Tcl,6795.5,,,,https://www.casasbahia.com.br/smart-tv-tcl-65c6k-65-4k-mini-led-android-tv-semp-tcl/p/1582860724,65C6K
2026-09-27T01:45:32-03:00,mercadolivre,loja,Mercado Livre,,Smart Tv Tcl 55 Polegadas Qd-Mini Led 4k C6k Wifi Bluetooth Google Tv 4 Hdmi 144hz Hdr10+ 55c6k,5299.0,3989.0,,,https://www.mercadolivre.com.br/p/MLB48808732?pdp_filters=item_id%3AMLB6713012362,55C6K
2026-09-27T01:45:32-03:00,mercadolivre,loja,Mercado Livre,Mercado Livre,Smart Tv Tcl 55 Polegadas Qd-Mini Led 4k C6k Wifi Bluetooth Google Tv 4 Hdmi 144hz Hdr10+ 55c6k,3491.03,,"10x R$ 359,90 sem juros",,https://www.mercadolivre.com.br/p/MLB48808732?pdp_filters=item_id%3AMLB5417889802,55C6K
2026-09-27T01:45:32-03:00,mercadolivre,loja,Mercado Livre,Mercado Livre,Smart Tv Tcl 55  4k Qd-mini Led Google Tv 127/220v 55c6k,3599.0,,"10x R$ 359,90 sem juros",,https://www.mercadolivre.com.br/smart-tv-tcl-55--4k-qdmini-led-google-tv-127220v-55c6k/up/MLBU3165217359,55C6K
2026-09-27T01:45:32-03:00,mercadolivre,loja,Mercado Livre,TCL,Smart Tv Tcl 55  Qled Mini Led 4k C6k Wifi Bluetooth 55c6k,3989.0,,"10x R$ 398,90 sem juros",,https://www.mercadolivre.com.br/smart-tv-tcl-55--qled-mini-led-4k-c6k-wifi-bluetooth-55c6k/up/MLBU3921703471,55C6K
2026-09-27T01:45:32-03:00,mercadolivre,loja,Mercado Livre,Casas Bahia,Smart Tv 55 C6k 4k Qd-mini Led 144hz Google Tv Tcl,3998.0,,"10x R$ 399,90 sem juros",,https://www.mercadolivre.com.br/smart-tv-55-c6k-4k-qdmini-led-144hz-google-tv-tcl/up/MLBU3512360279,55C6K
2026-09-27T01:45:32-03:00,mercadolivre,loja,Mercado Livre,,Smart Tv Tcl 65 Polegadas Qd-Mini Led 4k C6k Wifi Bluetooth Google Tv 4 Hdmi 144hz Hdr10+ 65c6k,6499.0,4939.0,,,https://www.mercadolivre.com.br/p/MLB50368907?pdp_filters=item_id%3AMLB6713050924,65C6K
2026-09-27T01:45:32-03:00,mercadolivre,loja,Mercado Livre,Mercado Livre,Smart Tv Tcl 65 Polegadas Qd-Mini Led 4k C6k Wifi Bluetooth Google Tv 4 Hdmi 144hz Hdr10+ 65c6k,4151.51,,"10x R$ 446,40 sem juros",,https://www.mercadolivre.com.br/p/MLB50368907?pdp_filters=item_id%3AMLB5446673958,65C6K
2026-09-27T01:45:32-03:00,mercadolivre,loja,Mercado Livre,Mercado Livre,Tcl 4k Qd-mini Led Tv 65 C6k Google Tv,4463.0,,"10x R$ 446,40 sem juros",,https://www.mercadolivre.com.br/tcl-4k-qdmini-led-tv-65-c6k-google-tv/up/MLBU3187349883,65C6K
2026-09-27T01:45:32-03:00,aliexpress,loja,AliExpress,,"Smart TV 55"" TCL 4K UHD MiniLED 55C6K 120Hz Google TV AiPQ Google Assistente 4 HDMI 2 USB R$ 3.999 R$ 4.199 4.8 5.000+ vendido(s) Top vendas",3999.0,,,,https://pt.aliexpress.com/item/1005009459962683.html,55C6K
2026-09-27T01:45:32-03:00,aliexpress,loja,AliExpress,,"Smart TV 65"" TCL 4K UHD MiniLED 65C6K 120Hz Google TV AiPQ Google Assistente 4 HDMI 2 USB R$ 4.659 R$ 4.899 4.8 2.000+ vendido(s) Top vendas",4659.0,,,,https://pt.aliexpress.com/item/1005009036343124.html,65C6K
2026-09-27T02:15:38-03:00,amazon,loja,Amazon,TCLSEMP.,Smart TV TCL 55 Polegadas QD-Mini LED 4K C6K WiFi Bluetooth Google TV 4 HDMI 144Hz HDR10+ 55C6K,,3533.05,,,https://www.amazon.com.br/dp/B0F7JZMVKF?smid=A3R1Z59ZORN2J9,55C6K
2026-09-27T02:15:38-03:00,amazon,loja,Amazon,Imagem Hitech FULL,Smart TV TCL 55 Polegadas QD-Mini LED 4K C6K WiFi Bluetooth Google TV 4 HDMI 144Hz HDR10+ 55C6K,,3571.05,,,https://www.amazon.com.br/dp/B0F7JZMVKF?smid=A3POF6EIWE8R8,55C6K
2026-09-27T02:15:38-03:00,amazon,loja,Amazon,Magalu.,Smart TV TCL 55 Polegadas QD-Mini LED 4K C6K WiFi Bluetooth Google TV 4 HDMI 144Hz HDR10+ 55C6K,,3699.34,,,https://www.amazon.com.br/dp/B0F7JZMVKF?smid=ACUNARZFR75ET,55C6K
2026-09-27T02:15:38-03:00,amazon,loja,Amazon,Lojas Colombo S/A,Smart TV TCL 55 Polegadas QD-Mini LED 4K C6K WiFi Bluetooth Google TV 4 HDMI 144Hz HDR10+ 55C6K,4208.14,,,,https://www.amazon.com.br/dp/B0F7JZMVKF?smid=A30OZFNW1RCCSM,55C6K
2026-09-27T02:15:38-03:00,amazon,loja,Amazon,Amazon.com.br,Smart TV TCL 55 Polegadas QD-Mini LED 4K C6K WiFi Bluetooth Google TV 4 HDMI 144Hz HDR10+ 55C6K,3599.0,3491.03,"12x R$ 299,99 sem juros",,https://www.amazon.com.br/dp/B0F7JZMVKF?smid=A1ZZFT5FULY4LN,55C6K
2026-09-27T02:15:38-03:00,amazon,loja,Amazon,Magalu.,Smart TV TCL 65 Polegadas QD-Mini LED 4K C6K WiFi Bluetooth Google TV 4 HDMI 144Hz HDR10+ 65C6K,,4331.09,,,https://www.amazon.com.br/dp/B0F7K7B2PD?smid=ACUNARZFR75ET,65C6K
2026-09-27T02:15:38-03:00,amazon,loja,Amazon,Lojas Colombo S/A,Smart TV TCL 65 Polegadas QD-Mini LED 4K C6K WiFi Bluetooth Google TV 4 HDMI 144Hz HDR10+ 65C6K,5382.56,,,,https://www.amazon.com.br/dp/B0F7K7B2PD?smid=A30OZFNW1RCCSM,65C6K
2026-09-27T02:15:38-03:00,amazon,loja,Amazon,Leonfer Shop,Smart TV TCL 65 Polegadas QD-Mini LED 4K C6K WiFi Bluetooth Google TV 4 HDMI 144Hz HDR10+ 65C6K,7214.9,,,,https://www.amazon.com.br/dp/B0F7K7B2PD?smid=A28W2XGABGHXAH,65C6K
2026-09-27T02:15:38-03:00,amazon,loja,Amazon,Amazon.com.br,Smart TV TCL 65 Polegadas QD-Mini LED 4K C6K WiFi Bluetooth Google TV 4 HDMI 144Hz HDR10+ 65C6K,4624.22,4219.07,"12x R$ 385,37 sem juros",,https://www.amazon.com.br/dp/B0F7K7B2PD?smid=A1ZZFT5FULY4LN,65C6K
2026-09-27T02:15:38-03:00,casasbahia,loja,Casas Bahia,Casas Bahia,Smart TV 55” TCL 55C6K 4K QD-Mini Led 144Hz Sistema Operacional Google TV,3998.98,3599.08,"10x R$ 399,90 sem juros (cartão Casas Bahia)",,https://www.casasbahia.com.br/smart-tv-55-tcl-55c6k-4k-qd-mini-led-144hz-sistema-operacional-google-tv/p/55069456,55C6K
2026-09-27T02:15:38-03:00,casasbahia,loja,Casas Bahia,Casas Bahia,Smart TV TCL 65 Polegadas 65C6K QD-Mini LED 4K UHD Google TV 144Hz HDR10+,4687.87,4219.08,"10x R$ 468,79 sem juros (cartão Casas Bahia)",,https://www.casasbahia.com.br/smart-tv-65-tcl-65c6k-4k-qd-mini-led-144hz-com-sistema-operacional-google-tv/p/55069453,65C6K
2026-09-27T02:15:38-03:00,casasbahia,loja,Casas Bahia,LOJAS COLOMBO,"Smart TV TCL 55 AI, 4K UHD, QLED Mini LED, Android TV - 55C6K - Voltagem: Bivolt",5312.75,,"10x R$ 531,28 sem juros",,https://www.casasbahia.com.br/smart-tv-tcl-55-ai-4k-uhd-qled-mini-led-android-tv-55c6k/p/1582483296,55C6K
2026-09-27T02:15:38-03:00,casasbahia,loja,Casas Bahia,,Smart TV TCL 65C6K 65 4K Mini LED Android TV Semp Tcl,6795.5,,,,https://www.casasbahia.com.br/smart-tv-tcl-65c6k-65-4k-mini-led-android-tv-semp-tcl/p/1582860724,65C6K
2026-09-27T02:15:38-03:00,mercadolivre,loja,Mercado Livre,,Smart Tv Tcl 55 Polegadas Qd-Mini Led 4k C6k Wifi Bluetooth Google Tv 4 Hdmi 144hz Hdr10+ 55c6k,5299.0,3989.0,,,https://www.mercadolivre.com.br/p/MLB48808732?pdp_filters=item_id%3AMLB6713012362,55C6K
2026-09-27T02:15:38-03:00,mercadolivre,loja,Mercado Livre,Mercado Livre,Smart Tv Tcl 55 Polegadas Qd-Mini Led 4k C6k Wifi Bluetooth Google Tv 4 Hdmi 144hz Hdr10+ 55c6k,3491.03,,"10x R$ 359,90 sem juros",,https://www.mercadolivre.com.br/p/MLB48808732?pdp_filters=item_id%3AMLB5417889802,55C6K
2026-09-27T02:15:38-03:00,mercadolivre,loja,Mercado Livre,TCL,Smart Tv Tcl 55  Qled Mini Led 4k C6k Wifi Bluetooth 55c6k,3989.0,,"10x R$ 398,90 sem juros",,https://www.mercadolivre.com.br/smart-tv-tcl-55--qled-mini-led-4k-c6k-wifi-bluetooth-55c6k/up/MLBU3921703471,55C6K
2026-09-27T02:15:38-03:00,mercadolivre,loja,Mercado Livre,Casas Bahia,Smart Tv 55 C6k 4k Qd-mini Led 144hz Google Tv Tcl,3998.0,,"10x R$ 399,90 sem juros",,https://www.mercadolivre.com.br/smart-tv-55-c6k-4k-qdmini-led-144hz-google-tv-tcl/up/MLBU3512360279,55C6K
2026-09-27T02:15:38-03:00,mercadolivre,loja,Mercado Livre,,Smart Tv Tcl 65 Polegadas Qd-Mini Led 4k C6k Wifi Bluetooth Google Tv 4 Hdmi 144hz Hdr10+ 65c6k,6499.0,4939.0,,,https://www.mercadolivre.com.br/p/MLB50368907?pdp_filters=item_id%3AMLB6713050924,65C6K
2026-09-27T02:15:38-03:00,mercadolivre,loja,Mercado Livre,Mercado Livre,Smart Tv Tcl 65 Polegadas Qd-Mini Led 4k C6k Wifi Bluetooth Google Tv 4 Hdmi 144hz Hdr10+ 65c6k,4151.51,,"10x R$ 446,40 sem juros",,https://www.mercadolivre.com.br/p/MLB50368907?pdp_filters=item_id%3AMLB5446673958,65C6K
2026-09-27T02:15:38-03:00,mercadolivre,loja,Mercado Livre,Mercado Livre,Tcl 4k Qd-mini Led Tv 65 C6k Google Tv,4463.0,,"10x R$ 446,40 sem juros",,https://www.mercadolivre.com.br/tcl-4k-qdmini-led-tv-65-c6k-google-tv/up/MLBU3187349883,65C6K
2026-09-27T02:15:38-03:00,aliexpress,loja,AliExpress,,"Smart TV 55"" TCL 4K UHD MiniLED 55C6K 120Hz Google TV AiPQ Google Assistente 4 HDMI 2 USB R$ 3.999 R$ 4.199 4.8 5.000+ vendido(s) Top vendas",3999.0,,,,https://pt.aliexpress.com/item/1005009459962683.html,55C6K
2026-09-27T02:15:38-03:00,aliexpress,loja,AliExpress,,"Smart TV 65"" TCL 4K UHD MiniLED 65C6K 120Hz Google TV AiPQ Google Assistente 4 HDMI 2 USB R$ 4.659 R$ 4.899 4.8 2.000+ vendido(s) Top vendas",4659.0,,,,https://pt.aliexpress.com/item/1005009036343124.html,65C6K
2026-09-27T02:45:39-03:00,amazon,loja,Amazon,TCLSEMP.,Smart TV TCL 55 Polegadas QD-Mini LED 4K C6K WiFi Bluetooth Google TV 4 HDMI 144Hz HDR10+ 55C6K,,3533.05,,,https://www.amazon.com.br/dp/B0F7JZMVKF?smid=A3R1Z59ZORN2J9,55C6K
2026-09-27T02:45:39-03:00,amazon,loja,Amazon,Imagem Hitech FULL,Smart TV TCL 55 Polegadas QD-Mini LED 4K C6K WiFi Bluetooth Google TV 4 HDMI 144Hz HDR10+ 55C6K,,3571.05,,,https://www.amazon.com.br/dp/B0F7JZMVKF?smid=A3POF6EIWE8R8,55C6K
2026-09-27T02:45:39-03:00,amazon,loja,Amazon,Magalu.,Smart TV TCL 55 Polegadas QD-Mini LED 4K C6K WiFi Bluetooth Google TV 4 HDMI 144Hz HDR10+ 55C6K,,3699.34,,,https://www.amazon.com.br/dp/B0F7JZMVKF?smid=ACUNARZFR75ET,55C6K
2026-09-27T02:45:39-03:00,amazon,loja,Amazon,Lojas Colombo S/A,Smart TV TCL 55 Polegadas QD-Mini LED 4K C6K WiFi Bluetooth Google TV 4 HDMI 144Hz HDR10+ 55C6K,4208.14,,,,https://www.amazon.com.br/dp/B0F7JZMVKF?smid=A30OZFNW1RCCSM,55C6K
2026-09-27T02:45:39-03:00,amazon,loja,Amazon,Amazon.com.br,Smart TV TCL 55 Polegadas QD-Mini LED 4K C6K WiFi Bluetooth Google TV 4 HDMI 144Hz HDR10+ 55C6K,3599.0,3491.03,"12x R$ 299,99 sem juros",,https://www.amazon.com.br/dp/B0F7JZMVKF?smid=A1ZZFT5FULY4LN,55C6K
2026-09-27T02:45:39-03:00,amazon,loja,Amazon,Magalu.,Smart TV TCL 65 Polegadas QD-Mini LED 4K C6K WiFi Bluetooth Google TV 4 HDMI 144Hz HDR10+ 65C6K,,4331.09,,,https://www.amazon.com.br/dp/B0F7K7B2PD?smid=ACUNARZFR75ET,65C6K
2026-09-27T02:45:39-03:00,amazon,loja,Amazon,Lojas Colombo S/A,Smart TV TCL 65 Polegadas QD-Mini LED 4K C6K WiFi Bluetooth Google TV 4 HDMI 144Hz HDR10+ 65C6K,5382.56,,,,https://www.amazon.com.br/dp/B0F7K7B2PD?smid=A30OZFNW1RCCSM,65C6K
2026-09-27T02:45:39-03:00,amazon,loja,Amazon,Leonfer Shop,Smart TV TCL 65 Polegadas QD-Mini LED 4K C6K WiFi Bluetooth Google TV 4 HDMI 144Hz HDR10+ 65C6K,7214.9,,,,https://www.amazon.com.br/dp/B0F7K7B2PD?smid=A28W2XGABGHXAH,65C6K
2026-09-27T02:45:39-03:00,amazon,loja,Amazon,Amazon.com.br,Smart TV TCL 65 Polegadas QD-Mini LED 4K C6K WiFi Bluetooth Google TV 4 HDMI 144Hz HDR10+ 65C6K,4624.22,4219.07,"12x R$ 385,37 sem juros",,https://www.amazon.com.br/dp/B0F7K7B2PD?smid=A1ZZFT5FULY4LN,65C6K
2026-09-27T02:45:39-03:00,casasbahia,loja,Casas Bahia,Casas Bahia,Smart TV 55” TCL 55C6K 4K QD-Mini Led 144Hz Sistema Operacional Google TV,3998.98,3599.08,"10x R$ 399,90 sem juros (cartão Casas Bahia)",,https://www.casasbahia.com.br/smart-tv-55-tcl-55c6k-4k-qd-mini-led-144hz-sistema-operacional-google-tv/p/55069456,55C6K
2026-09-27T02:45:39-03:00,casasbahia,loja,Casas Bahia,Casas Bahia,Smart TV TCL 65 Polegadas 65C6K QD-Mini LED 4K UHD Google TV 144Hz HDR10+,4687.87,4219.08,"10x R$ 468,79 sem juros (cartão Casas Bahia)",,https://www.casasbahia.com.br/smart-tv-65-tcl-65c6k-4k-qd-mini-led-144hz-com-sistema-operacional-google-tv/p/55069453,65C6K
2026-09-27T02:45:39-03:00,casasbahia,loja,Casas Bahia,LOJAS COLOMBO,"Smart TV TCL 55 AI, 4K UHD, QLED Mini LED, Android TV - 55C6K - Voltagem: Bivolt",5312.75,,"10x R$ 531,28 sem juros",,https://www.casasbahia.com.br/smart-tv-tcl-55-ai-4k-uhd-qled-mini-led-android-tv-55c6k/p/1582483296,55C6K
2026-09-27T02:45:39-03:00,casasbahia,loja,Casas Bahia,,Smart TV TCL 65C6K 65 4K Mini LED Android TV Semp Tcl,6795.5,,,,https://www.casasbahia.com.br/smart-tv-tcl-65c6k-65-4k-mini-led-android-tv-semp-tcl/p/1582860724,65C6K
2026-09-27T02:45:39-03:00,mercadolivre,loja,Mercado Livre,,Smart Tv Tcl 55 Polegadas Qd-Mini Led 4k C6k Wifi Bluetooth Google Tv 4 Hdmi 144hz Hdr10+ 55c6k,5299.0,3989.0,,,https://www.mercadolivre.com.br/p/MLB48808732?pdp_filters=item_id%3AMLB6713012362,55C6K
2026-09-27T02:45:39-03:00,mercadolivre,loja,Mercado Livre,Mercado Livre,Smart Tv Tcl 55 Polegadas Qd-Mini Led 4k C6k Wifi Bluetooth Google Tv 4 Hdmi 144hz Hdr10+ 55c6k,3491.03,,"10x R$ 359,90 sem juros",,https://www.mercadolivre.com.br/p/MLB48808732?pdp_filters=item_id%3AMLB5417889802,55C6K
2026-09-27T02:45:39-03:00,mercadolivre,loja,Mercado Livre,Mercado Livre,Smart Tv Tcl 55  4k Qd-mini Led Google Tv 127/220v 55c6k,3599.0,,"10x R$ 359,90 sem juros",,https://www.mercadolivre.com.br/smart-tv-tcl-55--4k-qdmini-led-google-tv-127220v-55c6k/up/MLBU3165217359,55C6K
2026-09-27T02:45:39-03:00,mercadolivre,loja,Mercado Livre,TCL,Smart Tv Tcl 55  Qled Mini Led 4k C6k Wifi Bluetooth 55c6k,3989.0,,"10x R$ 398,90 sem juros",,https://www.mercadolivre.com.br/smart-tv-tcl-55--qled-mini-led-4k-c6k-wifi-bluetooth-55c6k/up/MLBU3921703471,55C6K
2026-09-27T02:45:39-03:00,mercadolivre,loja,Mercado Livre,Casas Bahia,Smart Tv 55 C6k 4k Qd-mini Led 144hz Google Tv Tcl,3998.0,,"10x R$ 399,90 sem juros",,https://www.mercadolivre.com.br/smart-tv-55-c6k-4k-qdmini-led-144hz-google-tv-tcl/up/MLBU3512360279,55C6K
2026-09-27T02:45:39-03:00,mercadolivre,loja,Mercado Livre,,Smart Tv Tcl 65 Polegadas Qd-Mini Led 4k C6k Wifi Bluetooth Google Tv 4 Hdmi 144hz Hdr10+ 65c6k,6499.0,4939.0,,,https://www.mercadolivre.com.br/p/MLB50368907?pdp_filters=item_id%3AMLB6713050924,65C6K
2026-09-27T02:45:39-03:00,mercadolivre,loja,Mercado Livre,Mercado Livre,Smart Tv Tcl 65 Polegadas Qd-Mini Led 4k C6k Wifi Bluetooth Google Tv 4 Hdmi 144hz Hdr10+ 65c6k,4151.51,,"10x R$ 446,40 sem juros",,https://www.mercadolivre.com.br/p/MLB50368907?pdp_filters=item_id%3AMLB5446673958,65C6K
2026-09-27T02:45:39-03:00,mercadolivre,loja,Mercado Livre,Casas Bahia,Smart Tv 65 65c6k 4k Qd-mini Led 144hz Com Google Tv Tcl,4499.0,,"10x R$ 449,90 sem juros",,https://www.mercadolivre.com.br/smart-tv-65-65c6k-4k-qdmini-led-144hz-com-google-tv-tcl/up/MLBU3519154684,65C6K
2026-09-27T02:45:39-03:00,aliexpress,loja,AliExpress,,"Smart TV 55"" TCL 4K UHD MiniLED 55C6K 120Hz Google TV AiPQ Google Assistente 4 HDMI 2 USB R$ 3.999 R$ 4.199 4.8 5.000+ vendido(s) Top vendas",3999.0,,,,https://pt.aliexpress.com/item/1005009459962683.html,55C6K
2026-09-27T02:45:39-03:00,aliexpress,loja,AliExpress,,"Smart TV 65"" TCL 4K UHD MiniLED 65C6K 120Hz Google TV AiPQ Google Assistente 4 HDMI 2 USB R$ 4.659 R$ 4.899 4.8 2.000+ vendido(s) Top vendas",4659.0,,,,https://pt.aliexpress.com/item/1005009036343124.html,65C6K
2026-09-27T03:15:34-03:00,amazon,loja,Amazon,TCLSEMP.,Smart TV TCL 55 Polegadas QD-Mini LED 4K C6K WiFi Bluetooth Google TV 4 HDMI 144Hz HDR10+ 55C6K,,3533.05,,,https://www.amazon.com.br/dp/B0F7JZMVKF?smid=A3R1Z59ZORN2J9,55C6K
2026-09-27T03:15:34-03:00,amazon,loja,Amazon,Imagem Hitech FULL,Smart TV TCL 55 Polegadas QD-Mini LED 4K C6K WiFi Bluetooth Google TV 4 HDMI 144Hz HDR10+ 55C6K,,3571.05,,,https://www.amazon.com.br/dp/B0F7JZMVKF?smid=A3POF6EIWE8R8,55C6K
2026-09-27T03:15:34-03:00,amazon,loja,Amazon,Magalu.,Smart TV TCL 55 Polegadas QD-Mini LED 4K C6K WiFi Bluetooth Google TV 4 HDMI 144Hz HDR10+ 55C6K,,3699.34,,,https://www.amazon.com.br/dp/B0F7JZMVKF?smid=ACUNARZFR75ET,55C6K
2026-09-27T03:15:34-03:00,amazon,loja,Amazon,Lojas Colombo S/A,Smart TV TCL 55 Polegadas QD-Mini LED 4K C6K WiFi Bluetooth Google TV 4 HDMI 144Hz HDR10+ 55C6K,4208.14,,,,https://www.amazon.com.br/dp/B0F7JZMVKF?smid=A30OZFNW1RCCSM,55C6K
2026-09-27T03:15:34-03:00,amazon,loja,Amazon,Amazon.com.br,Smart TV TCL 55 Polegadas QD-Mini LED 4K C6K WiFi Bluetooth Google TV 4 HDMI 144Hz HDR10+ 55C6K,3599.0,3491.03,"12x R$ 299,99 sem juros",,https://www.amazon.com.br/dp/B0F7JZMVKF?smid=A1ZZFT5FULY4LN,55C6K
2026-09-27T03:15:34-03:00,amazon,loja,Amazon,Magalu.,Smart TV TCL 65 Polegadas QD-Mini LED 4K C6K WiFi Bluetooth Google TV 4 HDMI 144Hz HDR10+ 65C6K,,4331.09,,,https://www.amazon.com.br/dp/B0F7K7B2PD?smid=ACUNARZFR75ET,65C6K
2026-09-27T03:15:34-03:00,amazon,loja,Amazon,Lojas Colombo S/A,Smart TV TCL 65 Polegadas QD-Mini LED 4K C6K WiFi Bluetooth Google TV 4 HDMI 144Hz HDR10+ 65C6K,5382.56,,,,https://www.amazon.com.br/dp/B0F7K7B2PD?smid=A30OZFNW1RCCSM,65C6K
2026-09-27T03:15:34-03:00,amazon,loja,Amazon,Leonfer Shop,Smart TV TCL 65 Polegadas QD-Mini LED 4K C6K WiFi Bluetooth Google TV 4 HDMI 144Hz HDR10+ 65C6K,7214.9,,,,https://www.amazon.com.br/dp/B0F7K7B2PD?smid=A28W2XGABGHXAH,65C6K
2026-09-27T03:15:34-03:00,amazon,loja,Amazon,Amazon.com.br,Smart TV TCL 65 Polegadas QD-Mini LED 4K C6K WiFi Bluetooth Google TV 4 HDMI 144Hz HDR10+ 65C6K,4624.22,4219.07,"12x R$ 385,37 sem juros",,https://www.amazon.com.br/dp/B0F7K7B2PD?smid=A1ZZFT5FULY4LN,65C6K
2026-09-27T03:15:34-03:00,casasbahia,loja,Casas Bahia,Casas Bahia,Smart TV 55” TCL 55C6K 4K QD-Mini Led 144Hz Sistema Operacional Google TV,3998.98,3599.08,"10x R$ 399,90 sem juros (cartão Casas Bahia)",,https://www.casasbahia.com.br/smart-tv-55-tcl-55c6k-4k-qd-mini-led-144hz-sistema-operacional-google-tv/p/55069456,55C6K
2026-09-27T03:15:34-03:00,casasbahia,loja,Casas Bahia,Casas Bahia,Smart TV TCL 65 Polegadas 65C6K QD-Mini LED 4K UHD Google TV 144Hz HDR10+,4687.87,4219.08,"10x R$ 468,79 sem juros (cartão Casas Bahia)",,https://www.casasbahia.com.br/smart-tv-65-tcl-65c6k-4k-qd-mini-led-144hz-com-sistema-operacional-google-tv/p/55069453,65C6K
2026-09-27T03:15:34-03:00,casasbahia,loja,Casas Bahia,LOJAS COLOMBO,"Smart TV TCL 55 AI, 4K UHD, QLED Mini LED, Android TV - 55C6K - Voltagem: Bivolt",5312.75,,"10x R$ 531,28 sem juros",,https://www.casasbahia.com.br/smart-tv-tcl-55-ai-4k-uhd-qled-mini-led-android-tv-55c6k/p/1582483296,55C6K
2026-09-27T03:15:34-03:00,casasbahia,loja,Casas Bahia,,Smart TV TCL 65C6K 65 4K Mini LED Android TV Semp Tcl,6795.5,,,,https://www.casasbahia.com.br/smart-tv-tcl-65c6k-65-4k-mini-led-android-tv-semp-tcl/p/1582860724,65C6K
2026-09-27T03:15:34-03:00,mercadolivre,loja,Mercado Livre,,Smart Tv Tcl 55 Polegadas Qd-Mini Led 4k C6k Wifi Bluetooth Google Tv 4 Hdmi 144hz Hdr10+ 55c6k,5299.0,3989.0,,,https://www.mercadolivre.com.br/p/MLB48808732?pdp_filters=item_id%3AMLB6713012362,55C6K
2026-09-27T03:15:34-03:00,mercadolivre,loja,Mercado Livre,Mercado Livre,Smart Tv Tcl 55 Polegadas Qd-Mini Led 4k C6k Wifi Bluetooth Google Tv 4 Hdmi 144hz Hdr10+ 55c6k,3491.03,,"10x R$ 359,90 sem juros",,https://www.mercadolivre.com.br/p/MLB48808732?pdp_filters=item_id%3AMLB5417889802,55C6K
2026-09-27T03:15:34-03:00,mercadolivre,loja,Mercado Livre,Mercado Livre,Smart Tv Tcl 55  4k Qd-mini Led Google Tv 127/220v 55c6k,3599.0,,"10x R$ 359,90 sem juros",,https://www.mercadolivre.com.br/smart-tv-tcl-55--4k-qdmini-led-google-tv-127220v-55c6k/up/MLBU3165217359,55C6K
2026-09-27T03:15:34-03:00,mercadolivre,loja,Mercado Livre,TCL,Smart Tv Tcl 55  Qled Mini Led 4k C6k Wifi Bluetooth 55c6k,3989.0,,"10x R$ 398,90 sem juros",,https://www.mercadolivre.com.br/smart-tv-tcl-55--qled-mini-led-4k-c6k-wifi-bluetooth-55c6k/up/MLBU3921703471,55C6K
2026-09-27T03:15:34-03:00,mercadolivre,loja,Mercado Livre,Casas Bahia,Smart Tv 55 C6k 4k Qd-mini Led 144hz Google Tv Tcl,3998.0,,"10x R$ 399,90 sem juros",,https://www.mercadolivre.com.br/smart-tv-55-c6k-4k-qdmini-led-144hz-google-tv-tcl/up/MLBU3512360279,55C6K
2026-09-27T03:15:34-03:00,mercadolivre,loja,Mercado Livre,,Smart Tv Tcl 65 Polegadas Qd-Mini Led 4k C6k Wifi Bluetooth Google Tv 4 Hdmi 144hz Hdr10+ 65c6k,6499.0,4939.0,,,https://www.mercadolivre.com.br/p/MLB50368907?pdp_filters=item_id%3AMLB6713050924,65C6K
2026-09-27T03:15:34-03:00,mercadolivre,loja,Mercado Livre,Mercado Livre,Smart Tv Tcl 65 Polegadas Qd-Mini Led 4k C6k Wifi Bluetooth Google Tv 4 Hdmi 144hz Hdr10+ 65c6k,4151.51,,"10x R$ 446,40 sem juros",,https://www.mercadolivre.com.br/p/MLB50368907?pdp_filters=item_id%3AMLB5446673958,65C6K
2026-09-27T03:15:34-03:00,mercadolivre,loja,Mercado Livre,Casas Bahia,Smart Tv 65 65c6k 4k Qd-mini Led 144hz Com Google Tv Tcl,4499.0,,"10x R$ 449,90 sem juros",,https://www.mercadolivre.com.br/smart-tv-65-65c6k-4k-qdmini-led-144hz-com-google-tv-tcl/up/MLBU3519154684,65C6K
2026-09-27T03:15:34-03:00,aliexpress,loja,AliExpress,,"Smart TV 55"" TCL 4K UHD MiniLED 55C6K 120Hz Google TV AiPQ Google Assistente 4 HDMI 2 USB R$ 3.999 R$ 4.199 4.8 5.000+ vendido(s) Top vendas",3999.0,,,,https://pt.aliexpress.com/item/1005009459962683.html,55C6K
2026-09-27T03:15:34-03:00,aliexpress,loja,AliExpress,,"Smart TV 65"" TCL 4K UHD MiniLED 65C6K 120Hz Google TV AiPQ Google Assistente 4 HDMI 2 USB R$ 4.659 R$ 4.899 4.8 2.000+ vendido(s) Top vendas",4659.0,,,,https://pt.aliexpress.com/item/1005009036343124.html,65C6K
2026-09-27T03:45:30-03:00,amazon,loja,Amazon,TCLSEMP.,Smart TV TCL 55 Polegadas QD-Mini LED 4K C6K WiFi Bluetooth Google TV 4 HDMI 144Hz HDR10+ 55C6K,,3533.05,,,https://www.amazon.com.br/dp/B0F7JZMVKF?smid=A3R1Z59ZORN2J9,55C6K
2026-09-27T03:45:30-03:00,amazon,loja,Amazon,Imagem Hitech FULL,Smart TV TCL 55 Polegadas QD-Mini LED 4K C6K WiFi Bluetooth Google TV 4 HDMI 144Hz HDR10+ 55C6K,,3571.05,,,https://www.amazon.com.br/dp/B0F7JZMVKF?smid=A3POF6EIWE8R8,55C6K
2026-09-27T03:45:30-03:00,amazon,loja,Amazon,Magalu.,Smart TV TCL 55 Polegadas QD-Mini LED 4K C6K WiFi Bluetooth Google TV 4 HDMI 144Hz HDR10+ 55C6K,,3699.34,,,https://www.amazon.com.br/dp/B0F7JZMVKF?smid=ACUNARZFR75ET,55C6K
2026-09-27T03:45:30-03:00,amazon,loja,Amazon,Lojas Colombo S/A,Smart TV TCL 55 Polegadas QD-Mini LED 4K C6K WiFi Bluetooth Google TV 4 HDMI 144Hz HDR10+ 55C6K,4208.14,,,,https://www.amazon.com.br/dp/B0F7JZMVKF?smid=A30OZFNW1RCCSM,55C6K
2026-09-27T03:45:30-03:00,amazon,loja,Amazon,Amazon.com.br,Smart TV TCL 55 Polegadas QD-Mini LED 4K C6K WiFi Bluetooth Google TV 4 HDMI 144Hz HDR10+ 55C6K,3599.0,3491.03,"12x R$ 299,99 sem juros",,https://www.amazon.com.br/dp/B0F7JZMVKF?smid=A1ZZFT5FULY4LN,55C6K
2026-09-27T03:45:30-03:00,amazon,loja,Amazon,Magalu.,Smart TV TCL 65 Polegadas QD-Mini LED 4K C6K WiFi Bluetooth Google TV 4 HDMI 144Hz HDR10+ 65C6K,,4331.09,,,https://www.amazon.com.br/dp/B0F7K7B2PD?smid=ACUNARZFR75ET,65C6K
2026-09-27T03:45:30-03:00,amazon,loja,Amazon,Lojas Colombo S/A,Smart TV TCL 65 Polegadas QD-Mini LED 4K C6K WiFi Bluetooth Google TV 4 HDMI 144Hz HDR10+ 65C6K,5382.56,,,,https://www.amazon.com.br/dp/B0F7K7B2PD?smid=A30OZFNW1RCCSM,65C6K
2026-09-27T03:45:30-03:00,amazon,loja,Amazon,Leonfer Shop,Smart TV TCL 65 Polegadas QD-Mini LED 4K C6K WiFi Bluetooth Google TV 4 HDMI 144Hz HDR10+ 65C6K,7214.9,,,,https://www.amazon.com.br/dp/B0F7K7B2PD?smid=A28W2XGABGHXAH,65C6K
2026-09-27T03:45:30-03:00,amazon,loja,Amazon,Amazon.com.br,Smart TV TCL 65 Polegadas QD-Mini LED 4K C6K WiFi Bluetooth Google TV 4 HDMI 144Hz HDR10+ 65C6K,4624.22,4219.07,"12x R$ 385,37 sem juros",,https://www.amazon.com.br/dp/B0F7K7B2PD?smid=A1ZZFT5FULY4LN,65C6K
2026-09-27T03:45:30-03:00,casasbahia,loja,Casas Bahia,Casas Bahia,Smart TV 55” TCL 55C6K 4K QD-Mini Led 144Hz Sistema Operacional Google TV,3998.98,3599.08,"10x R$ 399,90 sem juros (cartão Casas Bahia)",,https://www.casasbahia.com.br/smart-tv-55-tcl-55c6k-4k-qd-mini-led-144hz-sistema-operacional-google-tv/p/55069456,55C6K
2026-09-27T03:45:30-03:00,casasbahia,loja,Casas Bahia,Casas Bahia,Smart TV TCL 65 Polegadas 65C6K QD-Mini LED 4K UHD Google TV 144Hz HDR10+,4687.87,4219.08,"10x R$ 468,79 sem juros (cartão Casas Bahia)",,https://www.casasbahia.com.br/smart-tv-65-tcl-65c6k-4k-qd-mini-led-144hz-com-sistema-operacional-google-tv/p/55069453,65C6K
2026-09-27T03:45:30-03:00,casasbahia,loja,Casas Bahia,LOJAS COLOMBO,"Smart TV TCL 55 AI, 4K UHD, QLED Mini LED, Android TV - 55C6K - Voltagem: Bivolt",5312.75,,"10x R$ 531,28 sem juros",,https://www.casasbahia.com.br/smart-tv-tcl-55-ai-4k-uhd-qled-mini-led-android-tv-55c6k/p/1582483296,55C6K
2026-09-27T03:45:30-03:00,casasbahia,loja,Casas Bahia,,Smart TV TCL 65C6K 65 4K Mini LED Android TV Semp Tcl,6795.5,,,,https://www.casasbahia.com.br/smart-tv-tcl-65c6k-65-4k-mini-led-android-tv-semp-tcl/p/1582860724,65C6K
2026-09-27T03:45:30-03:00,mercadolivre,loja,Mercado Livre,,Smart Tv Tcl 55 Polegadas Qd-Mini Led 4k C6k Wifi Bluetooth Google Tv 4 Hdmi 144hz Hdr10+ 55c6k,5299.0,3989.0,,,https://www.mercadolivre.com.br/p/MLB48808732?pdp_filters=item_id%3AMLB6713012362,55C6K
2026-09-27T03:45:30-03:00,mercadolivre,loja,Mercado Livre,Mercado Livre,Smart Tv Tcl 55 Polegadas Qd-Mini Led 4k C6k Wifi Bluetooth Google Tv 4 Hdmi 144hz Hdr10+ 55c6k,3491.03,,"10x R$ 359,90 sem juros",,https://www.mercadolivre.com.br/p/MLB48808732?pdp_filters=item_id%3AMLB5417889802,55C6K
2026-09-27T03:45:30-03:00,mercadolivre,loja,Mercado Livre,TCL,Smart Tv Tcl 55  Qled Mini Led 4k C6k Wifi Bluetooth 55c6k,3989.0,,"10x R$ 398,90 sem juros",,https://www.mercadolivre.com.br/smart-tv-tcl-55--qled-mini-led-4k-c6k-wifi-bluetooth-55c6k/up/MLBU3921703471,55C6K
2026-09-27T03:45:30-03:00,mercadolivre,loja,Mercado Livre,Casas Bahia,Smart Tv 55 C6k 4k Qd-mini Led 144hz Google Tv Tcl,3998.0,,"10x R$ 399,90 sem juros",,https://www.mercadolivre.com.br/smart-tv-55-c6k-4k-qdmini-led-144hz-google-tv-tcl/up/MLBU3512360279,55C6K
2026-09-27T03:45:30-03:00,mercadolivre,loja,Mercado Livre,,Smart Tv Tcl 65 Polegadas Qd-Mini Led 4k C6k Wifi Bluetooth Google Tv 4 Hdmi 144hz Hdr10+ 65c6k,6499.0,4939.0,,,https://www.mercadolivre.com.br/p/MLB50368907?pdp_filters=item_id%3AMLB6713050924,65C6K
2026-09-27T03:45:30-03:00,mercadolivre,loja,Mercado Livre,Mercado Livre,Smart Tv Tcl 65 Polegadas Qd-Mini Led 4k C6k Wifi Bluetooth Google Tv 4 Hdmi 144hz Hdr10+ 65c6k,4151.51,,"10x R$ 446,40 sem juros",,https://www.mercadolivre.com.br/p/MLB50368907?pdp_filters=item_id%3AMLB5446673958,65C6K
2026-09-27T03:45:30-03:00,mercadolivre,loja,Mercado Livre,Mercado Livre,Tcl 4k Qd-mini Led Tv 65 C6k Google Tv,4463.0,,"10x R$ 446,40 sem juros",,https://www.mercadolivre.com.br/tcl-4k-qdmini-led-tv-65-c6k-google-tv/up/MLBU3187349883,65C6K
2026-09-27T03:45:30-03:00,aliexpress,loja,AliExpress,,"Smart TV 55"" TCL 4K UHD MiniLED 55C6K 120Hz Google TV AiPQ Google Assistente 4 HDMI 2 USB R$ 3.999 R$ 4.199 4.8 5.000+ vendido(s) Top vendas",3999.0,,,,https://pt.aliexpress.com/item/1005009459962683.html,55C6K
2026-09-27T03:45:30-03:00,aliexpress,loja,AliExpress,,"Smart TV 65"" TCL 4K UHD MiniLED 65C6K 120Hz Google TV AiPQ Google Assistente 4 HDMI 2 USB R$ 4.659 R$ 4.899 4.8 2.000+ vendido(s) Top vendas",4659.0,,,,https://pt.aliexpress.com/item/1005009036343124.html,65C6K
2026-09-27T04:15:36-03:00,amazon,loja,Amazon,TCLSEMP.,Smart TV TCL 55 Polegadas QD-Mini LED 4K C6K WiFi Bluetooth Google TV 4 HDMI 144Hz HDR10+ 55C6K,,3533.05,,,https://www.amazon.com.br/dp/B0F7JZMVKF?smid=A3R1Z59ZORN2J9,55C6K
2026-09-27T04:15:36-03:00,amazon,loja,Amazon,Imagem Hitech FULL,Smart TV TCL 55 Polegadas QD-Mini LED 4K C6K WiFi Bluetooth Google TV 4 HDMI 144Hz HDR10+ 55C6K,,3571.05,,,https://www.amazon.com.br/dp/B0F7JZMVKF?smid=A3POF6EIWE8R8,55C6K
2026-09-27T04:15:36-03:00,amazon,loja,Amazon,Magalu.,Smart TV TCL 55 Polegadas QD-Mini LED 4K C6K WiFi Bluetooth Google TV 4 HDMI 144Hz HDR10+ 55C6K,,3699.34,,,https://www.amazon.com.br/dp/B0F7JZMVKF?smid=ACUNARZFR75ET,55C6K
2026-09-27T04:15:36-03:00,amazon,loja,Amazon,Lojas Colombo S/A,Smart TV TCL 55 Polegadas QD-Mini LED 4K C6K WiFi Bluetooth Google TV 4 HDMI 144Hz HDR10+ 55C6K,4208.14,,,,https://www.amazon.com.br/dp/B0F7JZMVKF?smid=A30OZFNW1RCCSM,55C6K
2026-09-27T04:15:36-03:00,amazon,loja,Amazon,Amazon.com.br,Smart TV TCL 55 Polegadas QD-Mini LED 4K C6K WiFi Bluetooth Google TV 4 HDMI 144Hz HDR10+ 55C6K,3599.0,3491.03,"12x R$ 299,99 sem juros",,https://www.amazon.com.br/dp/B0F7JZMVKF?smid=A1ZZFT5FULY4LN,55C6K
2026-09-27T04:15:36-03:00,amazon,loja,Amazon,Magalu.,Smart TV TCL 65 Polegadas QD-Mini LED 4K C6K WiFi Bluetooth Google TV 4 HDMI 144Hz HDR10+ 65C6K,,4331.09,,,https://www.amazon.com.br/dp/B0F7K7B2PD?smid=ACUNARZFR75ET,65C6K
2026-09-27T04:15:36-03:00,amazon,loja,Amazon,Lojas Colombo S/A,Smart TV TCL 65 Polegadas QD-Mini LED 4K C6K WiFi Bluetooth Google TV 4 HDMI 144Hz HDR10+ 65C6K,5382.56,,,,https://www.amazon.com.br/dp/B0F7K7B2PD?smid=A30OZFNW1RCCSM,65C6K
2026-09-27T04:15:36-03:00,amazon,loja,Amazon,Leonfer Shop,Smart TV TCL 65 Polegadas QD-Mini LED 4K C6K WiFi Bluetooth Google TV 4 HDMI 144Hz HDR10+ 65C6K,7214.9,,,,https://www.amazon.com.br/dp/B0F7K7B2PD?smid=A28W2XGABGHXAH,65C6K
2026-09-27T04:15:36-03:00,amazon,loja,Amazon,Amazon.com.br,Smart TV TCL 65 Polegadas QD-Mini LED 4K C6K WiFi Bluetooth Google TV 4 HDMI 144Hz HDR10+ 65C6K,4624.22,4219.07,"12x R$ 385,37 sem juros",,https://www.amazon.com.br/dp/B0F7K7B2PD?smid=A1ZZFT5FULY4LN,65C6K
2026-09-27T04:15:36-03:00,casasbahia,loja,Casas Bahia,Casas Bahia,Smart TV 55” TCL 55C6K 4K QD-Mini Led 144Hz Sistema Operacional Google TV,3998.98,3599.08,"10x R$ 399,90 sem juros (cartão Casas Bahia)",,https://www.casasbahia.com.br/smart-tv-55-tcl-55c6k-4k-qd-mini-led-144hz-sistema-operacional-google-tv/p/55069456,55C6K
2026-09-27T04:15:36-03:00,casasbahia,loja,Casas Bahia,Casas Bahia,Smart TV TCL 65 Polegadas 65C6K QD-Mini LED 4K UHD Google TV 144Hz HDR10+,4687.87,4219.08,"10x R$ 468,79 sem juros (cartão Casas Bahia)",,https://www.casasbahia.com.br/smart-tv-65-tcl-65c6k-4k-qd-mini-led-144hz-com-sistema-operacional-google-tv/p/55069453,65C6K
2026-09-27T04:15:36-03:00,casasbahia,loja,Casas Bahia,LOJAS COLOMBO,"Smart TV TCL 55 AI, 4K UHD, QLED Mini LED, Android TV - 55C6K - Voltagem: Bivolt",5312.75,,"10x R$ 531,28 sem juros",,https://www.casasbahia.com.br/smart-tv-tcl-55-ai-4k-uhd-qled-mini-led-android-tv-55c6k/p/1582483296,55C6K
2026-09-27T04:15:36-03:00,casasbahia,loja,Casas Bahia,,Smart TV TCL 65C6K 65 4K Mini LED Android TV Semp Tcl,6795.5,,,,https://www.casasbahia.com.br/smart-tv-tcl-65c6k-65-4k-mini-led-android-tv-semp-tcl/p/1582860724,65C6K
2026-09-27T04:15:36-03:00,mercadolivre,loja,Mercado Livre,,Smart Tv Tcl 55 Polegadas Qd-Mini Led 4k C6k Wifi Bluetooth Google Tv 4 Hdmi 144hz Hdr10+ 55c6k,5299.0,3989.0,,,https://www.mercadolivre.com.br/p/MLB48808732?pdp_filters=item_id%3AMLB6713012362,55C6K
2026-09-27T04:15:36-03:00,mercadolivre,loja,Mercado Livre,Mercado Livre,Smart Tv Tcl 55 Polegadas Qd-Mini Led 4k C6k Wifi Bluetooth Google Tv 4 Hdmi 144hz Hdr10+ 55c6k,3491.03,,"10x R$ 359,90 sem juros",,https://www.mercadolivre.com.br/p/MLB48808732?pdp_filters=item_id%3AMLB5417889802,55C6K
2026-09-27T04:15:36-03:00,mercadolivre,loja,Mercado Livre,TCL,Smart Tv Tcl 55  Qled Mini Led 4k C6k Wifi Bluetooth 55c6k,3989.0,,"10x R$ 398,90 sem juros",,https://www.mercadolivre.com.br/smart-tv-tcl-55--qled-mini-led-4k-c6k-wifi-bluetooth-55c6k/up/MLBU3921703471,55C6K
2026-09-27T04:15:36-03:00,mercadolivre,loja,Mercado Livre,Casas Bahia,Smart Tv 55 C6k 4k Qd-mini Led 144hz Google Tv Tcl,3998.0,,"10x R$ 399,90 sem juros",,https://www.mercadolivre.com.br/smart-tv-55-c6k-4k-qdmini-led-144hz-google-tv-tcl/up/MLBU3512360279,55C6K
2026-09-27T04:15:36-03:00,mercadolivre,loja,Mercado Livre,,Smart Tv Tcl 65 Polegadas Qd-Mini Led 4k C6k Wifi Bluetooth Google Tv 4 Hdmi 144hz Hdr10+ 65c6k,6499.0,4939.0,,,https://www.mercadolivre.com.br/p/MLB50368907?pdp_filters=item_id%3AMLB6713050924,65C6K
2026-09-27T04:15:36-03:00,mercadolivre,loja,Mercado Livre,Mercado Livre,Smart Tv Tcl 65 Polegadas Qd-Mini Led 4k C6k Wifi Bluetooth Google Tv 4 Hdmi 144hz Hdr10+ 65c6k,4151.51,,"10x R$ 446,40 sem juros",,https://www.mercadolivre.com.br/p/MLB50368907?pdp_filters=item_id%3AMLB5446673958,65C6K
2026-09-27T04:15:36-03:00,mercadolivre,loja,Mercado Livre,Mercado Livre,Tcl 4k Qd-mini Led Tv 65 C6k Google Tv,4463.0,,"10x R$ 446,40 sem juros",,https://www.mercadolivre.com.br/tcl-4k-qdmini-led-tv-65-c6k-google-tv/up/MLBU3187349883,65C6K
2026-09-27T04:15:36-03:00,aliexpress,loja,AliExpress,,"Smart TV 55"" TCL 4K UHD MiniLED 55C6K 120Hz Google TV AiPQ Google Assistente 4 HDMI 2 USB R$ 3.999 R$ 4.199 4.8 5.000+ vendido(s) Top vendas",3999.0,,,,https://pt.aliexpress.com/item/1005009459962683.html,55C6K
2026-09-27T04:15:36-03:00,aliexpress,loja,AliExpress,,"Smart TV 65"" TCL 4K UHD MiniLED 65C6K 120Hz Google TV AiPQ Google Assistente 4 HDMI 2 USB R$ 4.659 R$ 4.899 4.8 2.000+ vendido(s) Top vendas",4659.0,,,,https://pt.aliexpress.com/item/1005009036343124.html,65C6K
2026-09-27T13:38:03-03:00,amazon,loja,Amazon,TCLSEMP.,Smart TV TCL 55 Polegadas QD-Mini LED 4K C6K WiFi Bluetooth Google TV 4 HDMI 144Hz HDR10+ 55C6K,,3533.05,,,https://www.amazon.com.br/dp/B0F7JZMVKF?smid=A3R1Z59ZORN2J9,55C6K
2026-09-27T13:38:03-03:00,amazon,loja,Amazon,Imagem Hitech FULL,Smart TV TCL 55 Polegadas QD-Mini LED 4K C6K WiFi Bluetooth Google TV 4 HDMI 144Hz HDR10+ 55C6K,,3571.05,,,https://www.amazon.com.br/dp/B0F7JZMVKF?smid=A3POF6EIWE8R8,55C6K
2026-09-27T13:38:03-03:00,amazon,loja,Amazon,Magalu.,Smart TV TCL 55 Polegadas QD-Mini LED 4K C6K WiFi Bluetooth Google TV 4 HDMI 144Hz HDR10+ 55C6K,3894.05,,,,https://www.amazon.com.br/dp/B0F7JZMVKF?smid=ACUNARZFR75ET,55C6K
2026-09-27T13:38:03-03:00,amazon,loja,Amazon,Lojas Colombo S/A,Smart TV TCL 55 Polegadas QD-Mini LED 4K C6K WiFi Bluetooth Google TV 4 HDMI 144Hz HDR10+ 55C6K,4208.14,,,,https://www.amazon.com.br/dp/B0F7JZMVKF?smid=A30OZFNW1RCCSM,55C6K
2026-09-27T13:38:03-03:00,amazon,loja,Amazon,Amazon.com.br,Smart TV TCL 55 Polegadas QD-Mini LED 4K C6K WiFi Bluetooth Google TV 4 HDMI 144Hz HDR10+ 55C6K,3599.0,3491.03,"12x R$ 299,99 sem juros",,https://www.amazon.com.br/dp/B0F7JZMVKF?smid=A1ZZFT5FULY4LN,55C6K
2026-09-27T13:38:03-03:00,amazon,loja,Amazon,Magalu.,Smart TV TCL 65 Polegadas QD-Mini LED 4K C6K WiFi Bluetooth Google TV 4 HDMI 144Hz HDR10+ 65C6K,4559.05,,,,https://www.amazon.com.br/dp/B0F7K7B2PD?smid=ACUNARZFR75ET,65C6K
2026-09-27T13:38:03-03:00,amazon,loja,Amazon,Lojas Colombo S/A,Smart TV TCL 65 Polegadas QD-Mini LED 4K C6K WiFi Bluetooth Google TV 4 HDMI 144Hz HDR10+ 65C6K,5382.56,,,,https://www.amazon.com.br/dp/B0F7K7B2PD?smid=A30OZFNW1RCCSM,65C6K
2026-09-27T13:38:03-03:00,amazon,loja,Amazon,Leonfer Shop,Smart TV TCL 65 Polegadas QD-Mini LED 4K C6K WiFi Bluetooth Google TV 4 HDMI 144Hz HDR10+ 65C6K,7214.9,,,,https://www.amazon.com.br/dp/B0F7K7B2PD?smid=A28W2XGABGHXAH,65C6K
2026-09-27T13:38:03-03:00,amazon,loja,Amazon,Amazon.com.br,Smart TV TCL 65 Polegadas QD-Mini LED 4K C6K WiFi Bluetooth Google TV 4 HDMI 144Hz HDR10+ 65C6K,4624.22,4219.07,"12x R$ 385,37 sem juros",,https://www.amazon.com.br/dp/B0F7K7B2PD?smid=A1ZZFT5FULY4LN,65C6K
2026-09-27T13:38:03-03:00,casasbahia,loja,Casas Bahia,Casas Bahia,Smart TV 55” TCL 55C6K 4K QD-Mini Led 144Hz Sistema Operacional Google TV,3998.98,3599.08,"10x R$ 399,90 sem juros (cartão Casas Bahia)",,https://www.casasbahia.com.br/smart-tv-55-tcl-55c6k-4k-qd-mini-led-144hz-sistema-operacional-google-tv/p/55069456,55C6K
2026-09-27T13:38:03-03:00,casasbahia,loja,Casas Bahia,Casas Bahia,Smart TV TCL 65 Polegadas 65C6K QD-Mini LED 4K UHD Google TV 144Hz HDR10+,4687.87,4219.08,"10x R$ 468,79 sem juros (cartão Casas Bahia)",,https://www.casasbahia.com.br/smart-tv-65-tcl-65c6k-4k-qd-mini-led-144hz-com-sistema-operacional-google-tv/p/55069453,65C6K
2026-09-27T13:38:03-03:00,casasbahia,loja,Casas Bahia,LOJAS COLOMBO,"Smart TV TCL 55 AI, 4K UHD, QLED Mini LED, Android TV - 55C6K - Voltagem: Bivolt",5312.75,,"10x R$ 531,28 sem juros",,https://www.casasbahia.com.br/smart-tv-tcl-55-ai-4k-uhd-qled-mini-led-android-tv-55c6k/p/1582483296,55C6K
2026-09-27T13:38:03-03:00,casasbahia,loja,Casas Bahia,,Smart TV TCL 65C6K 65 4K Mini LED Android TV Semp Tcl,6795.5,,,,https://www.casasbahia.com.br/smart-tv-tcl-65c6k-65-4k-mini-led-android-tv-semp-tcl/p/1582860724,65C6K
2026-09-27T13:38:03-03:00,mercadolivre,loja,Mercado Livre,,Smart Tv Tcl 55 Polegadas Qd-Mini Led 4k C6k Wifi Bluetooth Google Tv 4 Hdmi 144hz Hdr10+ 55c6k,5299.0,3989.0,,,https://www.mercadolivre.com.br/p/MLB48808732?pdp_filters=item_id%3AMLB6713012362,55C6K
2026-09-27T13:38:03-03:00,mercadolivre,loja,Mercado Livre,Mercado Livre,Smart Tv Tcl 55 Polegadas Qd-Mini Led 4k C6k Wifi Bluetooth Google Tv 4 Hdmi 144hz Hdr10+ 55c6k,3491.03,,"10x R$ 359,90 sem juros",,https://www.mercadolivre.com.br/p/MLB48808732?pdp_filters=item_id%3AMLB5417889802,55C6K
2026-09-27T13:38:03-03:00,mercadolivre,loja,Mercado Livre,Mercado Livre,Smart Tv Tcl 55  4k Qd-mini Led Google Tv 127/220v 55c6k,3599.0,,"10x R$ 359,90 sem juros",,https://www.mercadolivre.com.br/smart-tv-tcl-55--4k-qdmini-led-google-tv-127220v-55c6k/up/MLBU3165217359,55C6K
2026-09-27T13:38:03-03:00,mercadolivre,loja,Mercado Livre,TCL,Smart Tv Tcl 55  Qled Mini Led 4k C6k Wifi Bluetooth 55c6k,3989.0,,"10x R$ 398,90 sem juros",,https://www.mercadolivre.com.br/smart-tv-tcl-55--qled-mini-led-4k-c6k-wifi-bluetooth-55c6k/up/MLBU3921703471,55C6K
2026-09-27T13:38:03-03:00,mercadolivre,loja,Mercado Livre,Casas Bahia,Smart Tv 55 C6k 4k Qd-mini Led 144hz Google Tv Tcl,3998.0,,"10x R$ 399,90 sem juros",,https://www.mercadolivre.com.br/smart-tv-55-c6k-4k-qdmini-led-144hz-google-tv-tcl/up/MLBU3512360279,55C6K
2026-09-27T13:38:03-03:00,mercadolivre,loja,Mercado Livre,,Smart Tv Tcl 65 Polegadas Qd-Mini Led 4k C6k Wifi Bluetooth Google Tv 4 Hdmi 144hz Hdr10+ 65c6k,6499.0,4939.0,,,https://www.mercadolivre.com.br/p/MLB50368907?pdp_filters=item_id%3AMLB6713050924,65C6K
2026-09-27T13:38:03-03:00,mercadolivre,loja,Mercado Livre,Mercado Livre,Smart Tv Tcl 65 Polegadas Qd-Mini Led 4k C6k Wifi Bluetooth Google Tv 4 Hdmi 144hz Hdr10+ 65c6k,4151.51,,"10x R$ 446,40 sem juros",,https://www.mercadolivre.com.br/p/MLB50368907?pdp_filters=item_id%3AMLB5446673958,65C6K
2026-09-27T13:38:03-03:00,mercadolivre,loja,Mercado Livre,Casas Bahia,Smart Tv 65 65c6k 4k Qd-mini Led 144hz Com Google Tv Tcl,4499.0,,"10x R$ 449,90 sem juros",,https://www.mercadolivre.com.br/smart-tv-65-65c6k-4k-qdmini-led-144hz-com-google-tv-tcl/up/MLBU3519154684,65C6K
2026-09-27T13:38:03-03:00,aliexpress,loja,AliExpress,,"Smart TV 55"" TCL 4K UHD MiniLED 55C6K 120Hz Google TV AiPQ Google Assistente 4 HDMI 2 USB R$ 3.999 R$ 4.199 4.8 5.000+ vendido(s) Top vendas",3999.0,,,,https://pt.aliexpress.com/item/1005009459962683.html,55C6K
2026-09-27T13:38:03-03:00,aliexpress,loja,AliExpress,,"Smart TV 65"" TCL 4K UHD MiniLED 65C6K 120Hz Google TV AiPQ Google Assistente 4 HDMI 2 USB R$ 4.659 R$ 4.899 4.8 2.000+ vendido(s) Top vendas",4659.0,,,,https://pt.aliexpress.com/item/1005009036343124.html,65C6K
2026-09-27T14:38:30-03:00,amazon,loja,Amazon,TCLSEMP.,Smart TV TCL 55 Polegadas QD-Mini LED 4K C6K WiFi Bluetooth Google TV 4 HDMI 144Hz HDR10+ 55C6K,,3533.05,,,https://www.amazon.com.br/dp/B0F7JZMVKF?smid=A3R1Z59ZORN2J9,55C6K
2026-09-27T14:38:30-03:00,amazon,loja,Amazon,Imagem Hitech FULL,Smart TV TCL 55 Polegadas QD-Mini LED 4K C6K WiFi Bluetooth Google TV 4 HDMI 144Hz HDR10+ 55C6K,,3571.05,,,https://www.amazon.com.br/dp/B0F7JZMVKF?smid=A3POF6EIWE8R8,55C6K
2026-09-27T14:38:30-03:00,amazon,loja,Amazon,Magalu.,Smart TV TCL 55 Polegadas QD-Mini LED 4K C6K WiFi Bluetooth Google TV 4 HDMI 144Hz HDR10+ 55C6K,3894.05,,,,https://www.amazon.com.br/dp/B0F7JZMVKF?smid=ACUNARZFR75ET,55C6K
2026-09-27T14:38:30-03:00,amazon,loja,Amazon,Lojas Colombo S/A,Smart TV TCL 55 Polegadas QD-Mini LED 4K C6K WiFi Bluetooth Google TV 4 HDMI 144Hz HDR10+ 55C6K,4208.14,,,,https://www.amazon.com.br/dp/B0F7JZMVKF?smid=A30OZFNW1RCCSM,55C6K
2026-09-27T14:38:30-03:00,amazon,loja,Amazon,Amazon.com.br,Smart TV TCL 55 Polegadas QD-Mini LED 4K C6K WiFi Bluetooth Google TV 4 HDMI 144Hz HDR10+ 55C6K,3599.0,3491.03,"12x R$ 299,99 sem juros",,https://www.amazon.com.br/dp/B0F7JZMVKF?smid=A1ZZFT5FULY4LN,55C6K
2026-09-27T14:38:30-03:00,amazon,loja,Amazon,Magalu.,Smart TV TCL 65 Polegadas QD-Mini LED 4K C6K WiFi Bluetooth Google TV 4 HDMI 144Hz HDR10+ 65C6K,4559.05,,,,https://www.amazon.com.br/dp/B0F7K7B2PD?smid=ACUNARZFR75ET,65C6K
2026-09-27T14:38:30-03:00,amazon,loja,Amazon,Lojas Colombo S/A,Smart TV TCL 65 Polegadas QD-Mini LED 4K C6K WiFi Bluetooth Google TV 4 HDMI 144Hz HDR10+ 65C6K,5382.56,,,,https://www.amazon.com.br/dp/B0F7K7B2PD?smid=A30OZFNW1RCCSM,65C6K
2026-09-27T14:38:30-03:00,amazon,loja,Amazon,Leonfer Shop,Smart TV TCL 65 Polegadas QD-Mini LED 4K C6K WiFi Bluetooth Google TV 4 HDMI 144Hz HDR10+ 65C6K,7214.9,,,,https://www.amazon.com.br/dp/B0F7K7B2PD?smid=A28W2XGABGHXAH,65C6K
2026-09-27T14:38:30-03:00,amazon,loja,Amazon,Amazon.com.br,Smart TV TCL 65 Polegadas QD-Mini LED 4K C6K WiFi Bluetooth Google TV 4 HDMI 144Hz HDR10+ 65C6K,4624.22,4219.07,"12x R$ 385,37 sem juros",,https://www.amazon.com.br/dp/B0F7K7B2PD?smid=A1ZZFT5FULY4LN,65C6K
2026-09-27T14:38:30-03:00,casasbahia,loja,Casas Bahia,Casas Bahia,Smart TV 55” TCL 55C6K 4K QD-Mini Led 144Hz Sistema Operacional Google TV,3998.98,3599.08,"10x R$ 399,90 sem juros (cartão Casas Bahia)",,https://www.casasbahia.com.br/smart-tv-55-tcl-55c6k-4k-qd-mini-led-144hz-sistema-operacional-google-tv/p/55069456,55C6K
2026-09-27T14:38:30-03:00,casasbahia,loja,Casas Bahia,Casas Bahia,Smart TV TCL 65 Polegadas 65C6K QD-Mini LED 4K UHD Google TV 144Hz HDR10+,4687.87,4219.08,"10x R$ 468,79 sem juros (cartão Casas Bahia)",,https://www.casasbahia.com.br/smart-tv-65-tcl-65c6k-4k-qd-mini-led-144hz-com-sistema-operacional-google-tv/p/55069453,65C6K
2026-09-27T14:38:30-03:00,casasbahia,loja,Casas Bahia,LOJAS COLOMBO,"Smart TV TCL 55 AI, 4K UHD, QLED Mini LED, Android TV - 55C6K - Voltagem: Bivolt",5312.75,,"10x R$ 531,28 sem juros",,https://www.casasbahia.com.br/smart-tv-tcl-55-ai-4k-uhd-qled-mini-led-android-tv-55c6k/p/1582483296,55C6K
2026-09-27T14:38:30-03:00,casasbahia,loja,Casas Bahia,,Smart TV TCL 65C6K 65 4K Mini LED Android TV Semp Tcl,6795.5,,,,https://www.casasbahia.com.br/smart-tv-tcl-65c6k-65-4k-mini-led-android-tv-semp-tcl/p/1582860724,65C6K
2026-09-27T14:38:30-03:00,mercadolivre,loja,Mercado Livre,,Smart Tv Tcl 55 Polegadas Qd-Mini Led 4k C6k Wifi Bluetooth Google Tv 4 Hdmi 144hz Hdr10+ 55c6k,5299.0,3989.0,,,https://www.mercadolivre.com.br/p/MLB48808732?pdp_filters=item_id%3AMLB6713012362,55C6K
2026-09-27T14:38:30-03:00,mercadolivre,loja,Mercado Livre,Mercado Livre,Smart Tv Tcl 55 Polegadas Qd-Mini Led 4k C6k Wifi Bluetooth Google Tv 4 Hdmi 144hz Hdr10+ 55c6k,3491.03,,"10x R$ 359,90 sem juros",,https://www.mercadolivre.com.br/p/MLB48808732?pdp_filters=item_id%3AMLB5417889802,55C6K
2026-09-27T14:38:30-03:00,mercadolivre,loja,Mercado Livre,TCL,Smart Tv Tcl 55  Qled Mini Led 4k C6k Wifi Bluetooth 55c6k,3989.0,,"10x R$ 398,90 sem juros",,https://www.mercadolivre.com.br/smart-tv-tcl-55--qled-mini-led-4k-c6k-wifi-bluetooth-55c6k/up/MLBU3921703471,55C6K
2026-09-27T14:38:30-03:00,mercadolivre,loja,Mercado Livre,Casas Bahia,Smart Tv 55 C6k 4k Qd-mini Led 144hz Google Tv Tcl,3998.0,,"10x R$ 399,90 sem juros",,https://www.mercadolivre.com.br/smart-tv-55-c6k-4k-qdmini-led-144hz-google-tv-tcl/up/MLBU3512360279,55C6K
2026-09-27T14:38:30-03:00,mercadolivre,loja,Mercado Livre,,Smart Tv Tcl 65 Polegadas Qd-Mini Led 4k C6k Wifi Bluetooth Google Tv 4 Hdmi 144hz Hdr10+ 65c6k,6499.0,4939.0,,,https://www.mercadolivre.com.br/p/MLB50368907?pdp_filters=item_id%3AMLB6713050924,65C6K
2026-09-27T14:38:30-03:00,mercadolivre,loja,Mercado Livre,Mercado Livre,Smart Tv Tcl 65 Polegadas Qd-Mini Led 4k C6k Wifi Bluetooth Google Tv 4 Hdmi 144hz Hdr10+ 65c6k,4151.51,,"10x R$ 446,40 sem juros",,https://www.mercadolivre.com.br/p/MLB50368907?pdp_filters=item_id%3AMLB5446673958,65C6K
2026-09-27T14:38:30-03:00,mercadolivre,loja,Mercado Livre,Mercado Livre,Tcl 4k Qd-mini Led Tv 65 C6k Google Tv,4463.0,,"10x R$ 446,40 sem juros",,https://www.mercadolivre.com.br/tcl-4k-qdmini-led-tv-65-c6k-google-tv/up/MLBU3187349883,65C6K
2026-09-27T14:38:30-03:00,aliexpress,loja,AliExpress,,"Smart TV 55"" TCL 4K UHD MiniLED 55C6K 120Hz Google TV AiPQ Google Assistente 4 HDMI 2 USB R$ 3.999 R$ 4.199 4.8 5.000+ vendido(s) Top vendas",3999.0,,,,https://pt.aliexpress.com/item/1005009459962683.html,55C6K
2026-09-27T14:38:30-03:00,aliexpress,loja,AliExpress,,"Smart TV 65"" TCL 4K UHD MiniLED 65C6K 120Hz Google TV AiPQ Google Assistente 4 HDMI 2 USB R$ 4.659 R$ 4.899 4.8 2.000+ vendido(s) Top vendas",4659.0,,,,https://pt.aliexpress.com/item/1005009036343124.html,65C6K
2026-09-27T15:15:33-03:00,amazon,loja,Amazon,TCLSEMP.,Smart TV TCL 55 Polegadas QD-Mini LED 4K C6K WiFi Bluetooth Google TV 4 HDMI 144Hz HDR10+ 55C6K,,3533.05,,,https://www.amazon.com.br/dp/B0F7JZMVKF?smid=A3R1Z59ZORN2J9,55C6K
2026-09-27T15:15:33-03:00,amazon,loja,Amazon,Imagem Hitech FULL,Smart TV TCL 55 Polegadas QD-Mini LED 4K C6K WiFi Bluetooth Google TV 4 HDMI 144Hz HDR10+ 55C6K,,3571.05,,,https://www.amazon.com.br/dp/B0F7JZMVKF?smid=A3POF6EIWE8R8,55C6K
2026-09-27T15:15:33-03:00,amazon,loja,Amazon,Magalu.,Smart TV TCL 55 Polegadas QD-Mini LED 4K C6K WiFi Bluetooth Google TV 4 HDMI 144Hz HDR10+ 55C6K,3894.05,,,,https://www.amazon.com.br/dp/B0F7JZMVKF?smid=ACUNARZFR75ET,55C6K
2026-09-27T15:15:33-03:00,amazon,loja,Amazon,Lojas Colombo S/A,Smart TV TCL 55 Polegadas QD-Mini LED 4K C6K WiFi Bluetooth Google TV 4 HDMI 144Hz HDR10+ 55C6K,4208.14,,,,https://www.amazon.com.br/dp/B0F7JZMVKF?smid=A30OZFNW1RCCSM,55C6K
2026-09-27T15:15:33-03:00,amazon,loja,Amazon,Amazon.com.br,Smart TV TCL 55 Polegadas QD-Mini LED 4K C6K WiFi Bluetooth Google TV 4 HDMI 144Hz HDR10+ 55C6K,3599.0,3491.03,"12x R$ 299,99 sem juros",,https://www.amazon.com.br/dp/B0F7JZMVKF?smid=A1ZZFT5FULY4LN,55C6K
2026-09-27T15:15:33-03:00,amazon,loja,Amazon,Magalu.,Smart TV TCL 65 Polegadas QD-Mini LED 4K C6K WiFi Bluetooth Google TV 4 HDMI 144Hz HDR10+ 65C6K,4559.05,,,,https://www.amazon.com.br/dp/B0F7K7B2PD?smid=ACUNARZFR75ET,65C6K
2026-09-27T15:15:33-03:00,amazon,loja,Amazon,Lojas Colombo S/A,Smart TV TCL 65 Polegadas QD-Mini LED 4K C6K WiFi Bluetooth Google TV 4 HDMI 144Hz HDR10+ 65C6K,5382.56,,,,https://www.amazon.com.br/dp/B0F7K7B2PD?smid=A30OZFNW1RCCSM,65C6K
2026-09-27T15:15:33-03:00,amazon,loja,Amazon,Leonfer Shop,Smart TV TCL 65 Polegadas QD-Mini LED 4K C6K WiFi Bluetooth Google TV 4 HDMI 144Hz HDR10+ 65C6K,7214.9,,,,https://www.amazon.com.br/dp/B0F7K7B2PD?smid=A28W2XGABGHXAH,65C6K
2026-09-27T15:15:33-03:00,amazon,loja,Amazon,Amazon.com.br,Smart TV TCL 65 Polegadas QD-Mini LED 4K C6K WiFi Bluetooth Google TV 4 HDMI 144Hz HDR10+ 65C6K,4624.22,4219.07,"12x R$ 385,37 sem juros",,https://www.amazon.com.br/dp/B0F7K7B2PD?smid=A1ZZFT5FULY4LN,65C6K
2026-09-27T15:15:33-03:00,casasbahia,loja,Casas Bahia,Casas Bahia,Smart TV 55” TCL 55C6K 4K QD-Mini Led 144Hz Sistema Operacional Google TV,3998.98,3599.08,"10x R$ 399,90 sem juros (cartão Casas Bahia)",,https://www.casasbahia.com.br/smart-tv-55-tcl-55c6k-4k-qd-mini-led-144hz-sistema-operacional-google-tv/p/55069456,55C6K
2026-09-27T15:15:33-03:00,casasbahia,loja,Casas Bahia,Casas Bahia,Smart TV TCL 65 Polegadas 65C6K QD-Mini LED 4K UHD Google TV 144Hz HDR10+,4687.87,4219.08,"10x R$ 468,79 sem juros (cartão Casas Bahia)",,https://www.casasbahia.com.br/smart-tv-65-tcl-65c6k-4k-qd-mini-led-144hz-com-sistema-operacional-google-tv/p/55069453,65C6K
2026-09-27T15:15:33-03:00,casasbahia,loja,Casas Bahia,LOJAS COLOMBO,"Smart TV TCL 55 AI, 4K UHD, QLED Mini LED, Android TV - 55C6K - Voltagem: Bivolt",5312.75,,"10x R$ 531,28 sem juros",,https://www.casasbahia.com.br/smart-tv-tcl-55-ai-4k-uhd-qled-mini-led-android-tv-55c6k/p/1582483296,55C6K
2026-09-27T15:15:33-03:00,casasbahia,loja,Casas Bahia,,Smart TV TCL 65C6K 65 4K Mini LED Android TV Semp Tcl,6795.5,,,,https://www.casasbahia.com.br/smart-tv-tcl-65c6k-65-4k-mini-led-android-tv-semp-tcl/p/1582860724,65C6K
2026-09-27T15:15:33-03:00,mercadolivre,loja,Mercado Livre,,Smart Tv Tcl 55 Polegadas Qd-Mini Led 4k C6k Wifi Bluetooth Google Tv 4 Hdmi 144hz Hdr10+ 55c6k,5299.0,3989.0,,,https://www.mercadolivre.com.br/p/MLB48808732?pdp_filters=item_id%3AMLB6713012362,55C6K
2026-09-27T15:15:33-03:00,mercadolivre,loja,Mercado Livre,Mercado Livre,Smart Tv Tcl 55 Polegadas Qd-Mini Led 4k C6k Wifi Bluetooth Google Tv 4 Hdmi 144hz Hdr10+ 55c6k,3491.03,,"10x R$ 359,90 sem juros",,https://www.mercadolivre.com.br/p/MLB48808732?pdp_filters=item_id%3AMLB5417889802,55C6K
2026-09-27T15:15:33-03:00,mercadolivre,loja,Mercado Livre,Mercado Livre,Smart Tv Tcl 55  4k Qd-mini Led Google Tv 127/220v 55c6k,3599.0,,"10x R$ 359,90 sem juros",,https://www.mercadolivre.com.br/smart-tv-tcl-55--4k-qdmini-led-google-tv-127220v-55c6k/up/MLBU3165217359,55C6K
2026-09-27T15:15:33-03:00,mercadolivre,loja,Mercado Livre,TCL,Smart Tv Tcl 55  Qled Mini Led 4k C6k Wifi Bluetooth 55c6k,3989.0,,"10x R$ 398,90 sem juros",,https://www.mercadolivre.com.br/smart-tv-tcl-55--qled-mini-led-4k-c6k-wifi-bluetooth-55c6k/up/MLBU3921703471,55C6K
2026-09-27T15:15:33-03:00,mercadolivre,loja,Mercado Livre,Casas Bahia,Smart Tv 55 C6k 4k Qd-mini Led 144hz Google Tv Tcl,3998.0,,"10x R$ 399,90 sem juros",,https://www.mercadolivre.com.br/smart-tv-55-c6k-4k-qdmini-led-144hz-google-tv-tcl/up/MLBU3512360279,55C6K
2026-09-27T15:15:33-03:00,mercadolivre,loja,Mercado Livre,,Smart Tv Tcl 65 Polegadas Qd-Mini Led 4k C6k Wifi Bluetooth Google Tv 4 Hdmi 144hz Hdr10+ 65c6k,6499.0,4939.0,,,https://www.mercadolivre.com.br/p/MLB50368907?pdp_filters=item_id%3AMLB6713050924,65C6K
2026-09-27T15:15:33-03:00,mercadolivre,loja,Mercado Livre,Mercado Livre,Smart Tv Tcl 65 Polegadas Qd-Mini Led 4k C6k Wifi Bluetooth Google Tv 4 Hdmi 144hz Hdr10+ 65c6k,4151.51,,"10x R$ 446,40 sem juros",,https://www.mercadolivre.com.br/p/MLB50368907?pdp_filters=item_id%3AMLB5446673958,65C6K
2026-09-27T15:15:33-03:00,mercadolivre,loja,Mercado Livre,Mercado Livre,Tcl 4k Qd-mini Led Tv 65 C6k Google Tv,4463.0,,"10x R$ 446,40 sem juros",,https://www.mercadolivre.com.br/tcl-4k-qdmini-led-tv-65-c6k-google-tv/up/MLBU3187349883,65C6K
2026-09-27T15:15:33-03:00,aliexpress,loja,AliExpress,,"Smart TV 55"" TCL 4K UHD MiniLED 55C6K 120Hz Google TV AiPQ Google Assistente 4 HDMI 2 USB R$ 3.999 R$ 4.199 4.8 5.000+ vendido(s) Top vendas",3999.0,,,,https://pt.aliexpress.com/item/1005009459962683.html,55C6K
2026-09-27T15:15:33-03:00,aliexpress,loja,AliExpress,,"Smart TV 65"" TCL 4K UHD MiniLED 65C6K 120Hz Google TV AiPQ Google Assistente 4 HDMI 2 USB R$ 4.659 R$ 4.899 4.8 2.000+ vendido(s) Top vendas",4659.0,,,,https://pt.aliexpress.com/item/1005009036343124.html,65C6K
2026-09-27T15:45:52-03:00,amazon,loja,Amazon,TCLSEMP.,Smart TV TCL 55 Polegadas QD-Mini LED 4K C6K WiFi Bluetooth Google TV 4 HDMI 144Hz HDR10+ 55C6K,,3533.05,,,https://www.amazon.com.br/dp/B0F7JZMVKF?smid=A3R1Z59ZORN2J9,55C6K
2026-09-27T15:45:52-03:00,amazon,loja,Amazon,Imagem Hitech FULL,Smart TV TCL 55 Polegadas QD-Mini LED 4K C6K WiFi Bluetooth Google TV 4 HDMI 144Hz HDR10+ 55C6K,,3571.05,,,https://www.amazon.com.br/dp/B0F7JZMVKF?smid=A3POF6EIWE8R8,55C6K
2026-09-27T15:45:52-03:00,amazon,loja,Amazon,Magalu.,Smart TV TCL 55 Polegadas QD-Mini LED 4K C6K WiFi Bluetooth Google TV 4 HDMI 144Hz HDR10+ 55C6K,3894.05,,,,https://www.amazon.com.br/dp/B0F7JZMVKF?smid=ACUNARZFR75ET,55C6K
2026-09-27T15:45:52-03:00,amazon,loja,Amazon,Lojas Colombo S/A,Smart TV TCL 55 Polegadas QD-Mini LED 4K C6K WiFi Bluetooth Google TV 4 HDMI 144Hz HDR10+ 55C6K,4208.14,,,,https://www.amazon.com.br/dp/B0F7JZMVKF?smid=A30OZFNW1RCCSM,55C6K
2026-09-27T15:45:52-03:00,amazon,loja,Amazon,Amazon.com.br,Smart TV TCL 55 Polegadas QD-Mini LED 4K C6K WiFi Bluetooth Google TV 4 HDMI 144Hz HDR10+ 55C6K,3599.0,3491.03,"12x R$ 299,99 sem juros",,https://www.amazon.com.br/dp/B0F7JZMVKF?smid=A1ZZFT5FULY4LN,55C6K
2026-09-27T15:45:52-03:00,amazon,loja,Amazon,Magalu.,Smart TV TCL 65 Polegadas QD-Mini LED 4K C6K WiFi Bluetooth Google TV 4 HDMI 144Hz HDR10+ 65C6K,4559.05,,,,https://www.amazon.com.br/dp/B0F7K7B2PD?smid=ACUNARZFR75ET,65C6K
2026-09-27T15:45:52-03:00,amazon,loja,Amazon,Lojas Colombo S/A,Smart TV TCL 65 Polegadas QD-Mini LED 4K C6K WiFi Bluetooth Google TV 4 HDMI 144Hz HDR10+ 65C6K,5382.56,,,,https://www.amazon.com.br/dp/B0F7K7B2PD?smid=A30OZFNW1RCCSM,65C6K
2026-09-27T15:45:52-03:00,amazon,loja,Amazon,Leonfer Shop,Smart TV TCL 65 Polegadas QD-Mini LED 4K C6K WiFi Bluetooth Google TV 4 HDMI 144Hz HDR10+ 65C6K,7214.9,,,,https://www.amazon.com.br/dp/B0F7K7B2PD?smid=A28W2XGABGHXAH,65C6K
2026-09-27T15:45:52-03:00,amazon,loja,Amazon,Amazon.com.br,Smart TV TCL 65 Polegadas QD-Mini LED 4K C6K WiFi Bluetooth Google TV 4 HDMI 144Hz HDR10+ 65C6K,4624.22,4219.07,"12x R$ 385,37 sem juros",,https://www.amazon.com.br/dp/B0F7K7B2PD?smid=A1ZZFT5FULY4LN,65C6K
2026-09-27T15:45:52-03:00,casasbahia,loja,Casas Bahia,Casas Bahia,Smart TV 55” TCL 55C6K 4K QD-Mini Led 144Hz Sistema Operacional Google TV,3998.98,3599.08,"10x R$ 399,90 sem juros (cartão Casas Bahia)",,https://www.casasbahia.com.br/smart-tv-55-tcl-55c6k-4k-qd-mini-led-144hz-sistema-operacional-google-tv/p/55069456,55C6K
2026-09-27T15:45:52-03:00,casasbahia,loja,Casas Bahia,Casas Bahia,Smart TV TCL 65 Polegadas 65C6K QD-Mini LED 4K UHD Google TV 144Hz HDR10+,4687.87,4219.08,"10x R$ 468,79 sem juros (cartão Casas Bahia)",,https://www.casasbahia.com.br/smart-tv-65-tcl-65c6k-4k-qd-mini-led-144hz-com-sistema-operacional-google-tv/p/55069453,65C6K
2026-09-27T15:45:52-03:00,casasbahia,loja,Casas Bahia,LOJAS COLOMBO,"Smart TV TCL 55 AI, 4K UHD, QLED Mini LED, Android TV - 55C6K - Voltagem: Bivolt",5312.75,,"10x R$ 531,28 sem juros",,https://www.casasbahia.com.br/smart-tv-tcl-55-ai-4k-uhd-qled-mini-led-android-tv-55c6k/p/1582483296,55C6K
2026-09-27T15:45:52-03:00,casasbahia,loja,Casas Bahia,,Smart TV TCL 65C6K 65 4K Mini LED Android TV Semp Tcl,6795.5,,,,https://www.casasbahia.com.br/smart-tv-tcl-65c6k-65-4k-mini-led-android-tv-semp-tcl/p/1582860724,65C6K
2026-09-27T15:45:52-03:00,mercadolivre,loja,Mercado Livre,,Smart Tv Tcl 55 Polegadas Qd-Mini Led 4k C6k Wifi Bluetooth Google Tv 4 Hdmi 144hz Hdr10+ 55c6k,5299.0,3989.0,,,https://www.mercadolivre.com.br/p/MLB48808732?pdp_filters=item_id%3AMLB6713012362,55C6K
2026-09-27T15:45:52-03:00,mercadolivre,loja,Mercado Livre,Mercado Livre,Smart Tv Tcl 55 Polegadas Qd-Mini Led 4k C6k Wifi Bluetooth Google Tv 4 Hdmi 144hz Hdr10+ 55c6k,3491.03,,"10x R$ 359,90 sem juros",,https://www.mercadolivre.com.br/p/MLB48808732?pdp_filters=item_id%3AMLB5417889802,55C6K
2026-09-27T15:45:52-03:00,mercadolivre,loja,Mercado Livre,Mercado Livre,Smart Tv Tcl 55  4k Qd-mini Led Google Tv 127/220v 55c6k,3599.0,,"10x R$ 359,90 sem juros",,https://www.mercadolivre.com.br/smart-tv-tcl-55--4k-qdmini-led-google-tv-127220v-55c6k/up/MLBU3165217359,55C6K
2026-09-27T15:45:52-03:00,mercadolivre,loja,Mercado Livre,TCL,Smart Tv Tcl 55  Qled Mini Led 4k C6k Wifi Bluetooth 55c6k,3989.0,,"10x R$ 398,90 sem juros",,https://www.mercadolivre.com.br/smart-tv-tcl-55--qled-mini-led-4k-c6k-wifi-bluetooth-55c6k/up/MLBU3921703471,55C6K
2026-09-27T15:45:52-03:00,mercadolivre,loja,Mercado Livre,,Smart Tv Tcl 65 Polegadas Qd-Mini Led 4k C6k Wifi Bluetooth Google Tv 4 Hdmi 144hz Hdr10+ 65c6k,6499.0,4939.0,,,https://www.mercadolivre.com.br/p/MLB50368907?pdp_filters=item_id%3AMLB6713050924,65C6K
2026-09-27T15:45:52-03:00,mercadolivre,loja,Mercado Livre,Mercado Livre,Smart Tv Tcl 65 Polegadas Qd-Mini Led 4k C6k Wifi Bluetooth Google Tv 4 Hdmi 144hz Hdr10+ 65c6k,4151.51,,"10x R$ 446,40 sem juros",,https://www.mercadolivre.com.br/p/MLB50368907?pdp_filters=item_id%3AMLB5446673958,65C6K
2026-09-27T15:45:52-03:00,mercadolivre,loja,Mercado Livre,Mercado Livre,Tcl 4k Qd-mini Led Tv 65 C6k Google Tv,4463.0,,"10x R$ 446,40 sem juros",,https://www.mercadolivre.com.br/tcl-4k-qdmini-led-tv-65-c6k-google-tv/up/MLBU3187349883,65C6K
2026-09-27T15:45:52-03:00,aliexpress,loja,AliExpress,,"Smart TV 55"" TCL 4K UHD MiniLED 55C6K 120Hz Google TV AiPQ Google Assistente 4 HDMI 2 USB R$ 3.999 R$ 4.199 4.8 5.000+ vendido(s) Top vendas",3999.0,,,,https://pt.aliexpress.com/item/1005009459962683.html,55C6K
2026-09-27T15:45:52-03:00,aliexpress,loja,AliExpress,,"Smart TV 65"" TCL 4K UHD MiniLED 65C6K 120Hz Google TV AiPQ Google Assistente 4 HDMI 2 USB R$ 4.659 R$ 4.899 4.8 2.000+ vendido(s) Top vendas",4659.0,,,,https://pt.aliexpress.com/item/1005009036343124.html,65C6K
2026-09-27T16:15:36-03:00,amazon,loja,Amazon,TCLSEMP.,Smart TV TCL 55 Polegadas QD-Mini LED 4K C6K WiFi Bluetooth Google TV 4 HDMI 144Hz HDR10+ 55C6K,,3533.05,,,https://www.amazon.com.br/dp/B0F7JZMVKF?smid=A3R1Z59ZORN2J9,55C6K
2026-09-27T16:15:36-03:00,amazon,loja,Amazon,Imagem Hitech FULL,Smart TV TCL 55 Polegadas QD-Mini LED 4K C6K WiFi Bluetooth Google TV 4 HDMI 144Hz HDR10+ 55C6K,,3571.05,,,https://www.amazon.com.br/dp/B0F7JZMVKF?smid=A3POF6EIWE8R8,55C6K
2026-09-27T16:15:36-03:00,amazon,loja,Amazon,Magalu.,Smart TV TCL 55 Polegadas QD-Mini LED 4K C6K WiFi Bluetooth Google TV 4 HDMI 144Hz HDR10+ 55C6K,3894.05,,,,https://www.amazon.com.br/dp/B0F7JZMVKF?smid=ACUNARZFR75ET,55C6K
2026-09-27T16:15:36-03:00,amazon,loja,Amazon,Lojas Colombo S/A,Smart TV TCL 55 Polegadas QD-Mini LED 4K C6K WiFi Bluetooth Google TV 4 HDMI 144Hz HDR10+ 55C6K,4208.14,,,,https://www.amazon.com.br/dp/B0F7JZMVKF?smid=A30OZFNW1RCCSM,55C6K
2026-09-27T16:15:36-03:00,amazon,loja,Amazon,Amazon.com.br,Smart TV TCL 55 Polegadas QD-Mini LED 4K C6K WiFi Bluetooth Google TV 4 HDMI 144Hz HDR10+ 55C6K,3599.0,3491.03,"12x R$ 299,99 sem juros",,https://www.amazon.com.br/dp/B0F7JZMVKF?smid=A1ZZFT5FULY4LN,55C6K
2026-09-27T16:15:36-03:00,amazon,loja,Amazon,Magalu.,Smart TV TCL 65 Polegadas QD-Mini LED 4K C6K WiFi Bluetooth Google TV 4 HDMI 144Hz HDR10+ 65C6K,4559.05,,,,https://www.amazon.com.br/dp/B0F7K7B2PD?smid=ACUNARZFR75ET,65C6K
2026-09-27T16:15:36-03:00,amazon,loja,Amazon,Lojas Colombo S/A,Smart TV TCL 65 Polegadas QD-Mini LED 4K C6K WiFi Bluetooth Google TV 4 HDMI 144Hz HDR10+ 65C6K,5382.56,,,,https://www.amazon.com.br/dp/B0F7K7B2PD?smid=A30OZFNW1RCCSM,65C6K
2026-09-27T16:15:36-03:00,amazon,loja,Amazon,Leonfer Shop,Smart TV TCL 65 Polegadas QD-Mini LED 4K C6K WiFi Bluetooth Google TV 4 HDMI 144Hz HDR10+ 65C6K,7214.9,,,,https://www.amazon.com.br/dp/B0F7K7B2PD?smid=A28W2XGABGHXAH,65C6K
2026-09-27T16:15:36-03:00,amazon,loja,Amazon,Amazon.com.br,Smart TV TCL 65 Polegadas QD-Mini LED 4K C6K WiFi Bluetooth Google TV 4 HDMI 144Hz HDR10+ 65C6K,4624.22,4219.07,"12x R$ 385,37 sem juros",,https://www.amazon.com.br/dp/B0F7K7B2PD?smid=A1ZZFT5FULY4LN,65C6K
2026-09-27T16:15:36-03:00,casasbahia,loja,Casas Bahia,Casas Bahia,Smart TV 55” TCL 55C6K 4K QD-Mini Led 144Hz Sistema Operacional Google TV,3998.98,3599.08,"10x R$ 399,90 sem juros (cartão Casas Bahia)",,https://www.casasbahia.com.br/smart-tv-55-tcl-55c6k-4k-qd-mini-led-144hz-sistema-operacional-google-tv/p/55069456,55C6K
2026-09-27T16:15:36-03:00,casasbahia,loja,Casas Bahia,Casas Bahia,Smart TV TCL 65 Polegadas 65C6K QD-Mini LED 4K UHD Google TV 144Hz HDR10+,4687.87,4219.08,"10x R$ 468,79 sem juros (cartão Casas Bahia)",,https://www.casasbahia.com.br/smart-tv-65-tcl-65c6k-4k-qd-mini-led-144hz-com-sistema-operacional-google-tv/p/55069453,65C6K
2026-09-27T16:15:36-03:00,casasbahia,loja,Casas Bahia,LOJAS COLOMBO,"Smart TV TCL 55 AI, 4K UHD, QLED Mini LED, Android TV - 55C6K - Voltagem: Bivolt",5312.75,,"10x R$ 531,28 sem juros",,https://www.casasbahia.com.br/smart-tv-tcl-55-ai-4k-uhd-qled-mini-led-android-tv-55c6k/p/1582483296,55C6K
2026-09-27T16:15:36-03:00,casasbahia,loja,Casas Bahia,,Smart TV TCL 65C6K 65 4K Mini LED Android TV Semp Tcl,6795.5,,,,https://www.casasbahia.com.br/smart-tv-tcl-65c6k-65-4k-mini-led-android-tv-semp-tcl/p/1582860724,65C6K
2026-09-27T16:15:36-03:00,mercadolivre,loja,Mercado Livre,,Smart Tv Tcl 55 Polegadas Qd-Mini Led 4k C6k Wifi Bluetooth Google Tv 4 Hdmi 144hz Hdr10+ 55c6k,5299.0,3989.0,,,https://www.mercadolivre.com.br/p/MLB48808732?pdp_filters=item_id%3AMLB6713012362,55C6K
2026-09-27T16:15:36-03:00,mercadolivre,loja,Mercado Livre,Mercado Livre,Smart Tv Tcl 55 Polegadas Qd-Mini Led 4k C6k Wifi Bluetooth Google Tv 4 Hdmi 144hz Hdr10+ 55c6k,3491.03,,"10x R$ 359,90 sem juros",,https://www.mercadolivre.com.br/p/MLB48808732?pdp_filters=item_id%3AMLB5417889802,55C6K
2026-09-27T16:15:36-03:00,mercadolivre,loja,Mercado Livre,TCL,Smart Tv Tcl 55  Qled Mini Led 4k C6k Wifi Bluetooth 55c6k,3989.0,,"10x R$ 398,90 sem juros",,https://www.mercadolivre.com.br/smart-tv-tcl-55--qled-mini-led-4k-c6k-wifi-bluetooth-55c6k/up/MLBU3921703471,55C6K
2026-09-27T16:15:36-03:00,mercadolivre,loja,Mercado Livre,,Smart Tv Tcl 65 Polegadas Qd-Mini Led 4k C6k Wifi Bluetooth Google Tv 4 Hdmi 144hz Hdr10+ 65c6k,6499.0,4939.0,,,https://www.mercadolivre.com.br/p/MLB50368907?pdp_filters=item_id%3AMLB6713050924,65C6K
2026-09-27T16:15:36-03:00,mercadolivre,loja,Mercado Livre,Mercado Livre,Smart Tv Tcl 65 Polegadas Qd-Mini Led 4k C6k Wifi Bluetooth Google Tv 4 Hdmi 144hz Hdr10+ 65c6k,4151.51,,"10x R$ 446,40 sem juros",,https://www.mercadolivre.com.br/p/MLB50368907?pdp_filters=item_id%3AMLB5446673958,65C6K
2026-09-27T16:15:36-03:00,mercadolivre,loja,Mercado Livre,Mercado Livre,Tcl 4k Qd-mini Led Tv 65 C6k Google Tv,4463.0,,"10x R$ 446,40 sem juros",,https://www.mercadolivre.com.br/tcl-4k-qdmini-led-tv-65-c6k-google-tv/up/MLBU3187349883,65C6K
2026-09-27T16:15:36-03:00,aliexpress,loja,AliExpress,,"Smart TV 55"" TCL 4K UHD MiniLED 55C6K 120Hz Google TV AiPQ Google Assistente 4 HDMI 2 USB R$ 3.999 R$ 4.199 4.8 5.000+ vendido(s) Top vendas",3999.0,,,,https://pt.aliexpress.com/item/1005009459962683.html,55C6K
2026-09-27T16:15:36-03:00,aliexpress,loja,AliExpress,,"Smart TV 65"" TCL 4K UHD MiniLED 65C6K 120Hz Google TV AiPQ Google Assistente 4 HDMI 2 USB R$ 4.659 R$ 4.899 4.8 2.000+ vendido(s) Top vendas",4659.0,,,,https://pt.aliexpress.com/item/1005009036343124.html,65C6K
2026-09-27T16:45:32-03:00,amazon,loja,Amazon,TCLSEMP.,Smart TV TCL 55 Polegadas QD-Mini LED 4K C6K WiFi Bluetooth Google TV 4 HDMI 144Hz HDR10+ 55C6K,,3533.05,,,https://www.amazon.com.br/dp/B0F7JZMVKF?smid=A3R1Z59ZORN2J9,55C6K
2026-09-27T16:45:32-03:00,amazon,loja,Amazon,Imagem Hitech FULL,Smart TV TCL 55 Polegadas QD-Mini LED 4K C6K WiFi Bluetooth Google TV 4 HDMI 144Hz HDR10+ 55C6K,,3571.05,,,https://www.amazon.com.br/dp/B0F7JZMVKF?smid=A3POF6EIWE8R8,55C6K
2026-09-27T16:45:32-03:00,amazon,loja,Amazon,Magalu.,Smart TV TCL 55 Polegadas QD-Mini LED 4K C6K WiFi Bluetooth Google TV 4 HDMI 144Hz HDR10+ 55C6K,3894.05,,,,https://www.amazon.com.br/dp/B0F7JZMVKF?smid=ACUNARZFR75ET,55C6K
2026-09-27T16:45:32-03:00,amazon,loja,Amazon,Lojas Colombo S/A,Smart TV TCL 55 Polegadas QD-Mini LED 4K C6K WiFi Bluetooth Google TV 4 HDMI 144Hz HDR10+ 55C6K,4208.14,,,,https://www.amazon.com.br/dp/B0F7JZMVKF?smid=A30OZFNW1RCCSM,55C6K
2026-09-27T16:45:32-03:00,amazon,loja,Amazon,Amazon.com.br,Smart TV TCL 55 Polegadas QD-Mini LED 4K C6K WiFi Bluetooth Google TV 4 HDMI 144Hz HDR10+ 55C6K,3599.0,3491.03,"12x R$ 299,99 sem juros",,https://www.amazon.com.br/dp/B0F7JZMVKF?smid=A1ZZFT5FULY4LN,55C6K
2026-09-27T16:45:32-03:00,amazon,loja,Amazon,Magalu.,Smart TV TCL 65 Polegadas QD-Mini LED 4K C6K WiFi Bluetooth Google TV 4 HDMI 144Hz HDR10+ 65C6K,4559.05,,,,https://www.amazon.com.br/dp/B0F7K7B2PD?smid=ACUNARZFR75ET,65C6K
2026-09-27T16:45:32-03:00,amazon,loja,Amazon,Lojas Colombo S/A,Smart TV TCL 65 Polegadas QD-Mini LED 4K C6K WiFi Bluetooth Google TV 4 HDMI 144Hz HDR10+ 65C6K,5382.56,,,,https://www.amazon.com.br/dp/B0F7K7B2PD?smid=A30OZFNW1RCCSM,65C6K
2026-09-27T16:45:32-03:00,amazon,loja,Amazon,Leonfer Shop,Smart TV TCL 65 Polegadas QD-Mini LED 4K C6K WiFi Bluetooth Google TV 4 HDMI 144Hz HDR10+ 65C6K,7214.9,,,,https://www.amazon.com.br/dp/B0F7K7B2PD?smid=A28W2XGABGHXAH,65C6K
2026-09-27T16:45:32-03:00,amazon,loja,Amazon,Amazon.com.br,Smart TV TCL 65 Polegadas QD-Mini LED 4K C6K WiFi Bluetooth Google TV 4 HDMI 144Hz HDR10+ 65C6K,4624.22,4219.07,"12x R$ 385,37 sem juros",,https://www.amazon.com.br/dp/B0F7K7B2PD?smid=A1ZZFT5FULY4LN,65C6K
2026-09-27T16:45:32-03:00,casasbahia,loja,Casas Bahia,Casas Bahia,Smart TV 55” TCL 55C6K 4K QD-Mini Led 144Hz Sistema Operacional Google TV,3998.98,3599.08,"10x R$ 399,90 sem juros (cartão Casas Bahia)",,https://www.casasbahia.com.br/smart-tv-55-tcl-55c6k-4k-qd-mini-led-144hz-sistema-operacional-google-tv/p/55069456,55C6K
2026-09-27T16:45:32-03:00,casasbahia,loja,Casas Bahia,Casas Bahia,Smart TV TCL 65 Polegadas 65C6K QD-Mini LED 4K UHD Google TV 144Hz HDR10+,4687.87,4219.08,"10x R$ 468,79 sem juros (cartão Casas Bahia)",,https://www.casasbahia.com.br/smart-tv-65-tcl-65c6k-4k-qd-mini-led-144hz-com-sistema-operacional-google-tv/p/55069453,65C6K
2026-09-27T16:45:32-03:00,casasbahia,loja,Casas Bahia,LOJAS COLOMBO,"Smart TV TCL 55 AI, 4K UHD, QLED Mini LED, Android TV - 55C6K - Voltagem: Bivolt",5312.75,,"10x R$ 531,28 sem juros",,https://www.casasbahia.com.br/smart-tv-tcl-55-ai-4k-uhd-qled-mini-led-android-tv-55c6k/p/1582483296,55C6K
2026-09-27T16:45:32-03:00,casasbahia,loja,Casas Bahia,,Smart TV TCL 65C6K 65 4K Mini LED Android TV Semp Tcl,6795.5,,,,https://www.casasbahia.com.br/smart-tv-tcl-65c6k-65-4k-mini-led-android-tv-semp-tcl/p/1582860724,65C6K
2026-09-27T16:45:32-03:00,mercadolivre,loja,Mercado Livre,,Smart Tv Tcl 55 Polegadas Qd-Mini Led 4k C6k Wifi Bluetooth Google Tv 4 Hdmi 144hz Hdr10+ 55c6k,5299.0,3989.0,,,https://www.mercadolivre.com.br/p/MLB48808732?pdp_filters=item_id%3AMLB6713012362,55C6K
2026-09-27T16:45:32-03:00,mercadolivre,loja,Mercado Livre,Mercado Livre,Smart Tv Tcl 55 Polegadas Qd-Mini Led 4k C6k Wifi Bluetooth Google Tv 4 Hdmi 144hz Hdr10+ 55c6k,3491.03,,"10x R$ 359,90 sem juros",,https://www.mercadolivre.com.br/p/MLB48808732?pdp_filters=item_id%3AMLB5417889802,55C6K
2026-09-27T16:45:32-03:00,mercadolivre,loja,Mercado Livre,Mercado Livre,Smart Tv Tcl 55  4k Qd-mini Led Google Tv 127/220v 55c6k,3599.0,,"10x R$ 359,90 sem juros",,https://www.mercadolivre.com.br/smart-tv-tcl-55--4k-qdmini-led-google-tv-127220v-55c6k/up/MLBU3165217359,55C6K
2026-09-27T16:45:32-03:00,mercadolivre,loja,Mercado Livre,TCL,Smart Tv Tcl 55  Qled Mini Led 4k C6k Wifi Bluetooth 55c6k,3989.0,,"10x R$ 398,90 sem juros",,https://www.mercadolivre.com.br/smart-tv-tcl-55--qled-mini-led-4k-c6k-wifi-bluetooth-55c6k/up/MLBU3921703471,55C6K
2026-09-27T16:45:32-03:00,mercadolivre,loja,Mercado Livre,,Smart Tv Tcl 65 Polegadas Qd-Mini Led 4k C6k Wifi Bluetooth Google Tv 4 Hdmi 144hz Hdr10+ 65c6k,6499.0,4939.0,,,https://www.mercadolivre.com.br/p/MLB50368907?pdp_filters=item_id%3AMLB6713050924,65C6K
2026-09-27T16:45:32-03:00,mercadolivre,loja,Mercado Livre,Mercado Livre,Smart Tv Tcl 65 Polegadas Qd-Mini Led 4k C6k Wifi Bluetooth Google Tv 4 Hdmi 144hz Hdr10+ 65c6k,4151.51,,"10x R$ 446,40 sem juros",,https://www.mercadolivre.com.br/p/MLB50368907?pdp_filters=item_id%3AMLB5446673958,65C6K
2026-09-27T16:45:32-03:00,mercadolivre,loja,Mercado Livre,Mercado Livre,Tcl 4k Qd-mini Led Tv 65 C6k Google Tv,4463.0,,"10x R$ 446,40 sem juros",,https://www.mercadolivre.com.br/tcl-4k-qdmini-led-tv-65-c6k-google-tv/up/MLBU3187349883,65C6K
2026-09-27T16:45:32-03:00,aliexpress,loja,AliExpress,,"Smart TV 55"" TCL 4K UHD MiniLED 55C6K 120Hz Google TV AiPQ Google Assistente 4 HDMI 2 USB R$ 3.999 R$ 4.199 4.8 5.000+ vendido(s) Top vendas",3999.0,,,,https://pt.aliexpress.com/item/1005009459962683.html,55C6K
2026-09-27T16:45:32-03:00,aliexpress,loja,AliExpress,,"Smart TV 65"" TCL 4K UHD MiniLED 65C6K 120Hz Google TV AiPQ Google Assistente 4 HDMI 2 USB R$ 4.659 R$ 4.899 4.8 2.000+ vendido(s) Top vendas",4659.0,,,,https://pt.aliexpress.com/item/1005009036343124.html,65C6K
2026-09-27T17:15:39-03:00,amazon,loja,Amazon,TCLSEMP.,Smart TV TCL 55 Polegadas QD-Mini LED 4K C6K WiFi Bluetooth Google TV 4 HDMI 144Hz HDR10+ 55C6K,,3533.05,,,https://www.amazon.com.br/dp/B0F7JZMVKF?smid=A3R1Z59ZORN2J9,55C6K
2026-09-27T17:15:39-03:00,amazon,loja,Amazon,Imagem Hitech FULL,Smart TV TCL 55 Polegadas QD-Mini LED 4K C6K WiFi Bluetooth Google TV 4 HDMI 144Hz HDR10+ 55C6K,,3571.05,,,https://www.amazon.com.br/dp/B0F7JZMVKF?smid=A3POF6EIWE8R8,55C6K
2026-09-27T17:15:39-03:00,amazon,loja,Amazon,Magalu.,Smart TV TCL 55 Polegadas QD-Mini LED 4K C6K WiFi Bluetooth Google TV 4 HDMI 144Hz HDR10+ 55C6K,3894.05,,,,https://www.amazon.com.br/dp/B0F7JZMVKF?smid=ACUNARZFR75ET,55C6K
2026-09-27T17:15:39-03:00,amazon,loja,Amazon,Lojas Colombo S/A,Smart TV TCL 55 Polegadas QD-Mini LED 4K C6K WiFi Bluetooth Google TV 4 HDMI 144Hz HDR10+ 55C6K,4208.14,,,,https://www.amazon.com.br/dp/B0F7JZMVKF?smid=A30OZFNW1RCCSM,55C6K
2026-09-27T17:15:39-03:00,amazon,loja,Amazon,Amazon.com.br,Smart TV TCL 55 Polegadas QD-Mini LED 4K C6K WiFi Bluetooth Google TV 4 HDMI 144Hz HDR10+ 55C6K,3599.0,3491.03,"12x R$ 299,99 sem juros",,https://www.amazon.com.br/dp/B0F7JZMVKF?smid=A1ZZFT5FULY4LN,55C6K
2026-09-27T17:15:39-03:00,amazon,loja,Amazon,Magalu.,Smart TV TCL 65 Polegadas QD-Mini LED 4K C6K WiFi Bluetooth Google TV 4 HDMI 144Hz HDR10+ 65C6K,4559.05,,,,https://www.amazon.com.br/dp/B0F7K7B2PD?smid=ACUNARZFR75ET,65C6K
2026-09-27T17:15:39-03:00,amazon,loja,Amazon,Lojas Colombo S/A,Smart TV TCL 65 Polegadas QD-Mini LED 4K C6K WiFi Bluetooth Google TV 4 HDMI 144Hz HDR10+ 65C6K,5382.56,,,,https://www.amazon.com.br/dp/B0F7K7B2PD?smid=A30OZFNW1RCCSM,65C6K
2026-09-27T17:15:39-03:00,amazon,loja,Amazon,Leonfer Shop,Smart TV TCL 65 Polegadas QD-Mini LED 4K C6K WiFi Bluetooth Google TV 4 HDMI 144Hz HDR10+ 65C6K,7214.9,,,,https://www.amazon.com.br/dp/B0F7K7B2PD?smid=A28W2XGABGHXAH,65C6K
2026-09-27T17:15:39-03:00,amazon,loja,Amazon,Amazon.com.br,Smart TV TCL 65 Polegadas QD-Mini LED 4K C6K WiFi Bluetooth Google TV 4 HDMI 144Hz HDR10+ 65C6K,4624.22,4219.07,"12x R$ 385,37 sem juros",,https://www.amazon.com.br/dp/B0F7K7B2PD?smid=A1ZZFT5FULY4LN,65C6K
2026-09-27T17:15:39-03:00,casasbahia,loja,Casas Bahia,Casas Bahia,Smart TV 55” TCL 55C6K 4K QD-Mini Led 144Hz Sistema Operacional Google TV,3998.98,3599.08,"10x R$ 399,90 sem juros (cartão Casas Bahia)",,https://www.casasbahia.com.br/smart-tv-55-tcl-55c6k-4k-qd-mini-led-144hz-sistema-operacional-google-tv/p/55069456,55C6K
2026-09-27T17:15:39-03:00,casasbahia,loja,Casas Bahia,Casas Bahia,Smart TV TCL 65 Polegadas 65C6K QD-Mini LED 4K UHD Google TV 144Hz HDR10+,4687.87,4219.08,"10x R$ 468,79 sem juros (cartão Casas Bahia)",,https://www.casasbahia.com.br/smart-tv-65-tcl-65c6k-4k-qd-mini-led-144hz-com-sistema-operacional-google-tv/p/55069453,65C6K
2026-09-27T17:15:39-03:00,casasbahia,loja,Casas Bahia,LOJAS COLOMBO,"Smart TV TCL 55 AI, 4K UHD, QLED Mini LED, Android TV - 55C6K - Voltagem: Bivolt",5312.75,,"10x R$ 531,28 sem juros",,https://www.casasbahia.com.br/smart-tv-tcl-55-ai-4k-uhd-qled-mini-led-android-tv-55c6k/p/1582483296,55C6K
2026-09-27T17:15:39-03:00,casasbahia,loja,Casas Bahia,,Smart TV TCL 65C6K 65 4K Mini LED Android TV Semp Tcl,6795.5,,,,https://www.casasbahia.com.br/smart-tv-tcl-65c6k-65-4k-mini-led-android-tv-semp-tcl/p/1582860724,65C6K
2026-09-27T17:15:39-03:00,mercadolivre,loja,Mercado Livre,,Smart Tv Tcl 55 Polegadas Qd-Mini Led 4k C6k Wifi Bluetooth Google Tv 4 Hdmi 144hz Hdr10+ 55c6k,5299.0,3989.0,,,https://www.mercadolivre.com.br/p/MLB48808732?pdp_filters=item_id%3AMLB6713012362,55C6K
2026-09-27T17:15:39-03:00,mercadolivre,loja,Mercado Livre,Mercado Livre,Smart Tv Tcl 55 Polegadas Qd-Mini Led 4k C6k Wifi Bluetooth Google Tv 4 Hdmi 144hz Hdr10+ 55c6k,3491.03,,"10x R$ 359,90 sem juros",,https://www.mercadolivre.com.br/p/MLB48808732?pdp_filters=item_id%3AMLB5417889802,55C6K
2026-09-27T17:15:39-03:00,mercadolivre,loja,Mercado Livre,TCL,Smart Tv Tcl 55  Qled Mini Led 4k C6k Wifi Bluetooth 55c6k,3989.0,,"10x R$ 398,90 sem juros",,https://www.mercadolivre.com.br/smart-tv-tcl-55--qled-mini-led-4k-c6k-wifi-bluetooth-55c6k/up/MLBU3921703471,55C6K
2026-09-27T17:15:39-03:00,mercadolivre,loja,Mercado Livre,,Smart Tv Tcl 65 Polegadas Qd-Mini Led 4k C6k Wifi Bluetooth Google Tv 4 Hdmi 144hz Hdr10+ 65c6k,6499.0,4939.0,,,https://www.mercadolivre.com.br/p/MLB50368907?pdp_filters=item_id%3AMLB6713050924,65C6K
2026-09-27T17:15:39-03:00,mercadolivre,loja,Mercado Livre,Mercado Livre,Smart Tv Tcl 65 Polegadas Qd-Mini Led 4k C6k Wifi Bluetooth Google Tv 4 Hdmi 144hz Hdr10+ 65c6k,4151.51,,"10x R$ 446,40 sem juros",,https://www.mercadolivre.com.br/p/MLB50368907?pdp_filters=item_id%3AMLB5446673958,65C6K
2026-09-27T17:15:39-03:00,mercadolivre,loja,Mercado Livre,Mercado Livre,Tcl 4k Qd-mini Led Tv 65 C6k Google Tv,4463.0,,"10x R$ 446,40 sem juros",,https://www.mercadolivre.com.br/tcl-4k-qdmini-led-tv-65-c6k-google-tv/up/MLBU3187349883,65C6K
2026-09-27T17:15:39-03:00,aliexpress,loja,AliExpress,,"Smart TV 55"" TCL 4K UHD MiniLED 55C6K 120Hz Google TV AiPQ Google Assistente 4 HDMI 2 USB R$ 3.999 R$ 4.199 4.8 5.000+ vendido(s) Top vendas",3999.0,,,,https://pt.aliexpress.com/item/1005009459962683.html,55C6K
2026-09-27T17:15:39-03:00,aliexpress,loja,AliExpress,,"Smart TV 65"" TCL 4K UHD MiniLED 65C6K 120Hz Google TV AiPQ Google Assistente 4 HDMI 2 USB R$ 4.659 R$ 4.899 4.8 2.000+ vendido(s) Top vendas",4659.0,,,,https://pt.aliexpress.com/item/1005009036343124.html,65C6K
2026-09-27T17:46:30-03:00,amazon,loja,Amazon,Amazon.com.br Política de devolução,Smart TV TCL 55 Polegadas QD-Mini LED 4K C6K WiFi Bluetooth Google TV 4 HDMI 144Hz HDR10+ 55C6K,,3491.03,,,https://www.amazon.com.br/dp/B0F7JZMVKF?smid=A1ZZFT5FULY4LN,55C6K
2026-09-27T17:46:30-03:00,amazon,loja,Amazon,TCLSEMP.,Smart TV TCL 55 Polegadas QD-Mini LED 4K C6K WiFi Bluetooth Google TV 4 HDMI 144Hz HDR10+ 55C6K,,3533.05,,,https://www.amazon.com.br/dp/B0F7JZMVKF?smid=A3R1Z59ZORN2J9,55C6K
2026-09-27T17:46:30-03:00,amazon,loja,Amazon,Magalu.,Smart TV TCL 55 Polegadas QD-Mini LED 4K C6K WiFi Bluetooth Google TV 4 HDMI 144Hz HDR10+ 55C6K,3894.05,,,,https://www.amazon.com.br/dp/B0F7JZMVKF?smid=ACUNARZFR75ET,55C6K
2026-09-27T17:46:30-03:00,amazon,loja,Amazon,Lojas Colombo S/A,Smart TV TCL 55 Polegadas QD-Mini LED 4K C6K WiFi Bluetooth Google TV 4 HDMI 144Hz HDR10+ 55C6K,4208.14,,,,https://www.amazon.com.br/dp/B0F7JZMVKF?smid=A30OZFNW1RCCSM,55C6K
2026-09-27T17:46:30-03:00,amazon,loja,Amazon,Imagem Hitech FULL,Smart TV TCL 55 Polegadas QD-Mini LED 4K C6K WiFi Bluetooth Google TV 4 HDMI 144Hz HDR10+ 55C6K,3599.0,3419.05,"12x R$ 299,99 sem juros",,https://www.amazon.com.br/dp/B0F7JZMVKF?smid=A3POF6EIWE8R8,55C6K
2026-09-27T17:46:30-03:00,amazon,loja,Amazon,Magalu.,Smart TV TCL 65 Polegadas QD-Mini LED 4K C6K WiFi Bluetooth Google TV 4 HDMI 144Hz HDR10+ 65C6K,4559.05,,,,https://www.amazon.com.br/dp/B0F7K7B2PD?smid=ACUNARZFR75ET,65C6K
2026-09-27T17:46:30-03:00,amazon,loja,Amazon,Lojas Colombo S/A,Smart TV TCL 65 Polegadas QD-Mini LED 4K C6K WiFi Bluetooth Google TV 4 HDMI 144Hz HDR10+ 65C6K,5382.56,,,,https://www.amazon.com.br/dp/B0F7K7B2PD?smid=A30OZFNW1RCCSM,65C6K
2026-09-27T17:46:30-03:00,amazon,loja,Amazon,Leonfer Shop,Smart TV TCL 65 Polegadas QD-Mini LED 4K C6K WiFi Bluetooth Google TV 4 HDMI 144Hz HDR10+ 65C6K,7214.9,,,,https://www.amazon.com.br/dp/B0F7K7B2PD?smid=A28W2XGABGHXAH,65C6K
2026-09-27T17:46:30-03:00,amazon,loja,Amazon,Amazon.com.br,Smart TV TCL 65 Polegadas QD-Mini LED 4K C6K WiFi Bluetooth Google TV 4 HDMI 144Hz HDR10+ 65C6K,4624.22,4219.07,"12x R$ 385,37 sem juros",,https://www.amazon.com.br/dp/B0F7K7B2PD?smid=A1ZZFT5FULY4LN,65C6K
2026-09-27T17:46:30-03:00,casasbahia,loja,Casas Bahia,Casas Bahia,Smart TV 55” TCL 55C6K 4K QD-Mini Led 144Hz Sistema Operacional Google TV,3998.98,3599.08,"10x R$ 399,90 sem juros (cartão Casas Bahia)",,https://www.casasbahia.com.br/smart-tv-55-tcl-55c6k-4k-qd-mini-led-144hz-sistema-operacional-google-tv/p/55069456,55C6K
2026-09-27T17:46:30-03:00,casasbahia,loja,Casas Bahia,Casas Bahia,Smart TV TCL 65 Polegadas 65C6K QD-Mini LED 4K UHD Google TV 144Hz HDR10+,4687.87,4219.08,"10x R$ 468,79 sem juros (cartão Casas Bahia)",,https://www.casasbahia.com.br/smart-tv-65-tcl-65c6k-4k-qd-mini-led-144hz-com-sistema-operacional-google-tv/p/55069453,65C6K
2026-09-27T17:46:30-03:00,casasbahia,loja,Casas Bahia,LOJAS COLOMBO,"Smart TV TCL 55 AI, 4K UHD, QLED Mini LED, Android TV - 55C6K - Voltagem: Bivolt",5312.75,,"10x R$ 531,28 sem juros",,https://www.casasbahia.com.br/smart-tv-tcl-55-ai-4k-uhd-qled-mini-led-android-tv-55c6k/p/1582483296,55C6K
2026-09-27T17:46:30-03:00,casasbahia,loja,Casas Bahia,,Smart TV TCL 65C6K 65 4K Mini LED Android TV Semp Tcl,6795.5,,,,https://www.casasbahia.com.br/smart-tv-tcl-65c6k-65-4k-mini-led-android-tv-semp-tcl/p/1582860724,65C6K
2026-09-27T17:46:30-03:00,mercadolivre,loja,Mercado Livre,,Smart Tv Tcl 55 Polegadas Qd-Mini Led 4k C6k Wifi Bluetooth Google Tv 4 Hdmi 144hz Hdr10+ 55c6k,5299.0,3989.0,,,https://www.mercadolivre.com.br/p/MLB48808732?pdp_filters=item_id%3AMLB6713012362,55C6K
2026-09-27T17:46:30-03:00,mercadolivre,loja,Mercado Livre,Mercado Livre,Smart Tv Tcl 55 Polegadas Qd-Mini Led 4k C6k Wifi Bluetooth Google Tv 4 Hdmi 144hz Hdr10+ 55c6k,3491.03,,"10x R$ 359,90 sem juros",,https://www.mercadolivre.com.br/p/MLB48808732?pdp_filters=item_id%3AMLB5417889802,55C6K
2026-09-27T17:46:30-03:00,mercadolivre,loja,Mercado Livre,Mercado Livre,Smart Tv Tcl 55  4k Qd-mini Led Google Tv 127/220v 55c6k,3599.0,,"10x R$ 359,90 sem juros",,https://www.mercadolivre.com.br/smart-tv-tcl-55--4k-qdmini-led-google-tv-127220v-55c6k/up/MLBU3165217359,55C6K
2026-09-27T17:46:30-03:00,mercadolivre,loja,Mercado Livre,TCL,Smart Tv Tcl 55  Qled Mini Led 4k C6k Wifi Bluetooth 55c6k,3989.0,,"10x R$ 398,90 sem juros",,https://www.mercadolivre.com.br/smart-tv-tcl-55--qled-mini-led-4k-c6k-wifi-bluetooth-55c6k/up/MLBU3921703471,55C6K
2026-09-27T17:46:30-03:00,mercadolivre,loja,Mercado Livre,,Smart Tv Tcl 65 Polegadas Qd-Mini Led 4k C6k Wifi Bluetooth Google Tv 4 Hdmi 144hz Hdr10+ 65c6k,6499.0,4939.0,,,https://www.mercadolivre.com.br/p/MLB50368907?pdp_filters=item_id%3AMLB6713050924,65C6K
2026-09-27T17:46:30-03:00,mercadolivre,loja,Mercado Livre,Mercado Livre,Smart Tv Tcl 65 Polegadas Qd-Mini Led 4k C6k Wifi Bluetooth Google Tv 4 Hdmi 144hz Hdr10+ 65c6k,4151.51,,"10x R$ 446,40 sem juros",,https://www.mercadolivre.com.br/p/MLB50368907?pdp_filters=item_id%3AMLB5446673958,65C6K
2026-09-27T17:46:30-03:00,mercadolivre,loja,Mercado Livre,Mercado Livre,Tcl 4k Qd-mini Led Tv 65 C6k Google Tv,4463.0,,"10x R$ 446,40 sem juros",,https://www.mercadolivre.com.br/tcl-4k-qdmini-led-tv-65-c6k-google-tv/up/MLBU3187349883,65C6K
2026-09-27T17:46:30-03:00,aliexpress,loja,AliExpress,,"Smart TV 55"" TCL 4K UHD MiniLED 55C6K 120Hz Google TV AiPQ Google Assistente 4 HDMI 2 USB R$ 3.999 R$ 4.199 4.8 5.000+ vendido(s) Top vendas",3999.0,,,,https://pt.aliexpress.com/item/1005009459962683.html,55C6K
2026-09-27T17:46:30-03:00,aliexpress,loja,AliExpress,,"Smart TV 65"" TCL 4K UHD MiniLED 65C6K 120Hz Google TV AiPQ Google Assistente 4 HDMI 2 USB R$ 4.659 R$ 4.899 4.8 2.000+ vendido(s) Top vendas",4659.0,,,,https://pt.aliexpress.com/item/1005009036343124.html,65C6K
2026-09-27T18:55:54-03:00,amazon,loja,Amazon,Amazon.com.br Política de devolução,Smart TV TCL 55 Polegadas QD-Mini LED 4K C6K WiFi Bluetooth Google TV 4 HDMI 144Hz HDR10+ 55C6K,,3491.03,,,https://www.amazon.com.br/dp/B0F7JZMVKF?smid=A1ZZFT5FULY4LN,55C6K
2026-09-27T18:55:54-03:00,amazon,loja,Amazon,TCLSEMP.,Smart TV TCL 55 Polegadas QD-Mini LED 4K C6K WiFi Bluetooth Google TV 4 HDMI 144Hz HDR10+ 55C6K,,3533.05,,,https://www.amazon.com.br/dp/B0F7JZMVKF?smid=A3R1Z59ZORN2J9,55C6K
2026-09-27T18:55:54-03:00,amazon,loja,Amazon,Magalu.,Smart TV TCL 55 Polegadas QD-Mini LED 4K C6K WiFi Bluetooth Google TV 4 HDMI 144Hz HDR10+ 55C6K,3894.05,,,,https://www.amazon.com.br/dp/B0F7JZMVKF?smid=ACUNARZFR75ET,55C6K
2026-09-27T18:55:54-03:00,amazon,loja,Amazon,Lojas Colombo S/A,Smart TV TCL 55 Polegadas QD-Mini LED 4K C6K WiFi Bluetooth Google TV 4 HDMI 144Hz HDR10+ 55C6K,4208.14,,,,https://www.amazon.com.br/dp/B0F7JZMVKF?smid=A30OZFNW1RCCSM,55C6K
2026-09-27T18:55:54-03:00,amazon,loja,Amazon,Imagem Hitech FULL,Smart TV TCL 55 Polegadas QD-Mini LED 4K C6K WiFi Bluetooth Google TV 4 HDMI 144Hz HDR10+ 55C6K,3599.0,3419.05,"12x R$ 299,99 sem juros",,https://www.amazon.com.br/dp/B0F7JZMVKF?smid=A3POF6EIWE8R8,55C6K
2026-09-27T18:55:54-03:00,amazon,loja,Amazon,Magalu.,Smart TV TCL 65 Polegadas QD-Mini LED 4K C6K WiFi Bluetooth Google TV 4 HDMI 144Hz HDR10+ 65C6K,4559.05,,,,https://www.amazon.com.br/dp/B0F7K7B2PD?smid=ACUNARZFR75ET,65C6K
2026-09-27T18:55:54-03:00,amazon,loja,Amazon,Lojas Colombo S/A,Smart TV TCL 65 Polegadas QD-Mini LED 4K C6K WiFi Bluetooth Google TV 4 HDMI 144Hz HDR10+ 65C6K,5382.56,,,,https://www.amazon.com.br/dp/B0F7K7B2PD?smid=A30OZFNW1RCCSM,65C6K
2026-09-27T18:55:54-03:00,amazon,loja,Amazon,Leonfer Shop,Smart TV TCL 65 Polegadas QD-Mini LED 4K C6K WiFi Bluetooth Google TV 4 HDMI 144Hz HDR10+ 65C6K,7214.9,,,,https://www.amazon.com.br/dp/B0F7K7B2PD?smid=A28W2XGABGHXAH,65C6K
2026-09-27T18:55:54-03:00,amazon,loja,Amazon,Amazon.com.br,Smart TV TCL 65 Polegadas QD-Mini LED 4K C6K WiFi Bluetooth Google TV 4 HDMI 144Hz HDR10+ 65C6K,4624.22,4219.07,"12x R$ 385,37 sem juros",,https://www.amazon.com.br/dp/B0F7K7B2PD?smid=A1ZZFT5FULY4LN,65C6K
2026-09-27T18:55:54-03:00,casasbahia,loja,Casas Bahia,Casas Bahia,Smart TV 55” TCL 55C6K 4K QD-Mini Led 144Hz Sistema Operacional Google TV,3998.98,3599.08,"10x R$ 399,90 sem juros (cartão Casas Bahia)",,https://www.casasbahia.com.br/smart-tv-55-tcl-55c6k-4k-qd-mini-led-144hz-sistema-operacional-google-tv/p/55069456,55C6K
2026-09-27T18:55:54-03:00,casasbahia,loja,Casas Bahia,Casas Bahia,Smart TV TCL 65 Polegadas 65C6K QD-Mini LED 4K UHD Google TV 144Hz HDR10+,4687.87,4219.08,"10x R$ 468,79 sem juros (cartão Casas Bahia)",,https://www.casasbahia.com.br/smart-tv-65-tcl-65c6k-4k-qd-mini-led-144hz-com-sistema-operacional-google-tv/p/55069453,65C6K
2026-09-27T18:55:54-03:00,casasbahia,loja,Casas Bahia,LOJAS COLOMBO,"Smart TV TCL 55 AI, 4K UHD, QLED Mini LED, Android TV - 55C6K - Voltagem: Bivolt",5312.75,,"10x R$ 531,28 sem juros",,https://www.casasbahia.com.br/smart-tv-tcl-55-ai-4k-uhd-qled-mini-led-android-tv-55c6k/p/1582483296,55C6K
2026-09-27T18:55:54-03:00,casasbahia,loja,Casas Bahia,,Smart TV TCL 65C6K 65 4K Mini LED Android TV Semp Tcl,6795.5,,,,https://www.casasbahia.com.br/smart-tv-tcl-65c6k-65-4k-mini-led-android-tv-semp-tcl/p/1582860724,65C6K
2026-09-27T18:55:54-03:00,mercadolivre,loja,Mercado Livre,,Smart Tv Tcl 55 Polegadas Qd-Mini Led 4k C6k Wifi Bluetooth Google Tv 4 Hdmi 144hz Hdr10+ 55c6k,5299.0,3989.0,,,https://www.mercadolivre.com.br/p/MLB48808732?pdp_filters=item_id%3AMLB6713012362,55C6K
2026-09-27T18:55:54-03:00,mercadolivre,loja,Mercado Livre,Mercado Livre,Smart Tv Tcl 55 Polegadas Qd-Mini Led 4k C6k Wifi Bluetooth Google Tv 4 Hdmi 144hz Hdr10+ 55c6k,3491.03,,"10x R$ 359,90 sem juros",,https://www.mercadolivre.com.br/p/MLB48808732?pdp_filters=item_id%3AMLB5417889802,55C6K
2026-09-27T18:55:54-03:00,mercadolivre,loja,Mercado Livre,Mercado Livre,Smart Tv Tcl 55  4k Qd-mini Led Google Tv 127/220v 55c6k,3599.0,,"10x R$ 359,90 sem juros",,https://www.mercadolivre.com.br/smart-tv-tcl-55--4k-qdmini-led-google-tv-127220v-55c6k/up/MLBU3165217359,55C6K
2026-09-27T18:55:54-03:00,mercadolivre,loja,Mercado Livre,TCL,Smart Tv Tcl 55  Qled Mini Led 4k C6k Wifi Bluetooth 55c6k,3989.0,,"10x R$ 398,90 sem juros",,https://www.mercadolivre.com.br/smart-tv-tcl-55--qled-mini-led-4k-c6k-wifi-bluetooth-55c6k/up/MLBU3921703471,55C6K
2026-09-27T18:55:54-03:00,mercadolivre,loja,Mercado Livre,,Smart Tv Tcl 65 Polegadas Qd-Mini Led 4k C6k Wifi Bluetooth Google Tv 4 Hdmi 144hz Hdr10+ 65c6k,6499.0,4939.0,,,https://www.mercadolivre.com.br/p/MLB50368907?pdp_filters=item_id%3AMLB6713050924,65C6K
2026-09-27T18:55:54-03:00,mercadolivre,loja,Mercado Livre,Mercado Livre,Smart Tv Tcl 65 Polegadas Qd-Mini Led 4k C6k Wifi Bluetooth Google Tv 4 Hdmi 144hz Hdr10+ 65c6k,4151.51,,"10x R$ 446,40 sem juros",,https://www.mercadolivre.com.br/p/MLB50368907?pdp_filters=item_id%3AMLB5446673958,65C6K
2026-09-27T18:55:54-03:00,mercadolivre,loja,Mercado Livre,Mercado Livre,Tcl 4k Qd-mini Led Tv 65 C6k Google Tv,4463.0,,"10x R$ 446,40 sem juros",,https://www.mercadolivre.com.br/tcl-4k-qdmini-led-tv-65-c6k-google-tv/up/MLBU3187349883,65C6K
2026-09-27T18:55:54-03:00,aliexpress,loja,AliExpress,,"Smart TV 55"" TCL 4K UHD MiniLED 55C6K 120Hz Google TV AiPQ Google Assistente 4 HDMI 2 USB R$ 3.999 R$ 4.199 4.8 5.000+ vendido(s) Top vendas",3999.0,,,,https://pt.aliexpress.com/item/1005009459962683.html,55C6K
2026-09-27T18:55:54-03:00,aliexpress,loja,AliExpress,,"Smart TV 65"" TCL 4K UHD MiniLED 65C6K 120Hz Google TV AiPQ Google Assistente 4 HDMI 2 USB R$ 4.659 R$ 4.899 4.8 2.000+ vendido(s) Top vendas",4659.0,,,,https://pt.aliexpress.com/item/1005009036343124.html,65C6K
2026-09-27T19:45:36-03:00,amazon,loja,Amazon,Amazon.com.br Política de devolução,Smart TV TCL 55 Polegadas QD-Mini LED 4K C6K WiFi Bluetooth Google TV 4 HDMI 144Hz HDR10+ 55C6K,,3491.03,,,https://www.amazon.com.br/dp/B0F7JZMVKF?smid=A1ZZFT5FULY4LN,55C6K
2026-09-27T19:45:36-03:00,amazon,loja,Amazon,TCLSEMP.,Smart TV TCL 55 Polegadas QD-Mini LED 4K C6K WiFi Bluetooth Google TV 4 HDMI 144Hz HDR10+ 55C6K,,3533.05,,,https://www.amazon.com.br/dp/B0F7JZMVKF?smid=A3R1Z59ZORN2J9,55C6K
2026-09-27T19:45:36-03:00,amazon,loja,Amazon,Magalu.,Smart TV TCL 55 Polegadas QD-Mini LED 4K C6K WiFi Bluetooth Google TV 4 HDMI 144Hz HDR10+ 55C6K,3894.05,,,,https://www.amazon.com.br/dp/B0F7JZMVKF?smid=ACUNARZFR75ET,55C6K
2026-09-27T19:45:36-03:00,amazon,loja,Amazon,Lojas Colombo S/A,Smart TV TCL 55 Polegadas QD-Mini LED 4K C6K WiFi Bluetooth Google TV 4 HDMI 144Hz HDR10+ 55C6K,4208.14,,,,https://www.amazon.com.br/dp/B0F7JZMVKF?smid=A30OZFNW1RCCSM,55C6K
2026-09-27T19:45:36-03:00,amazon,loja,Amazon,Imagem Hitech FULL,Smart TV TCL 55 Polegadas QD-Mini LED 4K C6K WiFi Bluetooth Google TV 4 HDMI 144Hz HDR10+ 55C6K,3599.0,3419.05,"12x R$ 299,99 sem juros",,https://www.amazon.com.br/dp/B0F7JZMVKF?smid=A3POF6EIWE8R8,55C6K
2026-09-27T19:45:36-03:00,amazon,loja,Amazon,Magalu.,Smart TV TCL 65 Polegadas QD-Mini LED 4K C6K WiFi Bluetooth Google TV 4 HDMI 144Hz HDR10+ 65C6K,4559.05,,,,https://www.amazon.com.br/dp/B0F7K7B2PD?smid=ACUNARZFR75ET,65C6K
2026-09-27T19:45:36-03:00,amazon,loja,Amazon,Lojas Colombo S/A,Smart TV TCL 65 Polegadas QD-Mini LED 4K C6K WiFi Bluetooth Google TV 4 HDMI 144Hz HDR10+ 65C6K,5382.56,,,,https://www.amazon.com.br/dp/B0F7K7B2PD?smid=A30OZFNW1RCCSM,65C6K
2026-09-27T19:45:36-03:00,amazon,loja,Amazon,Leonfer Shop,Smart TV TCL 65 Polegadas QD-Mini LED 4K C6K WiFi Bluetooth Google TV 4 HDMI 144Hz HDR10+ 65C6K,7214.9,,,,https://www.amazon.com.br/dp/B0F7K7B2PD?smid=A28W2XGABGHXAH,65C6K
2026-09-27T19:45:36-03:00,amazon,loja,Amazon,Amazon.com.br,Smart TV TCL 65 Polegadas QD-Mini LED 4K C6K WiFi Bluetooth Google TV 4 HDMI 144Hz HDR10+ 65C6K,4624.22,4219.07,"12x R$ 385,37 sem juros",,https://www.amazon.com.br/dp/B0F7K7B2PD?smid=A1ZZFT5FULY4LN,65C6K
2026-09-27T19:45:36-03:00,casasbahia,loja,Casas Bahia,Casas Bahia,Smart TV 55” TCL 55C6K 4K QD-Mini Led 144Hz Sistema Operacional Google TV,3998.98,3599.08,"10x R$ 399,90 sem juros (cartão Casas Bahia)",,https://www.casasbahia.com.br/smart-tv-55-tcl-55c6k-4k-qd-mini-led-144hz-sistema-operacional-google-tv/p/55069456,55C6K
2026-09-27T19:45:36-03:00,casasbahia,loja,Casas Bahia,Casas Bahia,Smart TV TCL 65 Polegadas 65C6K QD-Mini LED 4K UHD Google TV 144Hz HDR10+,4687.87,4219.08,"10x R$ 468,79 sem juros (cartão Casas Bahia)",,https://www.casasbahia.com.br/smart-tv-65-tcl-65c6k-4k-qd-mini-led-144hz-com-sistema-operacional-google-tv/p/55069453,65C6K
2026-09-27T19:45:36-03:00,casasbahia,loja,Casas Bahia,LOJAS COLOMBO,"Smart TV TCL 55 AI, 4K UHD, QLED Mini LED, Android TV - 55C6K - Voltagem: Bivolt",5312.75,,"10x R$ 531,28 sem juros",,https://www.casasbahia.com.br/smart-tv-tcl-55-ai-4k-uhd-qled-mini-led-android-tv-55c6k/p/1582483296,55C6K
2026-09-27T19:45:36-03:00,casasbahia,loja,Casas Bahia,,Smart TV TCL 65C6K 65 4K Mini LED Android TV Semp Tcl,6795.5,,,,https://www.casasbahia.com.br/smart-tv-tcl-65c6k-65-4k-mini-led-android-tv-semp-tcl/p/1582860724,65C6K
2026-09-27T19:45:36-03:00,mercadolivre,loja,Mercado Livre,,Smart Tv Tcl 55 Polegadas Qd-Mini Led 4k C6k Wifi Bluetooth Google Tv 4 Hdmi 144hz Hdr10+ 55c6k,5299.0,3989.0,,,https://www.mercadolivre.com.br/p/MLB48808732?pdp_filters=item_id%3AMLB6713012362,55C6K
2026-09-27T19:45:36-03:00,mercadolivre,loja,Mercado Livre,Mercado Livre,Smart Tv Tcl 55 Polegadas Qd-Mini Led 4k C6k Wifi Bluetooth Google Tv 4 Hdmi 144hz Hdr10+ 55c6k,3491.03,,"10x R$ 359,90 sem juros",,https://www.mercadolivre.com.br/p/MLB48808732?pdp_filters=item_id%3AMLB5417889802,55C6K
2026-09-27T19:45:36-03:00,mercadolivre,loja,Mercado Livre,Mercado Livre,Smart Tv Tcl 55  4k Qd-mini Led Google Tv 127/220v 55c6k,3599.0,,"10x R$ 359,90 sem juros",,https://www.mercadolivre.com.br/smart-tv-tcl-55--4k-qdmini-led-google-tv-127220v-55c6k/up/MLBU3165217359,55C6K
2026-09-27T19:45:36-03:00,mercadolivre,loja,Mercado Livre,TCL,Smart Tv Tcl 55  Qled Mini Led 4k C6k Wifi Bluetooth 55c6k,3989.0,,"10x R$ 398,90 sem juros",,https://www.mercadolivre.com.br/smart-tv-tcl-55--qled-mini-led-4k-c6k-wifi-bluetooth-55c6k/up/MLBU3921703471,55C6K
2026-09-27T19:45:36-03:00,mercadolivre,loja,Mercado Livre,,Smart Tv Tcl 65 Polegadas Qd-Mini Led 4k C6k Wifi Bluetooth Google Tv 4 Hdmi 144hz Hdr10+ 65c6k,6499.0,4939.0,,,https://www.mercadolivre.com.br/p/MLB50368907?pdp_filters=item_id%3AMLB6713050924,65C6K
2026-09-27T19:45:36-03:00,mercadolivre,loja,Mercado Livre,Mercado Livre,Smart Tv Tcl 65 Polegadas Qd-Mini Led 4k C6k Wifi Bluetooth Google Tv 4 Hdmi 144hz Hdr10+ 65c6k,4151.51,,"10x R$ 446,40 sem juros",,https://www.mercadolivre.com.br/p/MLB50368907?pdp_filters=item_id%3AMLB5446673958,65C6K
2026-09-27T19:45:36-03:00,mercadolivre,loja,Mercado Livre,Mercado Livre,Tcl 4k Qd-mini Led Tv 65 C6k Google Tv,4463.0,,"10x R$ 446,40 sem juros",,https://www.mercadolivre.com.br/tcl-4k-qdmini-led-tv-65-c6k-google-tv/up/MLBU3187349883,65C6K
2026-09-27T19:45:36-03:00,aliexpress,loja,AliExpress,,"Smart TV 55"" TCL 4K UHD MiniLED 55C6K 120Hz Google TV AiPQ Google Assistente 4 HDMI 2 USB R$ 3.999 R$ 4.199 4.8 5.000+ vendido(s) Top vendas",3999.0,,,,https://pt.aliexpress.com/item/1005009459962683.html,55C6K
2026-09-27T19:45:36-03:00,aliexpress,loja,AliExpress,,"Smart TV 65"" TCL 4K UHD MiniLED 65C6K 120Hz Google TV AiPQ Google Assistente 4 HDMI 2 USB R$ 4.659 R$ 4.899 4.8 2.000+ vendido(s) Top vendas",4659.0,,,,https://pt.aliexpress.com/item/1005009036343124.html,65C6K
2026-09-27T20:15:23-03:00,amazon,loja,Amazon,Amazon.com.br Política de devolução,Smart TV TCL 55 Polegadas QD-Mini LED 4K C6K WiFi Bluetooth Google TV 4 HDMI 144Hz HDR10+ 55C6K,,3491.03,,,https://www.amazon.com.br/dp/B0F7JZMVKF?smid=A1ZZFT5FULY4LN,55C6K
2026-09-27T20:15:23-03:00,amazon,loja,Amazon,TCLSEMP.,Smart TV TCL 55 Polegadas QD-Mini LED 4K C6K WiFi Bluetooth Google TV 4 HDMI 144Hz HDR10+ 55C6K,,3533.05,,,https://www.amazon.com.br/dp/B0F7JZMVKF?smid=A3R1Z59ZORN2J9,55C6K
2026-09-27T20:15:23-03:00,amazon,loja,Amazon,Magalu.,Smart TV TCL 55 Polegadas QD-Mini LED 4K C6K WiFi Bluetooth Google TV 4 HDMI 144Hz HDR10+ 55C6K,3894.05,,,,https://www.amazon.com.br/dp/B0F7JZMVKF?smid=ACUNARZFR75ET,55C6K
2026-09-27T20:15:23-03:00,amazon,loja,Amazon,Lojas Colombo S/A,Smart TV TCL 55 Polegadas QD-Mini LED 4K C6K WiFi Bluetooth Google TV 4 HDMI 144Hz HDR10+ 55C6K,4208.14,,,,https://www.amazon.com.br/dp/B0F7JZMVKF?smid=A30OZFNW1RCCSM,55C6K
2026-09-27T20:15:23-03:00,amazon,loja,Amazon,Imagem Hitech FULL,Smart TV TCL 55 Polegadas QD-Mini LED 4K C6K WiFi Bluetooth Google TV 4 HDMI 144Hz HDR10+ 55C6K,3599.0,3419.05,"12x R$ 299,99 sem juros",,https://www.amazon.com.br/dp/B0F7JZMVKF?smid=A3POF6EIWE8R8,55C6K
2026-09-27T20:15:23-03:00,amazon,loja,Amazon,Magalu.,Smart TV TCL 65 Polegadas QD-Mini LED 4K C6K WiFi Bluetooth Google TV 4 HDMI 144Hz HDR10+ 65C6K,4559.05,,,,https://www.amazon.com.br/dp/B0F7K7B2PD?smid=ACUNARZFR75ET,65C6K
2026-09-27T20:15:23-03:00,amazon,loja,Amazon,Lojas Colombo S/A,Smart TV TCL 65 Polegadas QD-Mini LED 4K C6K WiFi Bluetooth Google TV 4 HDMI 144Hz HDR10+ 65C6K,5382.56,,,,https://www.amazon.com.br/dp/B0F7K7B2PD?smid=A30OZFNW1RCCSM,65C6K
2026-09-27T20:15:23-03:00,amazon,loja,Amazon,Leonfer Shop,Smart TV TCL 65 Polegadas QD-Mini LED 4K C6K WiFi Bluetooth Google TV 4 HDMI 144Hz HDR10+ 65C6K,7214.9,,,,https://www.amazon.com.br/dp/B0F7K7B2PD?smid=A28W2XGABGHXAH,65C6K
2026-09-27T20:15:23-03:00,amazon,loja,Amazon,Amazon.com.br,Smart TV TCL 65 Polegadas QD-Mini LED 4K C6K WiFi Bluetooth Google TV 4 HDMI 144Hz HDR10+ 65C6K,4624.22,4219.07,"12x R$ 385,37 sem juros",,https://www.amazon.com.br/dp/B0F7K7B2PD?smid=A1ZZFT5FULY4LN,65C6K
2026-09-27T20:15:23-03:00,casasbahia,loja,Casas Bahia,Casas Bahia,Smart TV 55” TCL 55C6K 4K QD-Mini Led 144Hz Sistema Operacional Google TV,3998.98,3599.08,"10x R$ 399,90 sem juros (cartão Casas Bahia)",,https://www.casasbahia.com.br/smart-tv-55-tcl-55c6k-4k-qd-mini-led-144hz-sistema-operacional-google-tv/p/55069456,55C6K
2026-09-27T20:15:23-03:00,casasbahia,loja,Casas Bahia,Casas Bahia,Smart TV TCL 65 Polegadas 65C6K QD-Mini LED 4K UHD Google TV 144Hz HDR10+,4687.87,4219.08,"10x R$ 468,79 sem juros (cartão Casas Bahia)",,https://www.casasbahia.com.br/smart-tv-65-tcl-65c6k-4k-qd-mini-led-144hz-com-sistema-operacional-google-tv/p/55069453,65C6K
2026-09-27T20:15:23-03:00,casasbahia,loja,Casas Bahia,LOJAS COLOMBO,"Smart TV TCL 55 AI, 4K UHD, QLED Mini LED, Android TV - 55C6K - Voltagem: Bivolt",5312.75,,"10x R$ 531,28 sem juros",,https://www.casasbahia.com.br/smart-tv-tcl-55-ai-4k-uhd-qled-mini-led-android-tv-55c6k/p/1582483296,55C6K
2026-09-27T20:15:23-03:00,casasbahia,loja,Casas Bahia,,Smart TV TCL 65C6K 65 4K Mini LED Android TV Semp Tcl,6795.5,,,,https://www.casasbahia.com.br/smart-tv-tcl-65c6k-65-4k-mini-led-android-tv-semp-tcl/p/1582860724,65C6K
2026-09-27T20:15:23-03:00,mercadolivre,loja,Mercado Livre,,Smart Tv Tcl 55 Polegadas Qd-Mini Led 4k C6k Wifi Bluetooth Google Tv 4 Hdmi 144hz Hdr10+ 55c6k,5299.0,3989.0,,,https://www.mercadolivre.com.br/p/MLB48808732?pdp_filters=item_id%3AMLB6713012362,55C6K
2026-09-27T20:15:23-03:00,mercadolivre,loja,Mercado Livre,Mercado Livre,Smart Tv Tcl 55 Polegadas Qd-Mini Led 4k C6k Wifi Bluetooth Google Tv 4 Hdmi 144hz Hdr10+ 55c6k,3491.03,,"10x R$ 359,90 sem juros",,https://www.mercadolivre.com.br/p/MLB48808732?pdp_filters=item_id%3AMLB5417889802,55C6K
2026-09-27T20:15:23-03:00,mercadolivre,loja,Mercado Livre,Mercado Livre,Smart Tv Tcl 55  4k Qd-mini Led Google Tv 127/220v 55c6k,3599.0,,"10x R$ 359,90 sem juros",,https://www.mercadolivre.com.br/smart-tv-tcl-55--4k-qdmini-led-google-tv-127220v-55c6k/up/MLBU3165217359,55C6K
2026-09-27T20:15:23-03:00,mercadolivre,loja,Mercado Livre,TCL,Smart Tv Tcl 55  Qled Mini Led 4k C6k Wifi Bluetooth 55c6k,3989.0,,"10x R$ 398,90 sem juros",,https://www.mercadolivre.com.br/smart-tv-tcl-55--qled-mini-led-4k-c6k-wifi-bluetooth-55c6k/up/MLBU3921703471,55C6K
2026-09-27T20:15:23-03:00,mercadolivre,loja,Mercado Livre,,Smart Tv Tcl 65 Polegadas Qd-Mini Led 4k C6k Wifi Bluetooth Google Tv 4 Hdmi 144hz Hdr10+ 65c6k,6499.0,4939.0,,,https://www.mercadolivre.com.br/p/MLB50368907?pdp_filters=item_id%3AMLB6713050924,65C6K
2026-09-27T20:15:23-03:00,mercadolivre,loja,Mercado Livre,Mercado Livre,Smart Tv Tcl 65 Polegadas Qd-Mini Led 4k C6k Wifi Bluetooth Google Tv 4 Hdmi 144hz Hdr10+ 65c6k,4151.51,,"10x R$ 446,40 sem juros",,https://www.mercadolivre.com.br/p/MLB50368907?pdp_filters=item_id%3AMLB5446673958,65C6K
2026-09-27T20:15:23-03:00,mercadolivre,loja,Mercado Livre,Mercado Livre,Tcl 4k Qd-mini Led Tv 65 C6k Google Tv,4463.0,,"10x R$ 446,40 sem juros",,https://www.mercadolivre.com.br/tcl-4k-qdmini-led-tv-65-c6k-google-tv/up/MLBU3187349883,65C6K
2026-09-27T20:15:23-03:00,aliexpress,loja,AliExpress,,"Smart TV 55"" TCL 4K UHD MiniLED 55C6K 120Hz Google TV AiPQ Google Assistente 4 HDMI 2 USB R$ 3.999 R$ 4.199 4.8 5.000+ vendido(s) Top vendas",3999.0,,,,https://pt.aliexpress.com/item/1005009459962683.html,55C6K
2026-09-27T20:15:23-03:00,aliexpress,loja,AliExpress,,"Smart TV 65"" TCL 4K UHD MiniLED 65C6K 120Hz Google TV AiPQ Google Assistente 4 HDMI 2 USB R$ 4.659 R$ 4.899 4.8 2.000+ vendido(s) Top vendas",4659.0,,,,https://pt.aliexpress.com/item/1005009036343124.html,65C6K
2026-09-27T20:45:23-03:00,amazon,loja,Amazon,Amazon.com.br Política de devolução,Smart TV TCL 55 Polegadas QD-Mini LED 4K C6K WiFi Bluetooth Google TV 4 HDMI 144Hz HDR10+ 55C6K,,3491.03,,,https://www.amazon.com.br/dp/B0F7JZMVKF?smid=A1ZZFT5FULY4LN,55C6K
2026-09-27T20:45:23-03:00,amazon,loja,Amazon,TCLSEMP.,Smart TV TCL 55 Polegadas QD-Mini LED 4K C6K WiFi Bluetooth Google TV 4 HDMI 144Hz HDR10+ 55C6K,,3533.05,,,https://www.amazon.com.br/dp/B0F7JZMVKF?smid=A3R1Z59ZORN2J9,55C6K
2026-09-27T20:45:23-03:00,amazon,loja,Amazon,Magalu.,Smart TV TCL 55 Polegadas QD-Mini LED 4K C6K WiFi Bluetooth Google TV 4 HDMI 144Hz HDR10+ 55C6K,3894.05,,,,https://www.amazon.com.br/dp/B0F7JZMVKF?smid=ACUNARZFR75ET,55C6K
2026-09-27T20:45:23-03:00,amazon,loja,Amazon,Lojas Colombo S/A,Smart TV TCL 55 Polegadas QD-Mini LED 4K C6K WiFi Bluetooth Google TV 4 HDMI 144Hz HDR10+ 55C6K,4208.14,,,,https://www.amazon.com.br/dp/B0F7JZMVKF?smid=A30OZFNW1RCCSM,55C6K
2026-09-27T20:45:23-03:00,amazon,loja,Amazon,Imagem Hitech FULL,Smart TV TCL 55 Polegadas QD-Mini LED 4K C6K WiFi Bluetooth Google TV 4 HDMI 144Hz HDR10+ 55C6K,3599.0,3419.05,"12x R$ 299,99 sem juros",,https://www.amazon.com.br/dp/B0F7JZMVKF?smid=A3POF6EIWE8R8,55C6K
2026-09-27T20:45:23-03:00,amazon,loja,Amazon,Magalu.,Smart TV TCL 65 Polegadas QD-Mini LED 4K C6K WiFi Bluetooth Google TV 4 HDMI 144Hz HDR10+ 65C6K,4559.05,,,,https://www.amazon.com.br/dp/B0F7K7B2PD?smid=ACUNARZFR75ET,65C6K
2026-09-27T20:45:23-03:00,amazon,loja,Amazon,Lojas Colombo S/A,Smart TV TCL 65 Polegadas QD-Mini LED 4K C6K WiFi Bluetooth Google TV 4 HDMI 144Hz HDR10+ 65C6K,5382.56,,,,https://www.amazon.com.br/dp/B0F7K7B2PD?smid=A30OZFNW1RCCSM,65C6K
2026-09-27T20:45:23-03:00,amazon,loja,Amazon,Leonfer Shop,Smart TV TCL 65 Polegadas QD-Mini LED 4K C6K WiFi Bluetooth Google TV 4 HDMI 144Hz HDR10+ 65C6K,7214.9,,,,https://www.amazon.com.br/dp/B0F7K7B2PD?smid=A28W2XGABGHXAH,65C6K
2026-09-27T20:45:23-03:00,amazon,loja,Amazon,Amazon.com.br,Smart TV TCL 65 Polegadas QD-Mini LED 4K C6K WiFi Bluetooth Google TV 4 HDMI 144Hz HDR10+ 65C6K,4624.22,4219.07,"12x R$ 385,37 sem juros",,https://www.amazon.com.br/dp/B0F7K7B2PD?smid=A1ZZFT5FULY4LN,65C6K
2026-09-27T20:45:23-03:00,casasbahia,loja,Casas Bahia,Casas Bahia,Smart TV 55” TCL 55C6K 4K QD-Mini Led 144Hz Sistema Operacional Google TV,3998.98,3599.08,"10x R$ 399,90 sem juros (cartão Casas Bahia)",,https://www.casasbahia.com.br/smart-tv-55-tcl-55c6k-4k-qd-mini-led-144hz-sistema-operacional-google-tv/p/55069456,55C6K
2026-09-27T20:45:23-03:00,casasbahia,loja,Casas Bahia,Casas Bahia,Smart TV TCL 65 Polegadas 65C6K QD-Mini LED 4K UHD Google TV 144Hz HDR10+,4687.87,4219.08,"10x R$ 468,79 sem juros (cartão Casas Bahia)",,https://www.casasbahia.com.br/smart-tv-65-tcl-65c6k-4k-qd-mini-led-144hz-com-sistema-operacional-google-tv/p/55069453,65C6K
2026-09-27T20:45:23-03:00,casasbahia,loja,Casas Bahia,LOJAS COLOMBO,"Smart TV TCL 55 AI, 4K UHD, QLED Mini LED, Android TV - 55C6K - Voltagem: Bivolt",5312.75,,"10x R$ 531,28 sem juros",,https://www.casasbahia.com.br/smart-tv-tcl-55-ai-4k-uhd-qled-mini-led-android-tv-55c6k/p/1582483296,55C6K
2026-09-27T20:45:23-03:00,casasbahia,loja,Casas Bahia,,Smart TV TCL 65C6K 65 4K Mini LED Android TV Semp Tcl,6795.5,,,,https://www.casasbahia.com.br/smart-tv-tcl-65c6k-65-4k-mini-led-android-tv-semp-tcl/p/1582860724,65C6K
2026-09-27T20:45:23-03:00,mercadolivre,loja,Mercado Livre,,Smart Tv Tcl 55 Polegadas Qd-Mini Led 4k C6k Wifi Bluetooth Google Tv 4 Hdmi 144hz Hdr10+ 55c6k,5299.0,3989.0,,,https://www.mercadolivre.com.br/p/MLB48808732?pdp_filters=item_id%3AMLB6713012362,55C6K
2026-09-27T20:45:23-03:00,mercadolivre,loja,Mercado Livre,Mercado Livre,Smart Tv Tcl 55 Polegadas Qd-Mini Led 4k C6k Wifi Bluetooth Google Tv 4 Hdmi 144hz Hdr10+ 55c6k,3491.03,,"10x R$ 359,90 sem juros",,https://www.mercadolivre.com.br/p/MLB48808732?pdp_filters=item_id%3AMLB5417889802,55C6K
2026-09-27T20:45:23-03:00,mercadolivre,loja,Mercado Livre,TCL,Smart Tv Tcl 55  Qled Mini Led 4k C6k Wifi Bluetooth 55c6k,3989.0,,"10x R$ 398,90 sem juros",,https://www.mercadolivre.com.br/smart-tv-tcl-55--qled-mini-led-4k-c6k-wifi-bluetooth-55c6k/up/MLBU3921703471,55C6K
2026-09-27T20:45:23-03:00,mercadolivre,loja,Mercado Livre,,Smart Tv Tcl 65 Polegadas Qd-Mini Led 4k C6k Wifi Bluetooth Google Tv 4 Hdmi 144hz Hdr10+ 65c6k,6499.0,4939.0,,,https://www.mercadolivre.com.br/p/MLB50368907?pdp_filters=item_id%3AMLB6713050924,65C6K
2026-09-27T20:45:23-03:00,mercadolivre,loja,Mercado Livre,Mercado Livre,Smart Tv Tcl 65 Polegadas Qd-Mini Led 4k C6k Wifi Bluetooth Google Tv 4 Hdmi 144hz Hdr10+ 65c6k,4151.51,,"10x R$ 446,40 sem juros",,https://www.mercadolivre.com.br/p/MLB50368907?pdp_filters=item_id%3AMLB5446673958,65C6K
2026-09-27T20:45:23-03:00,mercadolivre,loja,Mercado Livre,Mercado Livre,Tcl 4k Qd-mini Led Tv 65 C6k Google Tv,4463.0,,"10x R$ 446,40 sem juros",,https://www.mercadolivre.com.br/tcl-4k-qdmini-led-tv-65-c6k-google-tv/up/MLBU3187349883,65C6K
2026-09-27T20:45:23-03:00,aliexpress,loja,AliExpress,,"Smart TV 55"" TCL 4K UHD MiniLED 55C6K 120Hz Google TV AiPQ Google Assistente 4 HDMI 2 USB R$ 3.999 R$ 4.199 4.8 5.000+ vendido(s) Top vendas",3999.0,,,,https://pt.aliexpress.com/item/1005009459962683.html,55C6K
2026-09-27T20:45:23-03:00,aliexpress,loja,AliExpress,,"Smart TV 65"" TCL 4K UHD MiniLED 65C6K 120Hz Google TV AiPQ Google Assistente 4 HDMI 2 USB R$ 4.659 R$ 4.899 4.8 2.000+ vendido(s) Top vendas",4659.0,,,,https://pt.aliexpress.com/item/1005009036343124.html,65C6K
2026-09-27T21:15:53-03:00,amazon,loja,Amazon,Amazon.com.br Política de devolução,Smart TV TCL 55 Polegadas QD-Mini LED 4K C6K WiFi Bluetooth Google TV 4 HDMI 144Hz HDR10+ 55C6K,,3491.03,,,https://www.amazon.com.br/dp/B0F7JZMVKF?smid=A1ZZFT5FULY4LN,55C6K
2026-09-27T21:15:53-03:00,amazon,loja,Amazon,TCLSEMP.,Smart TV TCL 55 Polegadas QD-Mini LED 4K C6K WiFi Bluetooth Google TV 4 HDMI 144Hz HDR10+ 55C6K,,3533.05,,,https://www.amazon.com.br/dp/B0F7JZMVKF?smid=A3R1Z59ZORN2J9,55C6K
2026-09-27T21:15:53-03:00,amazon,loja,Amazon,Magalu.,Smart TV TCL 55 Polegadas QD-Mini LED 4K C6K WiFi Bluetooth Google TV 4 HDMI 144Hz HDR10+ 55C6K,3894.05,,,,https://www.amazon.com.br/dp/B0F7JZMVKF?smid=ACUNARZFR75ET,55C6K
2026-09-27T21:15:53-03:00,amazon,loja,Amazon,Lojas Colombo S/A,Smart TV TCL 55 Polegadas QD-Mini LED 4K C6K WiFi Bluetooth Google TV 4 HDMI 144Hz HDR10+ 55C6K,4208.14,,,,https://www.amazon.com.br/dp/B0F7JZMVKF?smid=A30OZFNW1RCCSM,55C6K
2026-09-27T21:15:53-03:00,amazon,loja,Amazon,Imagem Hitech FULL,Smart TV TCL 55 Polegadas QD-Mini LED 4K C6K WiFi Bluetooth Google TV 4 HDMI 144Hz HDR10+ 55C6K,3599.0,3419.05,"12x R$ 299,99 sem juros",,https://www.amazon.com.br/dp/B0F7JZMVKF?smid=A3POF6EIWE8R8,55C6K
2026-09-27T21:15:53-03:00,amazon,loja,Amazon,Magalu.,Smart TV TCL 65 Polegadas QD-Mini LED 4K C6K WiFi Bluetooth Google TV 4 HDMI 144Hz HDR10+ 65C6K,4559.05,,,,https://www.amazon.com.br/dp/B0F7K7B2PD?smid=ACUNARZFR75ET,65C6K
2026-09-27T21:15:53-03:00,amazon,loja,Amazon,Lojas Colombo S/A,Smart TV TCL 65 Polegadas QD-Mini LED 4K C6K WiFi Bluetooth Google TV 4 HDMI 144Hz HDR10+ 65C6K,5382.56,,,,https://www.amazon.com.br/dp/B0F7K7B2PD?smid=A30OZFNW1RCCSM,65C6K
2026-09-27T21:15:53-03:00,amazon,loja,Amazon,Leonfer Shop,Smart TV TCL 65 Polegadas QD-Mini LED 4K C6K WiFi Bluetooth Google TV 4 HDMI 144Hz HDR10+ 65C6K,7214.9,,,,https://www.amazon.com.br/dp/B0F7K7B2PD?smid=A28W2XGABGHXAH,65C6K
2026-09-27T21:15:53-03:00,amazon,loja,Amazon,Amazon.com.br,Smart TV TCL 65 Polegadas QD-Mini LED 4K C6K WiFi Bluetooth Google TV 4 HDMI 144Hz HDR10+ 65C6K,4624.22,4219.07,"12x R$ 385,37 sem juros",,https://www.amazon.com.br/dp/B0F7K7B2PD?smid=A1ZZFT5FULY4LN,65C6K
2026-09-27T21:15:53-03:00,casasbahia,loja,Casas Bahia,Casas Bahia,Smart TV 55” TCL 55C6K 4K QD-Mini Led 144Hz Sistema Operacional Google TV,3998.98,3599.08,"10x R$ 399,90 sem juros (cartão Casas Bahia)",,https://www.casasbahia.com.br/smart-tv-55-tcl-55c6k-4k-qd-mini-led-144hz-sistema-operacional-google-tv/p/55069456,55C6K
2026-09-27T21:15:53-03:00,casasbahia,loja,Casas Bahia,Casas Bahia,Smart TV TCL 65 Polegadas 65C6K QD-Mini LED 4K UHD Google TV 144Hz HDR10+,4687.87,4219.08,"10x R$ 468,79 sem juros (cartão Casas Bahia)",,https://www.casasbahia.com.br/smart-tv-65-tcl-65c6k-4k-qd-mini-led-144hz-com-sistema-operacional-google-tv/p/55069453,65C6K
2026-09-27T21:15:53-03:00,casasbahia,loja,Casas Bahia,LOJAS COLOMBO,"Smart TV TCL 55 AI, 4K UHD, QLED Mini LED, Android TV - 55C6K - Voltagem: Bivolt",5312.75,,"10x R$ 531,28 sem juros",,https://www.casasbahia.com.br/smart-tv-tcl-55-ai-4k-uhd-qled-mini-led-android-tv-55c6k/p/1582483296,55C6K
2026-09-27T21:15:53-03:00,casasbahia,loja,Casas Bahia,,Smart TV TCL 65C6K 65 4K Mini LED Android TV Semp Tcl,6795.5,,,,https://www.casasbahia.com.br/smart-tv-tcl-65c6k-65-4k-mini-led-android-tv-semp-tcl/p/1582860724,65C6K
2026-09-27T21:15:53-03:00,mercadolivre,loja,Mercado Livre,,Smart Tv Tcl 55 Polegadas Qd-Mini Led 4k C6k Wifi Bluetooth Google Tv 4 Hdmi 144hz Hdr10+ 55c6k,5299.0,3989.0,,,https://www.mercadolivre.com.br/p/MLB48808732?pdp_filters=item_id%3AMLB6713012362,55C6K
2026-09-27T21:15:53-03:00,mercadolivre,loja,Mercado Livre,Mercado Livre,Smart Tv Tcl 55 Polegadas Qd-Mini Led 4k C6k Wifi Bluetooth Google Tv 4 Hdmi 144hz Hdr10+ 55c6k,3491.03,,"10x R$ 359,90 sem juros",,https://www.mercadolivre.com.br/p/MLB48808732?pdp_filters=item_id%3AMLB5417889802,55C6K
2026-09-27T21:15:53-03:00,mercadolivre,loja,Mercado Livre,Mercado Livre,Smart Tv Tcl 55  4k Qd-mini Led Google Tv 127/220v 55c6k,3599.0,,"10x R$ 359,90 sem juros",,https://www.mercadolivre.com.br/smart-tv-tcl-55--4k-qdmini-led-google-tv-127220v-55c6k/up/MLBU3165217359,55C6K
2026-09-27T21:15:53-03:00,mercadolivre,loja,Mercado Livre,TCL,Smart Tv Tcl 55  Qled Mini Led 4k C6k Wifi Bluetooth 55c6k,3989.0,,"10x R$ 398,90 sem juros",,https://www.mercadolivre.com.br/smart-tv-tcl-55--qled-mini-led-4k-c6k-wifi-bluetooth-55c6k/up/MLBU3921703471,55C6K
2026-09-27T21:15:53-03:00,mercadolivre,loja,Mercado Livre,,Smart Tv Tcl 65 Polegadas Qd-Mini Led 4k C6k Wifi Bluetooth Google Tv 4 Hdmi 144hz Hdr10+ 65c6k,6499.0,4939.0,,,https://www.mercadolivre.com.br/p/MLB50368907?pdp_filters=item_id%3AMLB6713050924,65C6K
2026-09-27T21:15:53-03:00,mercadolivre,loja,Mercado Livre,Mercado Livre,Smart Tv Tcl 65 Polegadas Qd-Mini Led 4k C6k Wifi Bluetooth Google Tv 4 Hdmi 144hz Hdr10+ 65c6k,4151.51,,"10x R$ 446,40 sem juros",,https://www.mercadolivre.com.br/p/MLB50368907?pdp_filters=item_id%3AMLB5446673958,65C6K
2026-09-27T21:15:53-03:00,mercadolivre,loja,Mercado Livre,Mercado Livre,Tcl 4k Qd-mini Led Tv 65 C6k Google Tv,4463.0,,"10x R$ 446,40 sem juros",,https://www.mercadolivre.com.br/tcl-4k-qdmini-led-tv-65-c6k-google-tv/up/MLBU3187349883,65C6K
2026-09-27T21:15:53-03:00,aliexpress,loja,AliExpress,,"Smart TV 55"" TCL 4K UHD MiniLED 55C6K 120Hz Google TV AiPQ Google Assistente 4 HDMI 2 USB R$ 3.999 R$ 4.199 4.8 5.000+ vendido(s) Top vendas",3999.0,,,,https://pt.aliexpress.com/item/1005009459962683.html,55C6K
2026-09-27T21:15:53-03:00,aliexpress,loja,AliExpress,,"Smart TV 65"" TCL 4K UHD MiniLED 65C6K 120Hz Google TV AiPQ Google Assistente 4 HDMI 2 USB R$ 4.659 R$ 4.899 4.8 2.000+ vendido(s) Top vendas",4659.0,,,,https://pt.aliexpress.com/item/1005009036343124.html,65C6K
2026-09-27T21:45:26-03:00,amazon,loja,Amazon,Amazon.com.br Política de devolução,Smart TV TCL 55 Polegadas QD-Mini LED 4K C6K WiFi Bluetooth Google TV 4 HDMI 144Hz HDR10+ 55C6K,,3491.03,,,https://www.amazon.com.br/dp/B0F7JZMVKF?smid=A1ZZFT5FULY4LN,55C6K
2026-09-27T21:45:26-03:00,amazon,loja,Amazon,TCLSEMP.,Smart TV TCL 55 Polegadas QD-Mini LED 4K C6K WiFi Bluetooth Google TV 4 HDMI 144Hz HDR10+ 55C6K,,3533.05,,,https://www.amazon.com.br/dp/B0F7JZMVKF?smid=A3R1Z59ZORN2J9,55C6K
2026-09-27T21:45:26-03:00,amazon,loja,Amazon,Magalu.,Smart TV TCL 55 Polegadas QD-Mini LED 4K C6K WiFi Bluetooth Google TV 4 HDMI 144Hz HDR10+ 55C6K,3894.05,,,,https://www.amazon.com.br/dp/B0F7JZMVKF?smid=ACUNARZFR75ET,55C6K
2026-09-27T21:45:26-03:00,amazon,loja,Amazon,Lojas Colombo S/A,Smart TV TCL 55 Polegadas QD-Mini LED 4K C6K WiFi Bluetooth Google TV 4 HDMI 144Hz HDR10+ 55C6K,4208.14,,,,https://www.amazon.com.br/dp/B0F7JZMVKF?smid=A30OZFNW1RCCSM,55C6K
2026-09-27T21:45:26-03:00,amazon,loja,Amazon,Imagem Hitech FULL,Smart TV TCL 55 Polegadas QD-Mini LED 4K C6K WiFi Bluetooth Google TV 4 HDMI 144Hz HDR10+ 55C6K,3599.0,3419.05,"12x R$ 299,99 sem juros",,https://www.amazon.com.br/dp/B0F7JZMVKF?smid=A3POF6EIWE8R8,55C6K
2026-09-27T21:45:26-03:00,amazon,loja,Amazon,Magalu.,Smart TV TCL 65 Polegadas QD-Mini LED 4K C6K WiFi Bluetooth Google TV 4 HDMI 144Hz HDR10+ 65C6K,4559.05,,,,https://www.amazon.com.br/dp/B0F7K7B2PD?smid=ACUNARZFR75ET,65C6K
2026-09-27T21:45:26-03:00,amazon,loja,Amazon,Lojas Colombo S/A,Smart TV TCL 65 Polegadas QD-Mini LED 4K C6K WiFi Bluetooth Google TV 4 HDMI 144Hz HDR10+ 65C6K,5382.56,,,,https://www.amazon.com.br/dp/B0F7K7B2PD?smid=A30OZFNW1RCCSM,65C6K
2026-09-27T21:45:26-03:00,amazon,loja,Amazon,Leonfer Shop,Smart TV TCL 65 Polegadas QD-Mini LED 4K C6K WiFi Bluetooth Google TV 4 HDMI 144Hz HDR10+ 65C6K,7214.9,,,,https://www.amazon.com.br/dp/B0F7K7B2PD?smid=A28W2XGABGHXAH,65C6K
2026-09-27T21:45:26-03:00,amazon,loja,Amazon,Amazon.com.br,Smart TV TCL 65 Polegadas QD-Mini LED 4K C6K WiFi Bluetooth Google TV 4 HDMI 144Hz HDR10+ 65C6K,4624.22,4219.07,"12x R$ 385,37 sem juros",,https://www.amazon.com.br/dp/B0F7K7B2PD?smid=A1ZZFT5FULY4LN,65C6K
2026-09-27T21:45:26-03:00,casasbahia,loja,Casas Bahia,Casas Bahia,Smart TV 55” TCL 55C6K 4K QD-Mini Led 144Hz Sistema Operacional Google TV,3998.98,3599.08,"10x R$ 399,90 sem juros (cartão Casas Bahia)",,https://www.casasbahia.com.br/smart-tv-55-tcl-55c6k-4k-qd-mini-led-144hz-sistema-operacional-google-tv/p/55069456,55C6K
2026-09-27T21:45:26-03:00,casasbahia,loja,Casas Bahia,Casas Bahia,Smart TV TCL 65 Polegadas 65C6K QD-Mini LED 4K UHD Google TV 144Hz HDR10+,4687.87,4219.08,"10x R$ 468,79 sem juros (cartão Casas Bahia)",,https://www.casasbahia.com.br/smart-tv-65-tcl-65c6k-4k-qd-mini-led-144hz-com-sistema-operacional-google-tv/p/55069453,65C6K
2026-09-27T21:45:26-03:00,casasbahia,loja,Casas Bahia,LOJAS COLOMBO,"Smart TV TCL 55 AI, 4K UHD, QLED Mini LED, Android TV - 55C6K - Voltagem: Bivolt",5312.75,,"10x R$ 531,28 sem juros",,https://www.casasbahia.com.br/smart-tv-tcl-55-ai-4k-uhd-qled-mini-led-android-tv-55c6k/p/1582483296,55C6K
2026-09-27T21:45:26-03:00,casasbahia,loja,Casas Bahia,,Smart TV TCL 65C6K 65 4K Mini LED Android TV Semp Tcl,6795.5,,,,https://www.casasbahia.com.br/smart-tv-tcl-65c6k-65-4k-mini-led-android-tv-semp-tcl/p/1582860724,65C6K
2026-09-27T21:45:26-03:00,mercadolivre,loja,Mercado Livre,,Smart Tv Tcl 55 Polegadas Qd-Mini Led 4k C6k Wifi Bluetooth Google Tv 4 Hdmi 144hz Hdr10+ 55c6k,5299.0,3989.0,,,https://www.mercadolivre.com.br/p/MLB48808732?pdp_filters=item_id%3AMLB6713012362,55C6K
2026-09-27T21:45:26-03:00,mercadolivre,loja,Mercado Livre,Mercado Livre,Smart Tv Tcl 55 Polegadas Qd-Mini Led 4k C6k Wifi Bluetooth Google Tv 4 Hdmi 144hz Hdr10+ 55c6k,3491.03,,"10x R$ 359,90 sem juros",,https://www.mercadolivre.com.br/p/MLB48808732?pdp_filters=item_id%3AMLB5417889802,55C6K
2026-09-27T21:45:26-03:00,mercadolivre,loja,Mercado Livre,Mercado Livre,Smart Tv Tcl 55  4k Qd-mini Led Google Tv 127/220v 55c6k,3599.0,,"10x R$ 359,90 sem juros",,https://www.mercadolivre.com.br/smart-tv-tcl-55--4k-qdmini-led-google-tv-127220v-55c6k/up/MLBU3165217359,55C6K
2026-09-27T21:45:26-03:00,mercadolivre,loja,Mercado Livre,TCL,Smart Tv Tcl 55  Qled Mini Led 4k C6k Wifi Bluetooth 55c6k,3989.0,,"10x R$ 398,90 sem juros",,https://www.mercadolivre.com.br/smart-tv-tcl-55--qled-mini-led-4k-c6k-wifi-bluetooth-55c6k/up/MLBU3921703471,55C6K
2026-09-27T21:45:26-03:00,mercadolivre,loja,Mercado Livre,,Smart Tv Tcl 65 Polegadas Qd-Mini Led 4k C6k Wifi Bluetooth Google Tv 4 Hdmi 144hz Hdr10+ 65c6k,6499.0,4939.0,,,https://www.mercadolivre.com.br/p/MLB50368907?pdp_filters=item_id%3AMLB6713050924,65C6K
2026-09-27T21:45:26-03:00,mercadolivre,loja,Mercado Livre,Mercado Livre,Smart Tv Tcl 65 Polegadas Qd-Mini Led 4k C6k Wifi Bluetooth Google Tv 4 Hdmi 144hz Hdr10+ 65c6k,4151.51,,"10x R$ 446,40 sem juros",,https://www.mercadolivre.com.br/p/MLB50368907?pdp_filters=item_id%3AMLB5446673958,65C6K
2026-09-27T21:45:26-03:00,mercadolivre,loja,Mercado Livre,Mercado Livre,Tcl 4k Qd-mini Led Tv 65 C6k Google Tv,4463.0,,"10x R$ 446,40 sem juros",,https://www.mercadolivre.com.br/tcl-4k-qdmini-led-tv-65-c6k-google-tv/up/MLBU3187349883,65C6K
2026-09-27T21:45:26-03:00,aliexpress,loja,AliExpress,,"Smart TV 55"" TCL 4K UHD MiniLED 55C6K 120Hz Google TV AiPQ Google Assistente 4 HDMI 2 USB R$ 3.999 R$ 4.199 4.8 5.000+ vendido(s) Top vendas",3999.0,,,,https://pt.aliexpress.com/item/1005009459962683.html,55C6K
2026-09-27T21:45:26-03:00,aliexpress,loja,AliExpress,,"Smart TV 65"" TCL 4K UHD MiniLED 65C6K 120Hz Google TV AiPQ Google Assistente 4 HDMI 2 USB R$ 4.659 R$ 4.899 4.8 2.000+ vendido(s) Top vendas",4659.0,,,,https://pt.aliexpress.com/item/1005009036343124.html,65C6K
2026-09-27T22:15:30-03:00,amazon,loja,Amazon,Amazon.com.br Política de devolução,Smart TV TCL 55 Polegadas QD-Mini LED 4K C6K WiFi Bluetooth Google TV 4 HDMI 144Hz HDR10+ 55C6K,,3491.03,,,https://www.amazon.com.br/dp/B0F7JZMVKF?smid=A1ZZFT5FULY4LN,55C6K
2026-09-27T22:15:30-03:00,amazon,loja,Amazon,TCLSEMP.,Smart TV TCL 55 Polegadas QD-Mini LED 4K C6K WiFi Bluetooth Google TV 4 HDMI 144Hz HDR10+ 55C6K,,3533.05,,,https://www.amazon.com.br/dp/B0F7JZMVKF?smid=A3R1Z59ZORN2J9,55C6K
2026-09-27T22:15:30-03:00,amazon,loja,Amazon,Magalu.,Smart TV TCL 55 Polegadas QD-Mini LED 4K C6K WiFi Bluetooth Google TV 4 HDMI 144Hz HDR10+ 55C6K,3894.05,,,,https://www.amazon.com.br/dp/B0F7JZMVKF?smid=ACUNARZFR75ET,55C6K
2026-09-27T22:15:30-03:00,amazon,loja,Amazon,Lojas Colombo S/A,Smart TV TCL 55 Polegadas QD-Mini LED 4K C6K WiFi Bluetooth Google TV 4 HDMI 144Hz HDR10+ 55C6K,4208.14,,,,https://www.amazon.com.br/dp/B0F7JZMVKF?smid=A30OZFNW1RCCSM,55C6K
2026-09-27T22:15:30-03:00,amazon,loja,Amazon,Imagem Hitech FULL,Smart TV TCL 55 Polegadas QD-Mini LED 4K C6K WiFi Bluetooth Google TV 4 HDMI 144Hz HDR10+ 55C6K,3599.0,3419.05,"12x R$ 299,99 sem juros",,https://www.amazon.com.br/dp/B0F7JZMVKF?smid=A3POF6EIWE8R8,55C6K
2026-09-27T22:15:30-03:00,amazon,loja,Amazon,Magalu.,Smart TV TCL 65 Polegadas QD-Mini LED 4K C6K WiFi Bluetooth Google TV 4 HDMI 144Hz HDR10+ 65C6K,4559.05,,,,https://www.amazon.com.br/dp/B0F7K7B2PD?smid=ACUNARZFR75ET,65C6K
2026-09-27T22:15:30-03:00,amazon,loja,Amazon,Lojas Colombo S/A,Smart TV TCL 65 Polegadas QD-Mini LED 4K C6K WiFi Bluetooth Google TV 4 HDMI 144Hz HDR10+ 65C6K,5382.56,,,,https://www.amazon.com.br/dp/B0F7K7B2PD?smid=A30OZFNW1RCCSM,65C6K
2026-09-27T22:15:30-03:00,amazon,loja,Amazon,Leonfer Shop,Smart TV TCL 65 Polegadas QD-Mini LED 4K C6K WiFi Bluetooth Google TV 4 HDMI 144Hz HDR10+ 65C6K,7214.9,,,,https://www.amazon.com.br/dp/B0F7K7B2PD?smid=A28W2XGABGHXAH,65C6K
2026-09-27T22:15:30-03:00,amazon,loja,Amazon,Amazon.com.br,Smart TV TCL 65 Polegadas QD-Mini LED 4K C6K WiFi Bluetooth Google TV 4 HDMI 144Hz HDR10+ 65C6K,4624.22,4219.07,"12x R$ 385,37 sem juros",,https://www.amazon.com.br/dp/B0F7K7B2PD?smid=A1ZZFT5FULY4LN,65C6K
2026-09-27T22:15:30-03:00,casasbahia,loja,Casas Bahia,Casas Bahia,Smart TV 55” TCL 55C6K 4K QD-Mini Led 144Hz Sistema Operacional Google TV,3998.98,3599.08,"10x R$ 399,90 sem juros (cartão Casas Bahia)",,https://www.casasbahia.com.br/smart-tv-55-tcl-55c6k-4k-qd-mini-led-144hz-sistema-operacional-google-tv/p/55069456,55C6K
2026-09-27T22:15:30-03:00,casasbahia,loja,Casas Bahia,Casas Bahia,Smart TV TCL 65 Polegadas 65C6K QD-Mini LED 4K UHD Google TV 144Hz HDR10+,4687.87,4219.08,"10x R$ 468,79 sem juros (cartão Casas Bahia)",,https://www.casasbahia.com.br/smart-tv-65-tcl-65c6k-4k-qd-mini-led-144hz-com-sistema-operacional-google-tv/p/55069453,65C6K
2026-09-27T22:15:30-03:00,casasbahia,loja,Casas Bahia,LOJAS COLOMBO,"Smart TV TCL 55 AI, 4K UHD, QLED Mini LED, Android TV - 55C6K - Voltagem: Bivolt",5312.75,,"10x R$ 531,28 sem juros",,https://www.casasbahia.com.br/smart-tv-tcl-55-ai-4k-uhd-qled-mini-led-android-tv-55c6k/p/1582483296,55C6K
2026-09-27T22:15:30-03:00,casasbahia,loja,Casas Bahia,,Smart TV TCL 65C6K 65 4K Mini LED Android TV Semp Tcl,6795.5,,,,https://www.casasbahia.com.br/smart-tv-tcl-65c6k-65-4k-mini-led-android-tv-semp-tcl/p/1582860724,65C6K
2026-09-27T22:15:30-03:00,mercadolivre,loja,Mercado Livre,,Smart Tv Tcl 55 Polegadas Qd-Mini Led 4k C6k Wifi Bluetooth Google Tv 4 Hdmi 144hz Hdr10+ 55c6k,5299.0,3989.0,,,https://www.mercadolivre.com.br/p/MLB48808732?pdp_filters=item_id%3AMLB6713012362,55C6K
2026-09-27T22:15:30-03:00,mercadolivre,loja,Mercado Livre,Mercado Livre,Smart Tv Tcl 55 Polegadas Qd-Mini Led 4k C6k Wifi Bluetooth Google Tv 4 Hdmi 144hz Hdr10+ 55c6k,3491.03,,"10x R$ 359,90 sem juros",,https://www.mercadolivre.com.br/p/MLB48808732?pdp_filters=item_id%3AMLB5417889802,55C6K
2026-09-27T22:15:30-03:00,mercadolivre,loja,Mercado Livre,Mercado Livre,Smart Tv Tcl 55  4k Qd-mini Led Google Tv 127/220v 55c6k,3599.0,,"10x R$ 359,90 sem juros",,https://www.mercadolivre.com.br/smart-tv-tcl-55--4k-qdmini-led-google-tv-127220v-55c6k/up/MLBU3165217359,55C6K
2026-09-27T22:15:30-03:00,mercadolivre,loja,Mercado Livre,TCL,Smart Tv Tcl 55  Qled Mini Led 4k C6k Wifi Bluetooth 55c6k,3989.0,,"10x R$ 398,90 sem juros",,https://www.mercadolivre.com.br/smart-tv-tcl-55--qled-mini-led-4k-c6k-wifi-bluetooth-55c6k/up/MLBU3921703471,55C6K
2026-09-27T22:15:30-03:00,mercadolivre,loja,Mercado Livre,,Smart Tv Tcl 65 Polegadas Qd-Mini Led 4k C6k Wifi Bluetooth Google Tv 4 Hdmi 144hz Hdr10+ 65c6k,6499.0,4939.0,,,https://www.mercadolivre.com.br/p/MLB50368907?pdp_filters=item_id%3AMLB6713050924,65C6K
2026-09-27T22:15:30-03:00,mercadolivre,loja,Mercado Livre,Mercado Livre,Smart Tv Tcl 65 Polegadas Qd-Mini Led 4k C6k Wifi Bluetooth Google Tv 4 Hdmi 144hz Hdr10+ 65c6k,4151.51,,"10x R$ 446,40 sem juros",,https://www.mercadolivre.com.br/p/MLB50368907?pdp_filters=item_id%3AMLB5446673958,65C6K
2026-09-27T22:15:30-03:00,mercadolivre,loja,Mercado Livre,Mercado Livre,Tcl 4k Qd-mini Led Tv 65 C6k Google Tv,4463.0,,"10x R$ 446,40 sem juros",,https://www.mercadolivre.com.br/tcl-4k-qdmini-led-tv-65-c6k-google-tv/up/MLBU3187349883,65C6K
2026-09-27T22:15:30-03:00,aliexpress,loja,AliExpress,,"Smart TV 55"" TCL 4K UHD MiniLED 55C6K 120Hz Google TV AiPQ Google Assistente 4 HDMI 2 USB R$ 3.999 R$ 4.199 4.8 5.000+ vendido(s) Top vendas",3999.0,,,,https://pt.aliexpress.com/item/1005009459962683.html,55C6K
2026-09-27T22:15:30-03:00,aliexpress,loja,AliExpress,,"Smart TV 65"" TCL 4K UHD MiniLED 65C6K 120Hz Google TV AiPQ Google Assistente 4 HDMI 2 USB R$ 4.659 R$ 4.899 4.8 2.000+ vendido(s) Top vendas",4659.0,,,,https://pt.aliexpress.com/item/1005009036343124.html,65C6K
2026-09-28T19:24:24-03:00,amazon,loja,Amazon,TCLSEMP.,Smart TV TCL 55 Polegadas QD-Mini LED 4K C6K WiFi Bluetooth Google TV 4 HDMI 144Hz HDR10+ 55C6K,,3533.05,,,https://www.amazon.com.br/dp/B0F7JZMVKF?smid=A3R1Z59ZORN2J9,55C6K
2026-09-28T19:24:24-03:00,amazon,loja,Amazon,Imagem Hitech FULL,Smart TV TCL 55 Polegadas QD-Mini LED 4K C6K WiFi Bluetooth Google TV 4 HDMI 144Hz HDR10+ 55C6K,,3609.05,,,https://www.amazon.com.br/dp/B0F7JZMVKF?smid=A3POF6EIWE8R8,55C6K
2026-09-28T19:24:24-03:00,amazon,loja,Amazon,Magalu.,Smart TV TCL 55 Polegadas QD-Mini LED 4K C6K WiFi Bluetooth Google TV 4 HDMI 144Hz HDR10+ 55C6K,3799.05,,,,https://www.amazon.com.br/dp/B0F7JZMVKF?smid=ACUNARZFR75ET,55C6K
2026-09-28T19:24:24-03:00,amazon,loja,Amazon,Lojas Colombo S/A,Smart TV TCL 55 Polegadas QD-Mini LED 4K C6K WiFi Bluetooth Google TV 4 HDMI 144Hz HDR10+ 55C6K,4208.14,,,,https://www.amazon.com.br/dp/B0F7JZMVKF?smid=A30OZFNW1RCCSM,55C6K
2026-09-28T19:24:24-03:00,amazon,loja,Amazon,Leonfer Shop,Smart TV TCL 55 Polegadas QD-Mini LED 4K C6K WiFi Bluetooth Google TV 4 HDMI 144Hz HDR10+ 55C6K,5849.9,,,,https://www.amazon.com.br/dp/B0F7JZMVKF?smid=A28W2XGABGHXAH,55C6K
2026-09-28T19:24:24-03:00,amazon,loja,Amazon,Amazon.com.br,Smart TV TCL 55 Polegadas QD-Mini LED 4K C6K WiFi Bluetooth Google TV 4 HDMI 144Hz HDR10+ 55C6K,3599.0,3491.03,"12x R$ 299,99 sem juros",,https://www.amazon.com.br/dp/B0F7JZMVKF?smid=A1ZZFT5FULY4LN,55C6K
2026-09-28T19:24:24-03:00,amazon,loja,Amazon,Magalu.,Smart TV TCL 65 Polegadas QD-Mini LED 4K C6K WiFi Bluetooth Google TV 4 HDMI 144Hz HDR10+ 65C6K,4559.05,,,,https://www.amazon.com.br/dp/B0F7K7B2PD?smid=ACUNARZFR75ET,65C6K
2026-09-28T19:24:24-03:00,amazon,loja,Amazon,Lojas Colombo S/A,Smart TV TCL 65 Polegadas QD-Mini LED 4K C6K WiFi Bluetooth Google TV 4 HDMI 144Hz HDR10+ 65C6K,5382.56,,,,https://www.amazon.com.br/dp/B0F7K7B2PD?smid=A30OZFNW1RCCSM,65C6K
2026-09-28T19:24:24-03:00,amazon,loja,Amazon,Amazon.com.br,Smart TV TCL 65 Polegadas QD-Mini LED 4K C6K WiFi Bluetooth Google TV 4 HDMI 144Hz HDR10+ 65C6K,4463.99,4151.5,"12x R$ 372,10 sem juros",,https://www.amazon.com.br/dp/B0F7K7B2PD?smid=A1ZZFT5FULY4LN,65C6K
2026-09-28T19:24:24-03:00,casasbahia,loja,Casas Bahia,Casas Bahia,Smart TV 55” TCL 55C6K 4K QD-Mini Led 144Hz Sistema Operacional Google TV,3998.98,3599.08,"10x R$ 399,90 sem juros (cartão Casas Bahia)",,https://www.casasbahia.com.br/smart-tv-55-tcl-55c6k-4k-qd-mini-led-144hz-sistema-operacional-google-tv/p/55069456,55C6K
2026-09-28T19:24:24-03:00,casasbahia,loja,Casas Bahia,Casas Bahia,Smart TV TCL 65 Polegadas 65C6K QD-Mini LED 4K UHD Google TV 144Hz HDR10+,4687.87,4219.08,"10x R$ 468,79 sem juros (cartão Casas Bahia)",,https://www.casasbahia.com.br/smart-tv-65-tcl-65c6k-4k-qd-mini-led-144hz-com-sistema-operacional-google-tv/p/55069453,65C6K
2026-09-28T19:24:24-03:00,casasbahia,loja,Casas Bahia,LOJAS COLOMBO,"Smart TV TCL 55 AI, 4K UHD, QLED Mini LED, Android TV - 55C6K - Voltagem: Bivolt",5312.75,,"10x R$ 531,28 sem juros",,https://www.casasbahia.com.br/smart-tv-tcl-55-ai-4k-uhd-qled-mini-led-android-tv-55c6k/p/1582483296,55C6K
2026-09-28T19:24:24-03:00,casasbahia,loja,Casas Bahia,,Smart TV TCL 65C6K 65 4K Mini LED Android TV Semp Tcl,6795.5,,,,https://www.casasbahia.com.br/smart-tv-tcl-65c6k-65-4k-mini-led-android-tv-semp-tcl/p/1582860724,65C6K
2026-09-28T19:24:24-03:00,mercadolivre,loja,Mercado Livre,,Smart Tv Tcl 55 Polegadas Qd-Mini Led 4k C6k Wifi Bluetooth Google Tv 4 Hdmi 144hz Hdr10+ 55c6k,5299.0,3989.0,,,https://www.mercadolivre.com.br/p/MLB48808732?pdp_filters=item_id%3AMLB6713012362,55C6K
2026-09-28T19:24:24-03:00,mercadolivre,loja,Mercado Livre,Magalu,Smart Tv Tcl 55 Polegadas Qd-Mini Led 4k C6k Wifi Bluetooth Google Tv 4 Hdmi 144hz Hdr10+ 55c6k,3799.05,,"10x R$ 379,90 sem juros",,https://www.mercadolivre.com.br/p/MLB48808732?pdp_filters=item_id%3AMLB7574364080,55C6K
2026-09-28T19:24:24-03:00,mercadolivre,loja,Mercado Livre,TCL,Smart Tv Tcl 55  Qled Mini Led 4k C6k Wifi Bluetooth 55c6k,3989.0,,"10x R$ 398,90 sem juros",,https://www.mercadolivre.com.br/smart-tv-tcl-55--qled-mini-led-4k-c6k-wifi-bluetooth-55c6k/up/MLBU3921703471,55C6K
2026-09-28T19:24:24-03:00,mercadolivre,loja,Mercado Livre,Casas Bahia,Smart Tv 55 C6k 4k Qd-mini Led 144hz Google Tv Tcl,3998.0,,"10x R$ 399,90 sem juros",,https://www.mercadolivre.com.br/smart-tv-55-c6k-4k-qdmini-led-144hz-google-tv-tcl/up/MLBU3512360279,55C6K
2026-09-28T19:24:24-03:00,mercadolivre,loja,Mercado Livre,,Smart Tv Tcl 65 Polegadas Qd-Mini Led 4k C6k Wifi Bluetooth Google Tv 4 Hdmi 144hz Hdr10+ 65c6k,6499.0,4939.0,,,https://www.mercadolivre.com.br/p/MLB50368907?pdp_filters=item_id%3AMLB6713050924,65C6K
2026-09-28T19:24:24-03:00,mercadolivre,loja,Mercado Livre,Mercado Livre,Smart Tv Tcl 65 Polegadas Qd-Mini Led 4k C6k Wifi Bluetooth Google Tv 4 Hdmi 144hz Hdr10+ 65c6k,4151.51,,"10x R$ 446,40 sem juros",,https://www.mercadolivre.com.br/p/MLB50368907?pdp_filters=item_id%3AMLB5446673958,65C6K
2026-09-28T19:24:24-03:00,mercadolivre,loja,Mercado Livre,Mercado Livre,Tcl 4k Qd-mini Led Tv 65 C6k Google Tv,4463.0,,"10x R$ 446,40 sem juros",,https://www.mercadolivre.com.br/tcl-4k-qdmini-led-tv-65-c6k-google-tv/up/MLBU3187349883,65C6K
2026-09-28T19:24:24-03:00,aliexpress,loja,AliExpress,,"Smart TV 55"" TCL 4K UHD MiniLED 55C6K 120Hz Google TV AiPQ Google Assistente 4 HDMI 2 USB R$ 3.799 R$ 4.199 -9% 4.8 5.000+ vendido(s) Top ve",3799.0,,,,https://pt.aliexpress.com/item/1005009459962683.html,55C6K
2026-09-28T19:24:24-03:00,aliexpress,loja,AliExpress,,"Smart TV 65"" TCL 4K UHD MiniLED 65C6K 120Hz Google TV AiPQ Google Assistente 4 HDMI 2 USB R$ 4.459 R$ 4.899 -8% 4.8 2.000+ vendido(s) Top ve",4459.0,,,,https://pt.aliexpress.com/item/1005009036343124.html,65C6K
2026-09-28T19:45:33-03:00,amazon,loja,Amazon,Magalu.,Smart TV TCL 55 Polegadas QD-Mini LED 4K C6K WiFi Bluetooth Google TV 4 HDMI 144Hz HDR10+ 55C6K,3704.05,,,,https://www.amazon.com.br/dp/B0F7JZMVKF?smid=ACUNARZFR75ET,55C6K
2026-09-28T19:45:33-03:00,amazon,loja,Amazon,TCLSEMP.,Smart TV TCL 55 Polegadas QD-Mini LED 4K C6K WiFi Bluetooth Google TV 4 HDMI 144Hz HDR10+ 55C6K,,3533.05,,,https://www.amazon.com.br/dp/B0F7JZMVKF?smid=A3R1Z59ZORN2J9,55C6K
2026-09-28T19:45:33-03:00,amazon,loja,Amazon,Imagem Hitech FULL,Smart TV TCL 55 Polegadas QD-Mini LED 4K C6K WiFi Bluetooth Google TV 4 HDMI 144Hz HDR10+ 55C6K,,3609.05,,,https://www.amazon.com.br/dp/B0F7JZMVKF?smid=A3POF6EIWE8R8,55C6K
2026-09-28T19:45:33-03:00,amazon,loja,Amazon,Lojas Colombo S/A,Smart TV TCL 55 Polegadas QD-Mini LED 4K C6K WiFi Bluetooth Google TV 4 HDMI 144Hz HDR10+ 55C6K,4208.14,,,,https://www.amazon.com.br/dp/B0F7JZMVKF?smid=A30OZFNW1RCCSM,55C6K
2026-09-28T19:45:33-03:00,amazon,loja,Amazon,Leonfer Shop,Smart TV TCL 55 Polegadas QD-Mini LED 4K C6K WiFi Bluetooth Google TV 4 HDMI 144Hz HDR10+ 55C6K,5849.9,,,,https://www.amazon.com.br/dp/B0F7JZMVKF?smid=A28W2XGABGHXAH,55C6K
2026-09-28T19:45:33-03:00,amazon,loja,Amazon,Amazon.com.br,Smart TV TCL 55 Polegadas QD-Mini LED 4K C6K WiFi Bluetooth Google TV 4 HDMI 144Hz HDR10+ 55C6K,3599.0,3491.03,"12x R$ 299,99 sem juros",,https://www.amazon.com.br/dp/B0F7JZMVKF?smid=A1ZZFT5FULY4LN,55C6K
2026-09-28T19:45:33-03:00,amazon,loja,Amazon,Magalu.,Smart TV TCL 65 Polegadas QD-Mini LED 4K C6K WiFi Bluetooth Google TV 4 HDMI 144Hz HDR10+ 65C6K,4369.05,,,,https://www.amazon.com.br/dp/B0F7K7B2PD?smid=ACUNARZFR75ET,65C6K
2026-09-28T19:45:33-03:00,amazon,loja,Amazon,Lojas Colombo S/A,Smart TV TCL 65 Polegadas QD-Mini LED 4K C6K WiFi Bluetooth Google TV 4 HDMI 144Hz HDR10+ 65C6K,5382.56,,,,https://www.amazon.com.br/dp/B0F7K7B2PD?smid=A30OZFNW1RCCSM,65C6K
2026-09-28T19:45:33-03:00,amazon,loja,Amazon,Amazon.com.br,Smart TV TCL 65 Polegadas QD-Mini LED 4K C6K WiFi Bluetooth Google TV 4 HDMI 144Hz HDR10+ 65C6K,4463.99,4151.5,"12x R$ 372,10 sem juros",,https://www.amazon.com.br/dp/B0F7K7B2PD?smid=A1ZZFT5FULY4LN,65C6K
2026-09-28T19:45:33-03:00,mercadolivre,loja,Mercado Livre,,Smart Tv Tcl 55 Polegadas Qd-Mini Led 4k C6k Wifi Bluetooth Google Tv 4 Hdmi 144hz Hdr10+ 55c6k,5299.0,3989.0,,,https://www.mercadolivre.com.br/p/MLB48808732?pdp_filters=item_id%3AMLB6713012362,55C6K
2026-09-28T19:45:33-03:00,mercadolivre,loja,Mercado Livre,Magalu,Smart Tv Tcl 55 Polegadas Qd-Mini Led 4k C6k Wifi Bluetooth Google Tv 4 Hdmi 144hz Hdr10+ 55c6k,3704.05,,"10x R$ 370,40 sem juros",,https://www.mercadolivre.com.br/p/MLB48808732?pdp_filters=item_id%3AMLB7574364080,55C6K
2026-09-28T19:45:33-03:00,mercadolivre,loja,Mercado Livre,TCL,Smart Tv Tcl 55  Qled Mini Led 4k C6k Wifi Bluetooth 55c6k,3989.0,,"10x R$ 398,90 sem juros",,https://www.mercadolivre.com.br/smart-tv-tcl-55--qled-mini-led-4k-c6k-wifi-bluetooth-55c6k/up/MLBU3921703471,55C6K
2026-09-28T19:45:33-03:00,mercadolivre,loja,Mercado Livre,Casas Bahia,Smart Tv 55 C6k 4k Qd-mini Led 144hz Google Tv Tcl,3998.0,,"10x R$ 399,90 sem juros",,https://www.mercadolivre.com.br/smart-tv-55-c6k-4k-qdmini-led-144hz-google-tv-tcl/up/MLBU3512360279,55C6K
2026-09-28T19:45:33-03:00,mercadolivre,loja,Mercado Livre,,Smart Tv Tcl 65 Polegadas Qd-Mini Led 4k C6k Wifi Bluetooth Google Tv 4 Hdmi 144hz Hdr10+ 65c6k,6499.0,4939.0,,,https://www.mercadolivre.com.br/p/MLB50368907?pdp_filters=item_id%3AMLB6713050924,65C6K
2026-09-28T19:45:33-03:00,mercadolivre,loja,Mercado Livre,Mercado Livre,Smart Tv Tcl 65 Polegadas Qd-Mini Led 4k C6k Wifi Bluetooth Google Tv 4 Hdmi 144hz Hdr10+ 65c6k,4151.51,,"10x R$ 446,40 sem juros",,https://www.mercadolivre.com.br/p/MLB50368907?pdp_filters=item_id%3AMLB5446673958,65C6K
2026-09-28T19:45:33-03:00,mercadolivre,loja,Mercado Livre,Mercado Livre,Tcl 4k Qd-mini Led Tv 65 C6k Google Tv,4463.0,,"10x R$ 446,40 sem juros",,https://www.mercadolivre.com.br/tcl-4k-qdmini-led-tv-65-c6k-google-tv/up/MLBU3187349883,65C6K
2026-09-28T19:45:33-03:00,mercadolivre,loja,Mercado Livre,TCL,Smart Tv Tcl 65  Qled Mini Led 4k C6k Wifi Bluetooth 65c6k,4939.0,,"10x R$ 493,90 sem juros",,https://www.mercadolivre.com.br/smart-tv-tcl-65--qled-mini-led-4k-c6k-wifi-bluetooth-65c6k/up/MLBU3933299210,65C6K
2026-09-28T19:45:33-03:00,aliexpress,loja,AliExpress,,"Smart TV 55"" TCL 4K UHD MiniLED 55C6K 120Hz Google TV AiPQ Google Assistente 4 HDMI 2 USB R$ 3.799 R$ 4.199 -9% 4.8 5.000+ vendido(s) Top ve",3799.0,,,,https://pt.aliexpress.com/item/1005009459962683.html,55C6K
2026-09-28T19:45:33-03:00,aliexpress,loja,AliExpress,,"Smart TV 65"" TCL 4K UHD MiniLED 65C6K 120Hz Google TV AiPQ Google Assistente 4 HDMI 2 USB R$ 4.459 R$ 4.899 -8% 4.8 2.000+ vendido(s) Top ve",4459.0,,,,https://pt.aliexpress.com/item/1005009036343124.html,65C6K
2026-09-28T20:18:23-03:00,amazon,loja,Amazon,Magalu.,Smart TV TCL 55 Polegadas QD-Mini LED 4K C6K WiFi Bluetooth Google TV 4 HDMI 144Hz HDR10+ 55C6K,3704.05,,,,https://www.amazon.com.br/dp/B0F7JZMVKF?smid=ACUNARZFR75ET,55C6K
2026-09-28T20:18:23-03:00,amazon,loja,Amazon,TCLSEMP.,Smart TV TCL 55 Polegadas QD-Mini LED 4K C6K WiFi Bluetooth Google TV 4 HDMI 144Hz HDR10+ 55C6K,,3533.05,,,https://www.amazon.com.br/dp/B0F7JZMVKF?smid=A3R1Z59ZORN2J9,55C6K
2026-09-28T20:18:23-03:00,amazon,loja,Amazon,Imagem Hitech FULL,Smart TV TCL 55 Polegadas QD-Mini LED 4K C6K WiFi Bluetooth Google TV 4 HDMI 144Hz HDR10+ 55C6K,,3609.05,,,https://www.amazon.com.br/dp/B0F7JZMVKF?smid=A3POF6EIWE8R8,55C6K
2026-09-28T20:18:23-03:00,amazon,loja,Amazon,Lojas Colombo S/A,Smart TV TCL 55 Polegadas QD-Mini LED 4K C6K WiFi Bluetooth Google TV 4 HDMI 144Hz HDR10+ 55C6K,4208.14,,,,https://www.amazon.com.br/dp/B0F7JZMVKF?smid=A30OZFNW1RCCSM,55C6K
2026-09-28T20:18:23-03:00,amazon,loja,Amazon,Leonfer Shop,Smart TV TCL 55 Polegadas QD-Mini LED 4K C6K WiFi Bluetooth Google TV 4 HDMI 144Hz HDR10+ 55C6K,5849.9,,,,https://www.amazon.com.br/dp/B0F7JZMVKF?smid=A28W2XGABGHXAH,55C6K
2026-09-28T20:18:23-03:00,amazon,loja,Amazon,Amazon.com.br,Smart TV TCL 55 Polegadas QD-Mini LED 4K C6K WiFi Bluetooth Google TV 4 HDMI 144Hz HDR10+ 55C6K,3599.0,3491.03,"12x R$ 299,99 sem juros",,https://www.amazon.com.br/dp/B0F7JZMVKF?smid=A1ZZFT5FULY4LN,55C6K
2026-09-28T20:18:23-03:00,amazon,loja,Amazon,Lojas Colombo S/A,Smart TV TCL 65 Polegadas QD-Mini LED 4K C6K WiFi Bluetooth Google TV 4 HDMI 144Hz HDR10+ 65C6K,5382.56,,,,https://www.amazon.com.br/dp/B0F7K7B2PD?smid=A30OZFNW1RCCSM,65C6K
2026-09-28T20:18:23-03:00,amazon,loja,Amazon,Magalu.,Smart TV TCL 65 Polegadas QD-Mini LED 4K C6K WiFi Bluetooth Google TV 4 HDMI 144Hz HDR10+ 65C6K,4369.05,,,,https://www.amazon.com.br/dp/B0F7K7B2PD?smid=ACUNARZFR75ET,65C6K
2026-09-28T20:18:23-03:00,mercadolivre,loja,Mercado Livre,,Smart Tv Tcl 55 Polegadas Qd-Mini Led 4k C6k Wifi Bluetooth Google Tv 4 Hdmi 144hz Hdr10+ 55c6k,5299.0,3989.0,,,https://www.mercadolivre.com.br/p/MLB48808732?pdp_filters=item_id%3AMLB6713012362,55C6K
2026-09-28T20:18:23-03:00,mercadolivre,loja,Mercado Livre,Magalu,Smart Tv Tcl 55 Polegadas Qd-Mini Led 4k C6k Wifi Bluetooth Google Tv 4 Hdmi 144hz Hdr10+ 55c6k,3704.05,,"10x R$ 370,40 sem juros",,https://www.mercadolivre.com.br/p/MLB48808732?pdp_filters=item_id%3AMLB7574364080,55C6K
2026-09-28T20:18:23-03:00,mercadolivre,loja,Mercado Livre,TCL,Smart Tv Tcl 55  Qled Mini Led 4k C6k Wifi Bluetooth 55c6k,3989.0,,"10x R$ 398,90 sem juros",,https://www.mercadolivre.com.br/smart-tv-tcl-55--qled-mini-led-4k-c6k-wifi-bluetooth-55c6k/up/MLBU3921703471,55C6K
2026-09-28T20:18:23-03:00,mercadolivre,loja,Mercado Livre,Casas Bahia,Smart Tv 55 C6k 4k Qd-mini Led 144hz Google Tv Tcl,3998.0,,"10x R$ 399,90 sem juros",,https://www.mercadolivre.com.br/smart-tv-55-c6k-4k-qdmini-led-144hz-google-tv-tcl/up/MLBU3512360279,55C6K
2026-09-28T20:18:23-03:00,mercadolivre,loja,Mercado Livre,,Smart Tv Tcl 65 Polegadas Qd-Mini Led 4k C6k Wifi Bluetooth Google Tv 4 Hdmi 144hz Hdr10+ 65c6k,6499.0,4939.0,,,https://www.mercadolivre.com.br/p/MLB50368907?pdp_filters=item_id%3AMLB6713050924,65C6K
2026-09-28T20:18:23-03:00,mercadolivre,loja,Mercado Livre,Mercado Livre,Smart Tv Tcl 65 Polegadas Qd-Mini Led 4k C6k Wifi Bluetooth Google Tv 4 Hdmi 144hz Hdr10+ 65c6k,4063.22,,"10x R$ 436,90 sem juros",,https://www.mercadolivre.com.br/p/MLB50368907?pdp_filters=item_id%3AMLB5446673958,65C6K
2026-09-28T20:18:23-03:00,mercadolivre,loja,Mercado Livre,Mercado Livre,Tcl 4k Qd-mini Led Tv 65 C6k Google Tv,4369.0,,"10x R$ 436,90 sem juros",,https://www.mercadolivre.com.br/tcl-4k-qdmini-led-tv-65-c6k-google-tv/up/MLBU3187349883,65C6K
2026-09-28T20:18:23-03:00,mercadolivre,loja,Mercado Livre,TCL,Smart Tv Tcl 65  Qled Mini Led 4k C6k Wifi Bluetooth 65c6k,4939.0,,"10x R$ 493,90 sem juros",,https://www.mercadolivre.com.br/smart-tv-tcl-65--qled-mini-led-4k-c6k-wifi-bluetooth-65c6k/up/MLBU3933299210,65C6K
2026-09-28T20:18:23-03:00,aliexpress,loja,AliExpress,,"Smart TV 55"" TCL 4K UHD MiniLED 55C6K 120Hz Google TV AiPQ Google Assistente 4 HDMI 2 USB R$ 3.799 R$ 4.199 -9% 4.8 5.000+ vendido(s) Top ve",3799.0,,,,https://pt.aliexpress.com/item/1005009459962683.html,55C6K
2026-09-28T20:18:23-03:00,aliexpress,loja,AliExpress,,"Smart TV 65"" TCL 4K UHD MiniLED 65C6K 120Hz Google TV AiPQ Google Assistente 4 HDMI 2 USB R$ 4.459 R$ 4.899 -8% 4.8 2.000+ vendido(s) Top ve",4459.0,,,,https://pt.aliexpress.com/item/1005009036343124.html,65C6K
2026-09-28T20:45:09-03:00,amazon,loja,Amazon,Magalu.,Smart TV TCL 55 Polegadas QD-Mini LED 4K C6K WiFi Bluetooth Google TV 4 HDMI 144Hz HDR10+ 55C6K,3704.05,,,,https://www.amazon.com.br/dp/B0F7JZMVKF?smid=ACUNARZFR75ET,55C6K
2026-09-28T20:45:09-03:00,amazon,loja,Amazon,TCLSEMP.,Smart TV TCL 55 Polegadas QD-Mini LED 4K C6K WiFi Bluetooth Google TV 4 HDMI 144Hz HDR10+ 55C6K,,3533.05,,,https://www.amazon.com.br/dp/B0F7JZMVKF?smid=A3R1Z59ZORN2J9,55C6K
2026-09-28T20:45:09-03:00,amazon,loja,Amazon,Imagem Hitech FULL,Smart TV TCL 55 Polegadas QD-Mini LED 4K C6K WiFi Bluetooth Google TV 4 HDMI 144Hz HDR10+ 55C6K,,3609.05,,,https://www.amazon.com.br/dp/B0F7JZMVKF?smid=A3POF6EIWE8R8,55C6K
2026-09-28T20:45:09-03:00,amazon,loja,Amazon,Lojas Colombo S/A,Smart TV TCL 55 Polegadas QD-Mini LED 4K C6K WiFi Bluetooth Google TV 4 HDMI 144Hz HDR10+ 55C6K,4208.14,,,,https://www.amazon.com.br/dp/B0F7JZMVKF?smid=A30OZFNW1RCCSM,55C6K
2026-09-28T20:45:09-03:00,amazon,loja,Amazon,Leonfer Shop,Smart TV TCL 55 Polegadas QD-Mini LED 4K C6K WiFi Bluetooth Google TV 4 HDMI 144Hz HDR10+ 55C6K,5849.9,,,,https://www.amazon.com.br/dp/B0F7JZMVKF?smid=A28W2XGABGHXAH,55C6K
2026-09-28T20:45:09-03:00,amazon,loja,Amazon,Amazon.com.br,Smart TV TCL 55 Polegadas QD-Mini LED 4K C6K WiFi Bluetooth Google TV 4 HDMI 144Hz HDR10+ 55C6K,3599.0,3491.03,"12x R$ 299,99 sem juros",,https://www.amazon.com.br/dp/B0F7JZMVKF?smid=A1ZZFT5FULY4LN,55C6K
2026-09-28T20:45:09-03:00,amazon,loja,Amazon,Lojas Colombo S/A,Smart TV TCL 65 Polegadas QD-Mini LED 4K C6K WiFi Bluetooth Google TV 4 HDMI 144Hz HDR10+ 65C6K,5382.56,,,,https://www.amazon.com.br/dp/B0F7K7B2PD?smid=A30OZFNW1RCCSM,65C6K
2026-09-28T20:45:09-03:00,amazon,loja,Amazon,Magalu.,Smart TV TCL 65 Polegadas QD-Mini LED 4K C6K WiFi Bluetooth Google TV 4 HDMI 144Hz HDR10+ 65C6K,4369.05,,"12x R$ 364,17 sem juros",,https://www.amazon.com.br/dp/B0F7K7B2PD?smid=ACUNARZFR75ET,65C6K
2026-09-28T20:45:09-03:00,mercadolivre,loja,Mercado Livre,,Smart Tv Tcl 55 Polegadas Qd-Mini Led 4k C6k Wifi Bluetooth Google Tv 4 Hdmi 144hz Hdr10+ 55c6k,5299.0,3989.0,,,https://www.mercadolivre.com.br/p/MLB48808732?pdp_filters=item_id%3AMLB6713012362,55C6K
2026-09-28T20:45:09-03:00,mercadolivre,loja,Mercado Livre,Magalu,Smart Tv Tcl 55 Polegadas Qd-Mini Led 4k C6k Wifi Bluetooth Google Tv 4 Hdmi 144hz Hdr10+ 55c6k,3704.05,,"10x R$ 370,40 sem juros",,https://www.mercadolivre.com.br/p/MLB48808732?pdp_filters=item_id%3AMLB7574364080,55C6K
2026-09-28T20:45:09-03:00,mercadolivre,loja,Mercado Livre,TCL,Smart Tv Tcl 55  Qled Mini Led 4k C6k Wifi Bluetooth 55c6k,3989.0,,"10x R$ 398,90 sem juros",,https://www.mercadolivre.com.br/smart-tv-tcl-55--qled-mini-led-4k-c6k-wifi-bluetooth-55c6k/up/MLBU3921703471,55C6K
2026-09-28T20:45:09-03:00,mercadolivre,loja,Mercado Livre,Casas Bahia,Smart Tv 55 C6k 4k Qd-mini Led 144hz Google Tv Tcl,3998.0,,"10x R$ 399,90 sem juros",,https://www.mercadolivre.com.br/smart-tv-55-c6k-4k-qdmini-led-144hz-google-tv-tcl/up/MLBU3512360279,55C6K
2026-09-28T20:45:09-03:00,mercadolivre,loja,Mercado Livre,,Smart Tv Tcl 65 Polegadas Qd-Mini Led 4k C6k Wifi Bluetooth Google Tv 4 Hdmi 144hz Hdr10+ 65c6k,6499.0,4939.0,,,https://www.mercadolivre.com.br/p/MLB50368907?pdp_filters=item_id%3AMLB6713050924,65C6K
2026-09-28T20:45:09-03:00,mercadolivre,loja,Mercado Livre,Mercado Livre,Smart Tv Tcl 65 Polegadas Qd-Mini Led 4k C6k Wifi Bluetooth Google Tv 4 Hdmi 144hz Hdr10+ 65c6k,4063.22,,"10x R$ 436,90 sem juros",,https://www.mercadolivre.com.br/p/MLB50368907?pdp_filters=item_id%3AMLB5446673958,65C6K
2026-09-28T20:45:09-03:00,mercadolivre,loja,Mercado Livre,Mercado Livre,Tcl 4k Qd-mini Led Tv 65 C6k Google Tv,4369.0,,"10x R$ 436,90 sem juros",,https://www.mercadolivre.com.br/tcl-4k-qdmini-led-tv-65-c6k-google-tv/up/MLBU3187349883,65C6K
2026-09-28T20:45:09-03:00,mercadolivre,loja,Mercado Livre,TCL,Smart Tv Tcl 65  Qled Mini Led 4k C6k Wifi Bluetooth 65c6k,4939.0,,"10x R$ 493,90 sem juros",,https://www.mercadolivre.com.br/smart-tv-tcl-65--qled-mini-led-4k-c6k-wifi-bluetooth-65c6k/up/MLBU3933299210,65C6K
2026-09-28T20:45:09-03:00,aliexpress,loja,AliExpress,,"Smart TV 55"" TCL 4K UHD MiniLED 55C6K 120Hz Google TV AiPQ Google Assistente 4 HDMI 2 USB R$ 3.799 R$ 4.199 -9% 4.8 5.000+ vendido(s) Top ve",3799.0,,,,https://pt.aliexpress.com/item/1005009459962683.html,55C6K
2026-09-28T20:45:09-03:00,aliexpress,loja,AliExpress,,"Smart TV 65"" TCL 4K UHD MiniLED 65C6K 120Hz Google TV AiPQ Google Assistente 4 HDMI 2 USB R$ 4.459 R$ 4.899 -8% 4.8 2.000+ vendido(s) Top ve",4459.0,,,,https://pt.aliexpress.com/item/1005009036343124.html,65C6K
2026-09-28T21:14:49-03:00,amazon,loja,Amazon,Magalu.,Smart TV TCL 55 Polegadas QD-Mini LED 4K C6K WiFi Bluetooth Google TV 4 HDMI 144Hz HDR10+ 55C6K,3704.05,,,,https://www.amazon.com.br/dp/B0F7JZMVKF?smid=ACUNARZFR75ET,55C6K
2026-09-28T21:14:49-03:00,amazon,loja,Amazon,TCLSEMP.,Smart TV TCL 55 Polegadas QD-Mini LED 4K C6K WiFi Bluetooth Google TV 4 HDMI 144Hz HDR10+ 55C6K,,3533.05,,,https://www.amazon.com.br/dp/B0F7JZMVKF?smid=A3R1Z59ZORN2J9,55C6K
2026-09-28T21:14:49-03:00,amazon,loja,Amazon,Imagem Hitech FULL,Smart TV TCL 55 Polegadas QD-Mini LED 4K C6K WiFi Bluetooth Google TV 4 HDMI 144Hz HDR10+ 55C6K,,3609.05,,,https://www.amazon.com.br/dp/B0F7JZMVKF?smid=A3POF6EIWE8R8,55C6K
2026-09-28T21:14:49-03:00,amazon,loja,Amazon,Lojas Colombo S/A,Smart TV TCL 55 Polegadas QD-Mini LED 4K C6K WiFi Bluetooth Google TV 4 HDMI 144Hz HDR10+ 55C6K,4208.14,,,,https://www.amazon.com.br/dp/B0F7JZMVKF?smid=A30OZFNW1RCCSM,55C6K
2026-09-28T21:14:49-03:00,amazon,loja,Amazon,Leonfer Shop,Smart TV TCL 55 Polegadas QD-Mini LED 4K C6K WiFi Bluetooth Google TV 4 HDMI 144Hz HDR10+ 55C6K,5849.9,,,,https://www.amazon.com.br/dp/B0F7JZMVKF?smid=A28W2XGABGHXAH,55C6K
2026-09-28T21:14:49-03:00,amazon,loja,Amazon,Amazon.com.br,Smart TV TCL 55 Polegadas QD-Mini LED 4K C6K WiFi Bluetooth Google TV 4 HDMI 144Hz HDR10+ 55C6K,3599.0,3491.03,"12x R$ 299,99 sem juros",,https://www.amazon.com.br/dp/B0F7JZMVKF?smid=A1ZZFT5FULY4LN,55C6K
2026-09-28T21:14:49-03:00,amazon,loja,Amazon,Lojas Colombo S/A,Smart TV TCL 65 Polegadas QD-Mini LED 4K C6K WiFi Bluetooth Google TV 4 HDMI 144Hz HDR10+ 65C6K,5382.56,,,,https://www.amazon.com.br/dp/B0F7K7B2PD?smid=A30OZFNW1RCCSM,65C6K
2026-09-28T21:14:49-03:00,amazon,loja,Amazon,Magalu.,Smart TV TCL 65 Polegadas QD-Mini LED 4K C6K WiFi Bluetooth Google TV 4 HDMI 144Hz HDR10+ 65C6K,4369.05,,"12x R$ 364,17 sem juros",,https://www.amazon.com.br/dp/B0F7K7B2PD?smid=ACUNARZFR75ET,65C6K
2026-09-28T21:14:49-03:00,mercadolivre,loja,Mercado Livre,,Smart Tv Tcl 55 Polegadas Qd-Mini Led 4k C6k Wifi Bluetooth Google Tv 4 Hdmi 144hz Hdr10+ 55c6k,5299.0,3989.0,,,https://www.mercadolivre.com.br/p/MLB48808732?pdp_filters=item_id%3AMLB6713012362,55C6K
2026-09-28T21:14:49-03:00,mercadolivre,loja,Mercado Livre,Magalu,Smart Tv Tcl 55 Polegadas Qd-Mini Led 4k C6k Wifi Bluetooth Google Tv 4 Hdmi 144hz Hdr10+ 55c6k,3704.05,,"10x R$ 370,40 sem juros",,https://www.mercadolivre.com.br/p/MLB48808732?pdp_filters=item_id%3AMLB7574364080,55C6K
2026-09-28T21:14:49-03:00,mercadolivre,loja,Mercado Livre,TCL,Smart Tv Tcl 55  Qled Mini Led 4k C6k Wifi Bluetooth 55c6k,3989.0,,"10x R$ 398,90 sem juros",,https://www.mercadolivre.com.br/smart-tv-tcl-55--qled-mini-led-4k-c6k-wifi-bluetooth-55c6k/up/MLBU3921703471,55C6K
2026-09-28T21:14:49-03:00,mercadolivre,loja,Mercado Livre,Casas Bahia,Smart Tv 55 C6k 4k Qd-mini Led 144hz Google Tv Tcl,3998.0,,"10x R$ 399,90 sem juros",,https://www.mercadolivre.com.br/smart-tv-55-c6k-4k-qdmini-led-144hz-google-tv-tcl/up/MLBU3512360279,55C6K
2026-09-28T21:14:49-03:00,mercadolivre,loja,Mercado Livre,,Smart Tv Tcl 65 Polegadas Qd-Mini Led 4k C6k Wifi Bluetooth Google Tv 4 Hdmi 144hz Hdr10+ 65c6k,6499.0,4939.0,,,https://www.mercadolivre.com.br/p/MLB50368907?pdp_filters=item_id%3AMLB6713050924,65C6K
2026-09-28T21:14:49-03:00,mercadolivre,loja,Mercado Livre,Mercado Livre,Smart Tv Tcl 65 Polegadas Qd-Mini Led 4k C6k Wifi Bluetooth Google Tv 4 Hdmi 144hz Hdr10+ 65c6k,4063.22,,"10x R$ 436,90 sem juros",,https://www.mercadolivre.com.br/p/MLB50368907?pdp_filters=item_id%3AMLB5446673958,65C6K
2026-09-28T21:14:49-03:00,mercadolivre,loja,Mercado Livre,Mercado Livre,Tcl 4k Qd-mini Led Tv 65 C6k Google Tv,4369.0,,"10x R$ 436,90 sem juros",,https://www.mercadolivre.com.br/tcl-4k-qdmini-led-tv-65-c6k-google-tv/up/MLBU3187349883,65C6K
2026-09-28T21:14:49-03:00,mercadolivre,loja,Mercado Livre,TCL,Smart Tv Tcl 65  Qled Mini Led 4k C6k Wifi Bluetooth 65c6k,4939.0,,"10x R$ 493,90 sem juros",,https://www.mercadolivre.com.br/smart-tv-tcl-65--qled-mini-led-4k-c6k-wifi-bluetooth-65c6k/up/MLBU3933299210,65C6K
2026-09-28T21:14:49-03:00,aliexpress,loja,AliExpress,,"Smart TV 55"" TCL 4K UHD MiniLED 55C6K 120Hz Google TV AiPQ Google Assistente 4 HDMI 2 USB R$ 3.799 R$ 4.199 -9% 4.8 5.000+ vendido(s) Top ve",3799.0,,,,https://pt.aliexpress.com/item/1005009459962683.html,55C6K
2026-09-28T21:14:49-03:00,aliexpress,loja,AliExpress,,"Smart TV 65"" TCL 4K UHD MiniLED 65C6K 120Hz Google TV AiPQ Google Assistente 4 HDMI 2 USB R$ 4.459 R$ 4.899 -8% 4.8 2.000+ vendido(s) Top ve",4459.0,,,,https://pt.aliexpress.com/item/1005009036343124.html,65C6K
2026-09-28T21:44:44-03:00,amazon,loja,Amazon,Magalu.,Smart TV TCL 55 Polegadas QD-Mini LED 4K C6K WiFi Bluetooth Google TV 4 HDMI 144Hz HDR10+ 55C6K,3704.05,,,,https://www.amazon.com.br/dp/B0F7JZMVKF?smid=ACUNARZFR75ET,55C6K
2026-09-28T21:44:44-03:00,amazon,loja,Amazon,TCLSEMP.,Smart TV TCL 55 Polegadas QD-Mini LED 4K C6K WiFi Bluetooth Google TV 4 HDMI 144Hz HDR10+ 55C6K,,3533.05,,,https://www.amazon.com.br/dp/B0F7JZMVKF?smid=A3R1Z59ZORN2J9,55C6K
2026-09-28T21:44:44-03:00,amazon,loja,Amazon,Imagem Hitech FULL,Smart TV TCL 55 Polegadas QD-Mini LED 4K C6K WiFi Bluetooth Google TV 4 HDMI 144Hz HDR10+ 55C6K,,3609.05,,,https://www.amazon.com.br/dp/B0F7JZMVKF?smid=A3POF6EIWE8R8,55C6K
2026-09-28T21:44:44-03:00,amazon,loja,Amazon,Lojas Colombo S/A,Smart TV TCL 55 Polegadas QD-Mini LED 4K C6K WiFi Bluetooth Google TV 4 HDMI 144Hz HDR10+ 55C6K,4208.14,,,,https://www.amazon.com.br/dp/B0F7JZMVKF?smid=A30OZFNW1RCCSM,55C6K
2026-09-28T21:44:44-03:00,amazon,loja,Amazon,Leonfer Shop,Smart TV TCL 55 Polegadas QD-Mini LED 4K C6K WiFi Bluetooth Google TV 4 HDMI 144Hz HDR10+ 55C6K,5849.9,,,,https://www.amazon.com.br/dp/B0F7JZMVKF?smid=A28W2XGABGHXAH,55C6K
2026-09-28T21:44:44-03:00,amazon,loja,Amazon,Amazon.com.br,Smart TV TCL 55 Polegadas QD-Mini LED 4K C6K WiFi Bluetooth Google TV 4 HDMI 144Hz HDR10+ 55C6K,3599.0,3491.03,"12x R$ 299,99 sem juros",,https://www.amazon.com.br/dp/B0F7JZMVKF?smid=A1ZZFT5FULY4LN,55C6K
2026-09-28T21:44:44-03:00,amazon,loja,Amazon,Lojas Colombo S/A,Smart TV TCL 65 Polegadas QD-Mini LED 4K C6K WiFi Bluetooth Google TV 4 HDMI 144Hz HDR10+ 65C6K,5382.56,,,,https://www.amazon.com.br/dp/B0F7K7B2PD?smid=A30OZFNW1RCCSM,65C6K
2026-09-28T21:44:44-03:00,amazon,loja,Amazon,Magalu.,Smart TV TCL 65 Polegadas QD-Mini LED 4K C6K WiFi Bluetooth Google TV 4 HDMI 144Hz HDR10+ 65C6K,4369.05,,"12x R$ 364,17 sem juros",,https://www.amazon.com.br/dp/B0F7K7B2PD?smid=ACUNARZFR75ET,65C6K
2026-09-28T21:44:44-03:00,mercadolivre,loja,Mercado Livre,,Smart Tv Tcl 55 Polegadas Qd-Mini Led 4k C6k Wifi Bluetooth Google Tv 4 Hdmi 144hz Hdr10+ 55c6k,5299.0,3989.0,,,https://www.mercadolivre.com.br/p/MLB48808732?pdp_filters=item_id%3AMLB6713012362,55C6K
2026-09-28T21:44:44-03:00,mercadolivre,loja,Mercado Livre,Magalu,Smart Tv Tcl 55 Polegadas Qd-Mini Led 4k C6k Wifi Bluetooth Google Tv 4 Hdmi 144hz Hdr10+ 55c6k,3704.05,,"10x R$ 370,40 sem juros",,https://www.mercadolivre.com.br/p/MLB48808732?pdp_filters=item_id%3AMLB7574364080,55C6K
2026-09-28T21:44:44-03:00,mercadolivre,loja,Mercado Livre,TCL,Smart Tv Tcl 55  Qled Mini Led 4k C6k Wifi Bluetooth 55c6k,3989.0,,"10x R$ 398,90 sem juros",,https://www.mercadolivre.com.br/smart-tv-tcl-55--qled-mini-led-4k-c6k-wifi-bluetooth-55c6k/up/MLBU3921703471,55C6K
2026-09-28T21:44:44-03:00,mercadolivre,loja,Mercado Livre,Casas Bahia,Smart Tv 55 C6k 4k Qd-mini Led 144hz Google Tv Tcl,3998.0,,"10x R$ 399,90 sem juros",,https://www.mercadolivre.com.br/smart-tv-55-c6k-4k-qdmini-led-144hz-google-tv-tcl/up/MLBU3512360279,55C6K
2026-09-28T21:44:44-03:00,mercadolivre,loja,Mercado Livre,,Smart Tv Tcl 65 Polegadas Qd-Mini Led 4k C6k Wifi Bluetooth Google Tv 4 Hdmi 144hz Hdr10+ 65c6k,6499.0,4939.0,,,https://www.mercadolivre.com.br/p/MLB50368907?pdp_filters=item_id%3AMLB6713050924,65C6K
2026-09-28T21:44:44-03:00,mercadolivre,loja,Mercado Livre,Mercado Livre,Smart Tv Tcl 65 Polegadas Qd-Mini Led 4k C6k Wifi Bluetooth Google Tv 4 Hdmi 144hz Hdr10+ 65c6k,4063.22,,"10x R$ 436,90 sem juros",,https://www.mercadolivre.com.br/p/MLB50368907?pdp_filters=item_id%3AMLB5446673958,65C6K
2026-09-28T21:44:44-03:00,mercadolivre,loja,Mercado Livre,Mercado Livre,Tcl 4k Qd-mini Led Tv 65 C6k Google Tv,4369.0,,"10x R$ 436,90 sem juros",,https://www.mercadolivre.com.br/tcl-4k-qdmini-led-tv-65-c6k-google-tv/up/MLBU3187349883,65C6K
2026-09-28T21:44:44-03:00,mercadolivre,loja,Mercado Livre,TCL,Smart Tv Tcl 65  Qled Mini Led 4k C6k Wifi Bluetooth 65c6k,4939.0,,"10x R$ 493,90 sem juros",,https://www.mercadolivre.com.br/smart-tv-tcl-65--qled-mini-led-4k-c6k-wifi-bluetooth-65c6k/up/MLBU3933299210,65C6K
2026-09-28T21:44:44-03:00,aliexpress,loja,AliExpress,,"Smart TV 55"" TCL 4K UHD MiniLED 55C6K 120Hz Google TV AiPQ Google Assistente 4 HDMI 2 USB R$ 3.799 R$ 4.199 -9% 4.8 5.000+ vendido(s) Top ve",3799.0,,,,https://pt.aliexpress.com/item/1005009459962683.html,55C6K
2026-09-28T21:44:44-03:00,aliexpress,loja,AliExpress,,"Smart TV 65"" TCL 4K UHD MiniLED 65C6K 120Hz Google TV AiPQ Google Assistente 4 HDMI 2 USB R$ 4.459 R$ 4.899 -8% 4.8 2.000+ vendido(s) Top ve",4459.0,,,,https://pt.aliexpress.com/item/1005009036343124.html,65C6K
2026-09-29T20:45:58-03:00,amazon,loja,Amazon,Amazon.com.br Política de devolução,Smart TV TCL 55 Polegadas QD-Mini LED 4K C6K WiFi Bluetooth Google TV 4 HDMI 144Hz HDR10+ 55C6K,,3599.07,,,https://www.amazon.com.br/dp/B0F7JZMVKF?smid=A1ZZFT5FULY4LN,55C6K
2026-09-29T20:45:58-03:00,amazon,loja,Amazon,TCLSEMP.,Smart TV TCL 55 Polegadas QD-Mini LED 4K C6K WiFi Bluetooth Google TV 4 HDMI 144Hz HDR10+ 55C6K,,3533.05,,,https://www.amazon.com.br/dp/B0F7JZMVKF?smid=A3R1Z59ZORN2J9,55C6K
2026-09-29T20:45:58-03:00,amazon,loja,Amazon,Imagem Hitech FULL,Smart TV TCL 55 Polegadas QD-Mini LED 4K C6K WiFi Bluetooth Google TV 4 HDMI 144Hz HDR10+ 55C6K,,3567.25,,,https://www.amazon.com.br/dp/B0F7JZMVKF?smid=A3POF6EIWE8R8,55C6K
2026-09-29T20:45:58-03:00,amazon,loja,Amazon,Lojas Colombo S/A,Smart TV TCL 55 Polegadas QD-Mini LED 4K C6K WiFi Bluetooth Google TV 4 HDMI 144Hz HDR10+ 55C6K,,4307.03,,,https://www.amazon.com.br/dp/B0F7JZMVKF?smid=A30OZFNW1RCCSM,55C6K
2026-09-29T20:45:58-03:00,amazon,loja,Amazon,Leonfer Shop,Smart TV TCL 55 Polegadas QD-Mini LED 4K C6K WiFi Bluetooth Google TV 4 HDMI 144Hz HDR10+ 55C6K,,5557.4,,,https://www.amazon.com.br/dp/B0F7JZMVKF?smid=A28W2XGABGHXAH,55C6K
2026-09-29T20:45:58-03:00,amazon,loja,Amazon,Magalu.,Smart TV TCL 55 Polegadas QD-Mini LED 4K C6K WiFi Bluetooth Google TV 4 HDMI 144Hz HDR10+ 55C6K,3499.0,3324.05,"12x R$ 291,62 sem juros",,https://www.amazon.com.br/dp/B0F7JZMVKF?smid=ACUNARZFR75ET,55C6K
2026-09-29T20:45:58-03:00,amazon,loja,Amazon,Lojas Colombo S/A,Smart TV TCL 65 Polegadas QD-Mini LED 4K C6K WiFi Bluetooth Google TV 4 HDMI 144Hz HDR10+ 65C6K,,5732.03,,,https://www.amazon.com.br/dp/B0F7K7B2PD?smid=A30OZFNW1RCCSM,65C6K
2026-09-29T20:45:58-03:00,amazon,loja,Amazon,Magalu.,Smart TV TCL 65 Polegadas QD-Mini LED 4K C6K WiFi Bluetooth Google TV 4 HDMI 144Hz HDR10+ 65C6K,4463.99,4234.04,"12x R$ 372,10 sem juros",,https://www.amazon.com.br/dp/B0F7K7B2PD?smid=ACUNARZFR75ET,65C6K
2026-09-29T20:45:58-03:00,mercadolivre,loja,Mercado Livre,,Smart Tv Tcl 55 Polegadas Qd-Mini Led 4k C6k Wifi Bluetooth Google Tv 4 Hdmi 144hz Hdr10+ 55c6k,5299.0,3989.0,,,https://www.mercadolivre.com.br/p/MLB48808732?pdp_filters=item_id%3AMLB6713012362,55C6K
2026-09-29T20:45:58-03:00,mercadolivre,loja,Mercado Livre,Magalu,Smart Tv Tcl 55 Polegadas Qd-Mini Led 4k C6k Wifi Bluetooth Google Tv 4 Hdmi 144hz Hdr10+ 55c6k,3499.0,,"10x R$ 349,90 sem juros",,https://www.mercadolivre.com.br/p/MLB48808732?pdp_filters=item_id%3AMLB7574364080,55C6K
2026-09-29T20:45:58-03:00,mercadolivre,loja,Mercado Livre,TCL,Smart Tv Tcl 55  Qled Mini Led 4k C6k Wifi Bluetooth 55c6k,3989.0,,"10x R$ 398,90 sem juros",,https://www.mercadolivre.com.br/smart-tv-tcl-55--qled-mini-led-4k-c6k-wifi-bluetooth-55c6k/up/MLBU3921703471,55C6K
2026-09-29T20:45:58-03:00,mercadolivre,loja,Mercado Livre,Loja oficial Casas Bahia,Smart Tv Tcl 65 Polegadas Qd-Mini Led 4k C6k Wifi Bluetooth Google Tv 4 Hdmi 144hz Hdr10+ 65c6k,4838.98,4499.0,"10x R$ 449,90 sem juros",,https://www.mercadolivre.com.br/p/MLB50368907?pdp_filters=item_id%3AMLB5888810438,65C6K
2026-09-29T20:45:58-03:00,mercadolivre,loja,Mercado Livre,,Smart Tv Tcl 65 Polegadas Qd-Mini Led 4k C6k Wifi Bluetooth Google Tv 4 Hdmi 144hz Hdr10+ 65c6k,6499.0,4939.0,,,https://www.mercadolivre.com.br/p/MLB50368907?pdp_filters=item_id%3AMLB6713050924,65C6K
2026-09-29T20:45:58-03:00,mercadolivre,loja,Mercado Livre,Casas Bahia,Smart Tv Tcl 65 Polegadas Qd-Mini Led 4k C6k Wifi Bluetooth Google Tv 4 Hdmi 144hz Hdr10+ 65c6k,4499.0,4274.05,,,https://www.mercadolivre.com.br/p/MLB50368907?pdp_filters=item_id%3AMLB4283961617,65C6K
2026-09-29T20:45:58-03:00,aliexpress,loja,AliExpress,,"Smart TV 55"" TCL 4K UHD MiniLED 55C6K 120Hz Google TV AiPQ Google Assistente 4 HDMI 2 USB R$ 3.399 R$ 4.199 -19% 4.8 5.000+ vendido(s) Top v",3399.0,,,,https://pt.aliexpress.com/item/1005009459962683.html,55C6K
2026-09-29T20:45:58-03:00,aliexpress,loja,AliExpress,,"Smart TV 65"" TCL 4K UHD MiniLED 65C6K 120Hz Google TV AiPQ Google Assistente 4 HDMI 2 USB R$ 4.459 R$ 4.899 -8% 4.8 2.000+ vendido(s) Top ve",4459.0,,,,https://pt.aliexpress.com/item/1005009036343124.html,65C6K
2026-09-29T21:14:50-03:00,amazon,loja,Amazon,Amazon.com.br Política de devolução,Smart TV TCL 55 Polegadas QD-Mini LED 4K C6K WiFi Bluetooth Google TV 4 HDMI 144Hz HDR10+ 55C6K,,3599.07,,,https://www.amazon.com.br/dp/B0F7JZMVKF?smid=A1ZZFT5FULY4LN,55C6K
2026-09-29T21:14:50-03:00,amazon,loja,Amazon,TCLSEMP.,Smart TV TCL 55 Polegadas QD-Mini LED 4K C6K WiFi Bluetooth Google TV 4 HDMI 144Hz HDR10+ 55C6K,,3533.05,,,https://www.amazon.com.br/dp/B0F7JZMVKF?smid=A3R1Z59ZORN2J9,55C6K
2026-09-29T21:14:50-03:00,amazon,loja,Amazon,Imagem Hitech FULL,Smart TV TCL 55 Polegadas QD-Mini LED 4K C6K WiFi Bluetooth Google TV 4 HDMI 144Hz HDR10+ 55C6K,,3567.25,,,https://www.amazon.com.br/dp/B0F7JZMVKF?smid=A3POF6EIWE8R8,55C6K
2026-09-29T21:14:50-03:00,amazon,loja,Amazon,Lojas Colombo S/A,Smart TV TCL 55 Polegadas QD-Mini LED 4K C6K WiFi Bluetooth Google TV 4 HDMI 144Hz HDR10+ 55C6K,,4307.03,,,https://www.amazon.com.br/dp/B0F7JZMVKF?smid=A30OZFNW1RCCSM,55C6K
2026-09-29T21:14:50-03:00,amazon,loja,Amazon,Leonfer Shop,Smart TV TCL 55 Polegadas QD-Mini LED 4K C6K WiFi Bluetooth Google TV 4 HDMI 144Hz HDR10+ 55C6K,,5557.4,,,https://www.amazon.com.br/dp/B0F7JZMVKF?smid=A28W2XGABGHXAH,55C6K
2026-09-29T21:14:50-03:00,amazon,loja,Amazon,Magalu.,Smart TV TCL 55 Polegadas QD-Mini LED 4K C6K WiFi Bluetooth Google TV 4 HDMI 144Hz HDR10+ 55C6K,3499.0,3324.05,"12x R$ 291,62 sem juros",,https://www.amazon.com.br/dp/B0F7JZMVKF?smid=ACUNARZFR75ET,55C6K
2026-09-29T21:14:50-03:00,amazon,loja,Amazon,Lojas Colombo S/A,Smart TV TCL 65 Polegadas QD-Mini LED 4K C6K WiFi Bluetooth Google TV 4 HDMI 144Hz HDR10+ 65C6K,,5732.03,,,https://www.amazon.com.br/dp/B0F7K7B2PD?smid=A30OZFNW1RCCSM,65C6K
2026-09-29T21:14:50-03:00,amazon,loja,Amazon,Magalu.,Smart TV TCL 65 Polegadas QD-Mini LED 4K C6K WiFi Bluetooth Google TV 4 HDMI 144Hz HDR10+ 65C6K,4463.99,4234.04,"12x R$ 372,10 sem juros",,https://www.amazon.com.br/dp/B0F7K7B2PD?smid=ACUNARZFR75ET,65C6K
2026-09-29T21:14:50-03:00,mercadolivre,loja,Mercado Livre,,Smart Tv Tcl 55 Polegadas Qd-Mini Led 4k C6k Wifi Bluetooth Google Tv 4 Hdmi 144hz Hdr10+ 55c6k,5299.0,3989.0,,,https://www.mercadolivre.com.br/p/MLB48808732?pdp_filters=item_id%3AMLB6713012362,55C6K
2026-09-29T21:14:50-03:00,mercadolivre,loja,Mercado Livre,Magalu,Smart Tv Tcl 55 Polegadas Qd-Mini Led 4k C6k Wifi Bluetooth Google Tv 4 Hdmi 144hz Hdr10+ 55c6k,3499.0,,"10x R$ 349,90 sem juros",,https://www.mercadolivre.com.br/p/MLB48808732?pdp_filters=item_id%3AMLB7574364080,55C6K
2026-09-29T21:14:50-03:00,mercadolivre,loja,Mercado Livre,TCL,Smart Tv Tcl 55  Qled Mini Led 4k C6k Wifi Bluetooth 55c6k,3989.0,,"10x R$ 398,90 sem juros",,https://www.mercadolivre.com.br/smart-tv-tcl-55--qled-mini-led-4k-c6k-wifi-bluetooth-55c6k/up/MLBU3921703471,55C6K
2026-09-29T21:14:50-03:00,mercadolivre,loja,Mercado Livre,Loja oficial Casas Bahia,Smart Tv Tcl 65 Polegadas Qd-Mini Led 4k C6k Wifi Bluetooth Google Tv 4 Hdmi 144hz Hdr10+ 65c6k,4838.98,4499.0,"10x R$ 449,90 sem juros",,https://www.mercadolivre.com.br/p/MLB50368907?pdp_filters=item_id%3AMLB5888810438,65C6K
2026-09-29T21:14:50-03:00,mercadolivre,loja,Mercado Livre,,Smart Tv Tcl 65 Polegadas Qd-Mini Led 4k C6k Wifi Bluetooth Google Tv 4 Hdmi 144hz Hdr10+ 65c6k,6499.0,4939.0,,,https://www.mercadolivre.com.br/p/MLB50368907?pdp_filters=item_id%3AMLB6713050924,65C6K
2026-09-29T21:14:50-03:00,mercadolivre,loja,Mercado Livre,Casas Bahia,Smart Tv Tcl 65 Polegadas Qd-Mini Led 4k C6k Wifi Bluetooth Google Tv 4 Hdmi 144hz Hdr10+ 65c6k,4499.0,4274.05,,,https://www.mercadolivre.com.br/p/MLB50368907?pdp_filters=item_id%3AMLB4283961617,65C6K
2026-09-29T21:14:50-03:00,aliexpress,loja,AliExpress,,"Smart TV 55"" TCL 4K UHD MiniLED 55C6K 120Hz Google TV AiPQ Google Assistente 4 HDMI 2 USB R$ 3.399 R$ 4.199 -19% 4.8 5.000+ vendido(s) Top v",3399.0,,,,https://pt.aliexpress.com/item/1005009459962683.html,55C6K
2026-09-29T21:14:50-03:00,aliexpress,loja,AliExpress,,"Smart TV 65"" TCL 4K UHD MiniLED 65C6K 120Hz Google TV AiPQ Google Assistente 4 HDMI 2 USB R$ 4.459 R$ 4.899 -8% 4.8 2.000+ vendido(s) Top ve",4459.0,,,,https://pt.aliexpress.com/item/1005009036343124.html,65C6K
2026-09-29T21:44:55-03:00,amazon,loja,Amazon,Amazon.com.br Política de devolução,Smart TV TCL 55 Polegadas QD-Mini LED 4K C6K WiFi Bluetooth Google TV 4 HDMI 144Hz HDR10+ 55C6K,,3599.07,,,https://www.amazon.com.br/dp/B0F7JZMVKF?smid=A1ZZFT5FULY4LN,55C6K
2026-09-29T21:44:55-03:00,amazon,loja,Amazon,TCLSEMP.,Smart TV TCL 55 Polegadas QD-Mini LED 4K C6K WiFi Bluetooth Google TV 4 HDMI 144Hz HDR10+ 55C6K,,3533.05,,,https://www.amazon.com.br/dp/B0F7JZMVKF?smid=A3R1Z59ZORN2J9,55C6K
2026-09-29T21:44:55-03:00,amazon,loja,Amazon,Imagem Hitech FULL,Smart TV TCL 55 Polegadas QD-Mini LED 4K C6K WiFi Bluetooth Google TV 4 HDMI 144Hz HDR10+ 55C6K,,3567.25,,,https://www.amazon.com.br/dp/B0F7JZMVKF?smid=A3POF6EIWE8R8,55C6K
2026-09-29T21:44:55-03:00,amazon,loja,Amazon,Lojas Colombo S/A,Smart TV TCL 55 Polegadas QD-Mini LED 4K C6K WiFi Bluetooth Google TV 4 HDMI 144Hz HDR10+ 55C6K,,4307.03,,,https://www.amazon.com.br/dp/B0F7JZMVKF?smid=A30OZFNW1RCCSM,55C6K
2026-09-29T21:44:55-03:00,amazon,loja,Amazon,Leonfer Shop,Smart TV TCL 55 Polegadas QD-Mini LED 4K C6K WiFi Bluetooth Google TV 4 HDMI 144Hz HDR10+ 55C6K,,5557.4,,,https://www.amazon.com.br/dp/B0F7JZMVKF?smid=A28W2XGABGHXAH,55C6K
2026-09-29T21:44:55-03:00,amazon,loja,Amazon,Magalu.,Smart TV TCL 55 Polegadas QD-Mini LED 4K C6K WiFi Bluetooth Google TV 4 HDMI 144Hz HDR10+ 55C6K,3499.0,3324.05,"12x R$ 291,62 sem juros",,https://www.amazon.com.br/dp/B0F7JZMVKF?smid=ACUNARZFR75ET,55C6K
2026-09-29T21:44:55-03:00,amazon,loja,Amazon,Lojas Colombo S/A,Smart TV TCL 65 Polegadas QD-Mini LED 4K C6K WiFi Bluetooth Google TV 4 HDMI 144Hz HDR10+ 65C6K,,5732.03,,,https://www.amazon.com.br/dp/B0F7K7B2PD?smid=A30OZFNW1RCCSM,65C6K
2026-09-29T21:44:55-03:00,amazon,loja,Amazon,Magalu.,Smart TV TCL 65 Polegadas QD-Mini LED 4K C6K WiFi Bluetooth Google TV 4 HDMI 144Hz HDR10+ 65C6K,4463.99,4234.04,"12x R$ 372,10 sem juros",,https://www.amazon.com.br/dp/B0F7K7B2PD?smid=ACUNARZFR75ET,65C6K
2026-09-29T21:44:55-03:00,mercadolivre,loja,Mercado Livre,,Smart Tv Tcl 55 Polegadas Qd-Mini Led 4k C6k Wifi Bluetooth Google Tv 4 Hdmi 144hz Hdr10+ 55c6k,5299.0,3989.0,,,https://www.mercadolivre.com.br/p/MLB48808732?pdp_filters=item_id%3AMLB6713012362,55C6K
2026-09-29T21:44:55-03:00,mercadolivre,loja,Mercado Livre,Magalu,Smart Tv Tcl 55 Polegadas Qd-Mini Led 4k C6k Wifi Bluetooth Google Tv 4 Hdmi 144hz Hdr10+ 55c6k,3499.0,,"10x R$ 349,90 sem juros",,https://www.mercadolivre.com.br/p/MLB48808732?pdp_filters=item_id%3AMLB7574364080,55C6K
2026-09-29T21:44:55-03:00,mercadolivre,loja,Mercado Livre,TCL,Smart Tv Tcl 55  Qled Mini Led 4k C6k Wifi Bluetooth 55c6k,3989.0,,"10x R$ 398,90 sem juros",,https://www.mercadolivre.com.br/smart-tv-tcl-55--qled-mini-led-4k-c6k-wifi-bluetooth-55c6k/up/MLBU3921703471,55C6K
2026-09-29T21:44:55-03:00,mercadolivre,loja,Mercado Livre,Loja oficial Casas Bahia,Smart Tv Tcl 65 Polegadas Qd-Mini Led 4k C6k Wifi Bluetooth Google Tv 4 Hdmi 144hz Hdr10+ 65c6k,4838.98,4499.0,"10x R$ 449,90 sem juros",,https://www.mercadolivre.com.br/p/MLB50368907?pdp_filters=item_id%3AMLB5888810438,65C6K
2026-09-29T21:44:55-03:00,mercadolivre,loja,Mercado Livre,,Smart Tv Tcl 65 Polegadas Qd-Mini Led 4k C6k Wifi Bluetooth Google Tv 4 Hdmi 144hz Hdr10+ 65c6k,6499.0,4939.0,,,https://www.mercadolivre.com.br/p/MLB50368907?pdp_filters=item_id%3AMLB6713050924,65C6K
2026-09-29T21:44:55-03:00,mercadolivre,loja,Mercado Livre,Casas Bahia,Smart Tv Tcl 65 Polegadas Qd-Mini Led 4k C6k Wifi Bluetooth Google Tv 4 Hdmi 144hz Hdr10+ 65c6k,4499.0,4274.05,,,https://www.mercadolivre.com.br/p/MLB50368907?pdp_filters=item_id%3AMLB4283961617,65C6K
2026-09-29T21:44:55-03:00,aliexpress,loja,AliExpress,,"Smart TV 55"" TCL 4K UHD MiniLED 55C6K 120Hz Google TV AiPQ Google Assistente 4 HDMI 2 USB R$ 3.399 R$ 4.199 -19% 4.8 5.000+ vendido(s) Top v",3399.0,,,,https://pt.aliexpress.com/item/1005009459962683.html,55C6K
2026-09-29T21:44:55-03:00,aliexpress,loja,AliExpress,,"Smart TV 65"" TCL 4K UHD MiniLED 65C6K 120Hz Google TV AiPQ Google Assistente 4 HDMI 2 USB R$ 4.459 R$ 4.899 -8% 4.8 2.000+ vendido(s) Top ve",4459.0,,,,https://pt.aliexpress.com/item/1005009036343124.html,65C6K
2026-09-29T22:14:59-03:00,amazon,loja,Amazon,Amazon.com.br Política de devolução,Smart TV TCL 55 Polegadas QD-Mini LED 4K C6K WiFi Bluetooth Google TV 4 HDMI 144Hz HDR10+ 55C6K,,3599.07,,,https://www.amazon.com.br/dp/B0F7JZMVKF?smid=A1ZZFT5FULY4LN,55C6K
2026-09-29T22:14:59-03:00,amazon,loja,Amazon,TCLSEMP.,Smart TV TCL 55 Polegadas QD-Mini LED 4K C6K WiFi Bluetooth Google TV 4 HDMI 144Hz HDR10+ 55C6K,,3533.05,,,https://www.amazon.com.br/dp/B0F7JZMVKF?smid=A3R1Z59ZORN2J9,55C6K
2026-09-29T22:14:59-03:00,amazon,loja,Amazon,Imagem Hitech FULL,Smart TV TCL 55 Polegadas QD-Mini LED 4K C6K WiFi Bluetooth Google TV 4 HDMI 144Hz HDR10+ 55C6K,,3567.25,,,https://www.amazon.com.br/dp/B0F7JZMVKF?smid=A3POF6EIWE8R8,55C6K
2026-09-29T22:14:59-03:00,amazon,loja,Amazon,Lojas Colombo S/A,Smart TV TCL 55 Polegadas QD-Mini LED 4K C6K WiFi Bluetooth Google TV 4 HDMI 144Hz HDR10+ 55C6K,,4307.03,,,https://www.amazon.com.br/dp/B0F7JZMVKF?smid=A30OZFNW1RCCSM,55C6K
2026-09-29T22:14:59-03:00,amazon,loja,Amazon,Leonfer Shop,Smart TV TCL 55 Polegadas QD-Mini LED 4K C6K WiFi Bluetooth Google TV 4 HDMI 144Hz HDR10+ 55C6K,,5557.4,,,https://www.amazon.com.br/dp/B0F7JZMVKF?smid=A28W2XGABGHXAH,55C6K
2026-09-29T22:14:59-03:00,amazon,loja,Amazon,Magalu.,Smart TV TCL 55 Polegadas QD-Mini LED 4K C6K WiFi Bluetooth Google TV 4 HDMI 144Hz HDR10+ 55C6K,3499.0,3324.05,"12x R$ 291,62 sem juros",,https://www.amazon.com.br/dp/B0F7JZMVKF?smid=ACUNARZFR75ET,55C6K
2026-09-29T22:14:59-03:00,amazon,loja,Amazon,Lojas Colombo S/A,Smart TV TCL 65 Polegadas QD-Mini LED 4K C6K WiFi Bluetooth Google TV 4 HDMI 144Hz HDR10+ 65C6K,,5732.03,,,https://www.amazon.com.br/dp/B0F7K7B2PD?smid=A30OZFNW1RCCSM,65C6K
2026-09-29T22:14:59-03:00,amazon,loja,Amazon,Magalu.,Smart TV TCL 65 Polegadas QD-Mini LED 4K C6K WiFi Bluetooth Google TV 4 HDMI 144Hz HDR10+ 65C6K,4463.99,4234.04,"12x R$ 372,10 sem juros",,https://www.amazon.com.br/dp/B0F7K7B2PD?smid=ACUNARZFR75ET,65C6K
2026-09-29T22:14:59-03:00,mercadolivre,loja,Mercado Livre,,Smart Tv Tcl 55 Polegadas Qd-Mini Led 4k C6k Wifi Bluetooth Google Tv 4 Hdmi 144hz Hdr10+ 55c6k,5299.0,3989.0,,,https://www.mercadolivre.com.br/p/MLB48808732?pdp_filters=item_id%3AMLB6713012362,55C6K
2026-09-29T22:14:59-03:00,mercadolivre,loja,Mercado Livre,Magalu,Smart Tv Tcl 55 Polegadas Qd-Mini Led 4k C6k Wifi Bluetooth Google Tv 4 Hdmi 144hz Hdr10+ 55c6k,3499.0,,"10x R$ 349,90 sem juros",,https://www.mercadolivre.com.br/p/MLB48808732?pdp_filters=item_id%3AMLB7574364080,55C6K
2026-09-29T22:14:59-03:00,mercadolivre,loja,Mercado Livre,TCL,Smart Tv Tcl 55  Qled Mini Led 4k C6k Wifi Bluetooth 55c6k,3989.0,,"10x R$ 398,90 sem juros",,https://www.mercadolivre.com.br/smart-tv-tcl-55--qled-mini-led-4k-c6k-wifi-bluetooth-55c6k/up/MLBU3921703471,55C6K
2026-09-29T22:14:59-03:00,mercadolivre,loja,Mercado Livre,Loja oficial Casas Bahia,Smart Tv Tcl 65 Polegadas Qd-Mini Led 4k C6k Wifi Bluetooth Google Tv 4 Hdmi 144hz Hdr10+ 65c6k,4838.98,4499.0,"10x R$ 449,90 sem juros",,https://www.mercadolivre.com.br/p/MLB50368907?pdp_filters=item_id%3AMLB5888810438,65C6K
2026-09-29T22:14:59-03:00,mercadolivre,loja,Mercado Livre,,Smart Tv Tcl 65 Polegadas Qd-Mini Led 4k C6k Wifi Bluetooth Google Tv 4 Hdmi 144hz Hdr10+ 65c6k,6499.0,4939.0,,,https://www.mercadolivre.com.br/p/MLB50368907?pdp_filters=item_id%3AMLB6713050924,65C6K
2026-09-29T22:14:59-03:00,mercadolivre,loja,Mercado Livre,Casas Bahia,Smart Tv Tcl 65 Polegadas Qd-Mini Led 4k C6k Wifi Bluetooth Google Tv 4 Hdmi 144hz Hdr10+ 65c6k,4499.0,4274.05,,,https://www.mercadolivre.com.br/p/MLB50368907?pdp_filters=item_id%3AMLB4283961617,65C6K
2026-09-29T22:14:59-03:00,aliexpress,loja,AliExpress,,"Smart TV 55"" TCL 4K UHD MiniLED 55C6K 120Hz Google TV AiPQ Google Assistente 4 HDMI 2 USB R$ 3.399 R$ 4.199 -19% 4.8 5.000+ vendido(s) Top v",3399.0,,,,https://pt.aliexpress.com/item/1005009459962683.html,55C6K
2026-09-29T22:14:59-03:00,aliexpress,loja,AliExpress,,"Smart TV 65"" TCL 4K UHD MiniLED 65C6K 120Hz Google TV AiPQ Google Assistente 4 HDMI 2 USB R$ 4.459 R$ 4.899 -8% 4.8 2.000+ vendido(s) Top ve",4459.0,,,,https://pt.aliexpress.com/item/1005009036343124.html,65C6K
2026-10-03T11:49:22-03:00,amazon,loja,Amazon,Amazon.com.br Política de devolução,Smart TV TCL 55 Polegadas QD-Mini LED 4K C6K WiFi Bluetooth Google TV 4 HDMI 144Hz HDR10+ 55C6K,3498.0,,,,https://www.amazon.com.br/dp/B0F7JZMVKF?smid=A1ZZFT5FULY4LN,55C6K
2026-10-03T11:49:22-03:00,amazon,loja,Amazon,Magalu.,Smart TV TCL 55 Polegadas QD-Mini LED 4K C6K WiFi Bluetooth Google TV 4 HDMI 144Hz HDR10+ 55C6K,,3329.1,,,https://www.amazon.com.br/dp/B0F7JZMVKF?smid=ACUNARZFR75ET,55C6K
2026-10-03T11:49:22-03:00,amazon,loja,Amazon,Lojas Colombo S/A,Smart TV TCL 55 Polegadas QD-Mini LED 4K C6K WiFi Bluetooth Google TV 4 HDMI 144Hz HDR10+ 55C6K,,3997.73,,,https://www.amazon.com.br/dp/B0F7JZMVKF?smid=A30OZFNW1RCCSM,55C6K
2026-10-03T11:49:22-03:00,amazon,loja,Amazon,Leonfer Shop,Smart TV TCL 55 Polegadas QD-Mini LED 4K C6K WiFi Bluetooth Google TV 4 HDMI 144Hz HDR10+ 55C6K,,5557.4,,,https://www.amazon.com.br/dp/B0F7JZMVKF?smid=A28W2XGABGHXAH,55C6K
2026-10-03T11:49:22-03:00,amazon,loja,Amazon,TCLSEMP.,Smart TV TCL 55 Polegadas QD-Mini LED 4K C6K WiFi Bluetooth Google TV 4 HDMI 144Hz HDR10+ 55C6K,3599.0,3419.05,"12x R$ 299,99 sem juros",,https://www.amazon.com.br/dp/B0F7JZMVKF?smid=A3R1Z59ZORN2J9,55C6K
2026-10-03T11:49:22-03:00,amazon,loja,Amazon,Magalu.,Smart TV TCL 65 Polegadas QD-Mini LED 4K C6K WiFi Bluetooth Google TV 4 HDMI 144Hz HDR10+ 65C6K,,4229.1,,,https://www.amazon.com.br/dp/B0F7K7B2PD?smid=ACUNARZFR75ET,65C6K
2026-10-03T11:49:22-03:00,amazon,loja,Amazon,Lojas Colombo S/A,Smart TV TCL 65 Polegadas QD-Mini LED 4K C6K WiFi Bluetooth Google TV 4 HDMI 144Hz HDR10+ 65C6K,,5058.19,,,https://www.amazon.com.br/dp/B0F7K7B2PD?smid=A30OZFNW1RCCSM,65C6K
2026-10-03T11:49:22-03:00,amazon,loja,Amazon,Leonfer Shop,Smart TV TCL 65 Polegadas QD-Mini LED 4K C6K WiFi Bluetooth Google TV 4 HDMI 144Hz HDR10+ 65C6K,,6854.15,,,https://www.amazon.com.br/dp/B0F7K7B2PD?smid=A28W2XGABGHXAH,65C6K
2026-10-03T11:49:22-03:00,amazon,loja,Amazon,Amazon.com.br,Smart TV TCL 65 Polegadas QD-Mini LED 4K C6K WiFi Bluetooth Google TV 4 HDMI 144Hz HDR10+ 65C6K,4398.44,4219.08,"12x R$ 366,61 sem juros",,https://www.amazon.com.br/dp/B0F7K7B2PD?smid=A1ZZFT5FULY4LN,65C6K
2026-10-03T11:49:22-03:00,casasbahia,loja,Casas Bahia,Casas Bahia,Smart TV TCL 65 Polegadas 65C6K QD-Mini LED 4K UHD Google TV 144Hz HDR10+,4354.44,3919.0,"10x R$ 435,44 sem juros (cartão Casas Bahia)",,https://www.casasbahia.com.br/smart-tv-65-tcl-65c6k-4k-qd-mini-led-144hz-com-sistema-operacional-google-tv/p/55069453,65C6K
2026-10-03T11:49:22-03:00,mercadolivre,loja,Mercado Livre,Loja oficial Magalu,Smart Tv Tcl 55 Polegadas Qd-Mini Led 4k C6k Wifi Bluetooth Google Tv 4 Hdmi 144hz Hdr10+ 55c6k,3699.0,,"10x R$ 369,90 sem juros",,https://www.mercadolivre.com.br/p/MLB48808732?pdp_filters=item_id%3AMLB7574364080,55C6K
2026-10-03T11:49:22-03:00,mercadolivre,loja,Mercado Livre,Magalu,Smart Tv Tcl 55 Polegadas Qd-Mini Led 4k C6k Wifi Bluetooth Google Tv 4 Hdmi 144hz Hdr10+ 55c6k,3699.0,3514.05,,,https://www.mercadolivre.com.br/p/MLB48808732?pdp_filters=item_id%3AMLB5249073715,55C6K
2026-10-03T11:49:22-03:00,mercadolivre,loja,Mercado Livre,,Smart Tv 55 Pol Tcl 55c6k 4k Qd-mini Led 144hz Google Tv,4599.0,,"10x R$ 489,99 sem juros",,https://www.mercadolivre.com.br/smart-tv-55-pol-tcl-55c6k-4k-qdmini-led-144hz-google-tv/up/MLBU5358336840,55C6K
2026-10-03T11:49:22-03:00,mercadolivre,loja,Mercado Livre,,Smart Tv 65 Pol Tcl 55c6k 4k Qd-mini Led 144hz Google Tv,5299.0,,"10x R$ 559,99 sem juros",,https://www.mercadolivre.com.br/smart-tv-65-pol-tcl-55c6k-4k-qdmini-led-144hz-google-tv/up/MLBU5358792318,55C6K
2026-10-03T11:49:22-03:00,mercadolivre,loja,Mercado Livre,TCL,Smart Tv Tcl 55  Qled Mini Led 4k C6k Wifi Bluetooth 55c6k,5299.0,,"10x R$ 529,90 sem juros",,https://www.mercadolivre.com.br/smart-tv-tcl-55--qled-mini-led-4k-c6k-wifi-bluetooth-55c6k/up/MLBU3921703471,55C6K
2026-10-03T11:49:22-03:00,mercadolivre,loja,Mercado Livre,Mercado Livre,Smart Tv Tcl 65 Polegadas Qd-Mini Led 4k C6k Wifi Bluetooth Google Tv 4 Hdmi 144hz Hdr10+ 65c6k,4299.0,3869.1,,,https://www.mercadolivre.com.br/p/MLB50368907?pdp_filters=item_id%3AMLB5446673958,65C6K
2026-10-03T11:49:22-03:00,mercadolivre,loja,Mercado Livre,Casas Bahia,Smart Tv 65 65c6k 4k Qd-mini Led 144hz Com Google Tv Tcl,4199.0,,"10x R$ 419,90 sem juros",,https://www.mercadolivre.com.br/smart-tv-65-65c6k-4k-qdmini-led-144hz-com-google-tv-tcl/up/MLBU3519154684,65C6K
2026-10-03T11:49:22-03:00,mercadolivre,loja,Mercado Livre,TCL,Smart Tv Tcl 65  Qled Mini Led 4k C6k Wifi Bluetooth 65c6k,6499.0,,"10x R$ 649,90 sem juros",,https://www.mercadolivre.com.br/smart-tv-tcl-65--qled-mini-led-4k-c6k-wifi-bluetooth-65c6k/up/MLBU3933299210,65C6K
2026-10-03T11:49:22-03:00,aliexpress,loja,AliExpress,,"Smart TV 55"" TCL 4K UHD MiniLED 55C6K 120Hz Google TV AiPQ Google Assistente 4 HDMI 2 USB R$ 3.799 R$ 4.199 -9% 4.8 5.000+ vendido(s) Top ve",3799.0,,,,https://pt.aliexpress.com/item/1005009459962683.html,55C6K
2026-10-03T11:49:22-03:00,aliexpress,loja,AliExpress,,"Smart TV 65"" TCL 4K UHD MiniLED 65C6K 120Hz Google TV AiPQ Google Assistente 4 HDMI 2 USB R$ 4.159 R$ 4.899 -15% 4.8 2.000+ vendido(s) Top v",4159.0,,,,https://pt.aliexpress.com/item/1005009036343124.html,65C6K
2026-10-03T12:15:54-03:00,amazon,loja,Amazon,Amazon.com.br Política de devolução,Smart TV TCL 55 Polegadas QD-Mini LED 4K C6K WiFi Bluetooth Google TV 4 HDMI 144Hz HDR10+ 55C6K,3498.0,,,,https://www.amazon.com.br/dp/B0F7JZMVKF?smid=A1ZZFT5FULY4LN,55C6K
2026-10-03T12:15:54-03:00,amazon,loja,Amazon,Magalu.,Smart TV TCL 55 Polegadas QD-Mini LED 4K C6K WiFi Bluetooth Google TV 4 HDMI 144Hz HDR10+ 55C6K,,3329.1,,,https://www.amazon.com.br/dp/B0F7JZMVKF?smid=ACUNARZFR75ET,55C6K
2026-10-03T12:15:54-03:00,amazon,loja,Amazon,Lojas Colombo S/A,Smart TV TCL 55 Polegadas QD-Mini LED 4K C6K WiFi Bluetooth Google TV 4 HDMI 144Hz HDR10+ 55C6K,,3997.73,,,https://www.amazon.com.br/dp/B0F7JZMVKF?smid=A30OZFNW1RCCSM,55C6K
2026-10-03T12:15:54-03:00,amazon,loja,Amazon,Leonfer Shop,Smart TV TCL 55 Polegadas QD-Mini LED 4K C6K WiFi Bluetooth Google TV 4 HDMI 144Hz HDR10+ 55C6K,,5557.4,,,https://www.amazon.com.br/dp/B0F7JZMVKF?smid=A28W2XGABGHXAH,55C6K
2026-10-03T12:15:54-03:00,amazon,loja,Amazon,TCLSEMP.,Smart TV TCL 55 Polegadas QD-Mini LED 4K C6K WiFi Bluetooth Google TV 4 HDMI 144Hz HDR10+ 55C6K,3599.0,3419.05,"12x R$ 299,99 sem juros",,https://www.amazon.com.br/dp/B0F7JZMVKF?smid=A3R1Z59ZORN2J9,55C6K
2026-10-03T12:15:54-03:00,amazon,loja,Amazon,Magalu.,Smart TV TCL 65 Polegadas QD-Mini LED 4K C6K WiFi Bluetooth Google TV 4 HDMI 144Hz HDR10+ 65C6K,,4229.1,,,https://www.amazon.com.br/dp/B0F7K7B2PD?smid=ACUNARZFR75ET,65C6K
2026-10-03T12:15:54-03:00,amazon,loja,Amazon,Lojas Colombo S/A,Smart TV TCL 65 Polegadas QD-Mini LED 4K C6K WiFi Bluetooth Google TV 4 HDMI 144Hz HDR10+ 65C6K,,5058.19,,,https://www.amazon.com.br/dp/B0F7K7B2PD?smid=A30OZFNW1RCCSM,65C6K
2026-10-03T12:15:54-03:00,amazon,loja,Amazon,Leonfer Shop,Smart TV TCL 65 Polegadas QD-Mini LED 4K C6K WiFi Bluetooth Google TV 4 HDMI 144Hz HDR10+ 65C6K,,6854.15,,,https://www.amazon.com.br/dp/B0F7K7B2PD?smid=A28W2XGABGHXAH,65C6K
2026-10-03T12:15:54-03:00,amazon,loja,Amazon,Amazon.com.br,Smart TV TCL 65 Polegadas QD-Mini LED 4K C6K WiFi Bluetooth Google TV 4 HDMI 144Hz HDR10+ 65C6K,4299.0,4084.06,"12x R$ 358,25 sem juros",,https://www.amazon.com.br/dp/B0F7K7B2PD?smid=A1ZZFT5FULY4LN,65C6K
2026-10-03T12:15:54-03:00,casasbahia,loja,Casas Bahia,Casas Bahia,Smart TV TCL 65 Polegadas 65C6K QD-Mini LED 4K UHD Google TV 144Hz HDR10+,4354.44,3919.0,"10x R$ 435,44 sem juros (cartão Casas Bahia)",,https://www.casasbahia.com.br/smart-tv-65-tcl-65c6k-4k-qd-mini-led-144hz-com-sistema-operacional-google-tv/p/55069453,65C6K
2026-10-03T12:15:54-03:00,mercadolivre,loja,Mercado Livre,Loja oficial Magalu,Smart Tv Tcl 55 Polegadas Qd-Mini Led 4k C6k Wifi Bluetooth Google Tv 4 Hdmi 144hz Hdr10+ 55c6k,3699.0,,"10x R$ 369,90 sem juros",,https://www.mercadolivre.com.br/p/MLB48808732?pdp_filters=item_id%3AMLB7574364080,55C6K
2026-10-03T12:15:54-03:00,mercadolivre,loja,Mercado Livre,Magalu,Smart Tv Tcl 55 Polegadas Qd-Mini Led 4k C6k Wifi Bluetooth Google Tv 4 Hdmi 144hz Hdr10+ 55c6k,3699.0,3514.05,,,https://www.mercadolivre.com.br/p/MLB48808732?pdp_filters=item_id%3AMLB5249073715,55C6K
2026-10-03T12:15:54-03:00,mercadolivre,loja,Mercado Livre,,Smart Tv 55 Pol Tcl 55c6k 4k Qd-mini Led 144hz Google Tv,4599.0,,"10x R$ 489,99 sem juros",,https://www.mercadolivre.com.br/smart-tv-55-pol-tcl-55c6k-4k-qdmini-led-144hz-google-tv/up/MLBU5358336840,55C6K
2026-10-03T12:15:54-03:00,mercadolivre,loja,Mercado Livre,,Smart Tv 65 Pol Tcl 55c6k 4k Qd-mini Led 144hz Google Tv,5299.0,,"10x R$ 559,99 sem juros",,https://www.mercadolivre.com.br/smart-tv-65-pol-tcl-55c6k-4k-qdmini-led-144hz-google-tv/up/MLBU5358792318,55C6K
2026-10-03T12:15:54-03:00,mercadolivre,loja,Mercado Livre,TCL,Smart Tv Tcl 55  Qled Mini Led 4k C6k Wifi Bluetooth 55c6k,5299.0,,"10x R$ 529,90 sem juros",,https://www.mercadolivre.com.br/smart-tv-tcl-55--qled-mini-led-4k-c6k-wifi-bluetooth-55c6k/up/MLBU3921703471,55C6K
2026-10-03T12:15:54-03:00,mercadolivre,loja,Mercado Livre,Mercado Livre,Smart Tv Tcl 65 Polegadas Qd-Mini Led 4k C6k Wifi Bluetooth Google Tv 4 Hdmi 144hz Hdr10+ 65c6k,4299.0,3869.1,,,https://www.mercadolivre.com.br/p/MLB50368907?pdp_filters=item_id%3AMLB5446673958,65C6K
2026-10-03T12:15:54-03:00,mercadolivre,loja,Mercado Livre,Casas Bahia,Smart Tv 65 65c6k 4k Qd-mini Led 144hz Com Google Tv Tcl,4199.0,,"10x R$ 419,90 sem juros",,https://www.mercadolivre.com.br/smart-tv-65-65c6k-4k-qdmini-led-144hz-com-google-tv-tcl/up/MLBU3519154684,65C6K
2026-10-03T12:15:54-03:00,mercadolivre,loja,Mercado Livre,TCL,Smart Tv Tcl 65  Qled Mini Led 4k C6k Wifi Bluetooth 65c6k,6499.0,,"10x R$ 649,90 sem juros",,https://www.mercadolivre.com.br/smart-tv-tcl-65--qled-mini-led-4k-c6k-wifi-bluetooth-65c6k/up/MLBU3933299210,65C6K
2026-10-03T12:15:54-03:00,aliexpress,loja,AliExpress,,"Smart TV 55"" TCL 4K UHD MiniLED 55C6K 120Hz Google TV AiPQ Google Assistente 4 HDMI 2 USB R$ 3.799 R$ 4.199 -9% 4.8 5.000+ vendido(s) Top ve",3799.0,,,,https://pt.aliexpress.com/item/1005009459962683.html,55C6K
2026-10-03T12:15:54-03:00,aliexpress,loja,AliExpress,,"Smart TV 65"" TCL 4K UHD MiniLED 65C6K 120Hz Google TV AiPQ Google Assistente 4 HDMI 2 USB R$ 4.159 R$ 4.899 -15% 4.8 2.000+ vendido(s) Top v",4159.0,,,,https://pt.aliexpress.com/item/1005009036343124.html,65C6K
2026-10-03T12:45:09-03:00,amazon,loja,Amazon,Amazon.com.br Política de devolução,Smart TV TCL 55 Polegadas QD-Mini LED 4K C6K WiFi Bluetooth Google TV 4 HDMI 144Hz HDR10+ 55C6K,3498.0,,,,https://www.amazon.com.br/dp/B0F7JZMVKF?smid=A1ZZFT5FULY4LN,55C6K
2026-10-03T12:45:09-03:00,amazon,loja,Amazon,Magalu.,Smart TV TCL 55 Polegadas QD-Mini LED 4K C6K WiFi Bluetooth Google TV 4 HDMI 144Hz HDR10+ 55C6K,,3329.1,,,https://www.amazon.com.br/dp/B0F7JZMVKF?smid=ACUNARZFR75ET,55C6K
2026-10-03T12:45:09-03:00,amazon,loja,Amazon,Lojas Colombo S/A,Smart TV TCL 55 Polegadas QD-Mini LED 4K C6K WiFi Bluetooth Google TV 4 HDMI 144Hz HDR10+ 55C6K,,3997.73,,,https://www.amazon.com.br/dp/B0F7JZMVKF?smid=A30OZFNW1RCCSM,55C6K
2026-10-03T12:45:09-03:00,amazon,loja,Amazon,Leonfer Shop,Smart TV TCL 55 Polegadas QD-Mini LED 4K C6K WiFi Bluetooth Google TV 4 HDMI 144Hz HDR10+ 55C6K,,5557.4,,,https://www.amazon.com.br/dp/B0F7JZMVKF?smid=A28W2XGABGHXAH,55C6K
2026-10-03T12:45:09-03:00,amazon,loja,Amazon,TCLSEMP.,Smart TV TCL 55 Polegadas QD-Mini LED 4K C6K WiFi Bluetooth Google TV 4 HDMI 144Hz HDR10+ 55C6K,3599.0,3419.05,"12x R$ 299,99 sem juros",,https://www.amazon.com.br/dp/B0F7JZMVKF?smid=A3R1Z59ZORN2J9,55C6K
2026-10-03T12:45:09-03:00,amazon,loja,Amazon,Magalu.,Smart TV TCL 65 Polegadas QD-Mini LED 4K C6K WiFi Bluetooth Google TV 4 HDMI 144Hz HDR10+ 65C6K,,4229.1,,,https://www.amazon.com.br/dp/B0F7K7B2PD?smid=ACUNARZFR75ET,65C6K
2026-10-03T12:45:09-03:00,amazon,loja,Amazon,Lojas Colombo S/A,Smart TV TCL 65 Polegadas QD-Mini LED 4K C6K WiFi Bluetooth Google TV 4 HDMI 144Hz HDR10+ 65C6K,,5058.19,,,https://www.amazon.com.br/dp/B0F7K7B2PD?smid=A30OZFNW1RCCSM,65C6K
2026-10-03T12:45:09-03:00,amazon,loja,Amazon,Leonfer Shop,Smart TV TCL 65 Polegadas QD-Mini LED 4K C6K WiFi Bluetooth Google TV 4 HDMI 144Hz HDR10+ 65C6K,,6854.15,,,https://www.amazon.com.br/dp/B0F7K7B2PD?smid=A28W2XGABGHXAH,65C6K
2026-10-03T12:45:09-03:00,amazon,loja,Amazon,Amazon.com.br,Smart TV TCL 65 Polegadas QD-Mini LED 4K C6K WiFi Bluetooth Google TV 4 HDMI 144Hz HDR10+ 65C6K,4299.0,4084.06,"12x R$ 358,25 sem juros",,https://www.amazon.com.br/dp/B0F7K7B2PD?smid=A1ZZFT5FULY4LN,65C6K
2026-10-03T12:45:09-03:00,mercadolivre,loja,Mercado Livre,Loja oficial Magalu,Smart Tv Tcl 55 Polegadas Qd-Mini Led 4k C6k Wifi Bluetooth Google Tv 4 Hdmi 144hz Hdr10+ 55c6k,3699.0,,"10x R$ 369,90 sem juros",,https://www.mercadolivre.com.br/p/MLB48808732?pdp_filters=item_id%3AMLB7574364080,55C6K
2026-10-03T12:45:09-03:00,mercadolivre,loja,Mercado Livre,Magalu,Smart Tv Tcl 55 Polegadas Qd-Mini Led 4k C6k Wifi Bluetooth Google Tv 4 Hdmi 144hz Hdr10+ 55c6k,3699.0,3514.05,,,https://www.mercadolivre.com.br/p/MLB48808732?pdp_filters=item_id%3AMLB5249073715,55C6K
2026-10-03T12:45:09-03:00,mercadolivre,loja,Mercado Livre,,Smart Tv 55 Pol Tcl 55c6k 4k Qd-mini Led 144hz Google Tv,4599.0,,"10x R$ 489,99 sem juros",,https://www.mercadolivre.com.br/smart-tv-55-pol-tcl-55c6k-4k-qdmini-led-144hz-google-tv/up/MLBU5358336840,55C6K
2026-10-03T12:45:09-03:00,mercadolivre,loja,Mercado Livre,,Smart Tv 65 Pol Tcl 55c6k 4k Qd-mini Led 144hz Google Tv,5299.0,,"10x R$ 559,99 sem juros",,https://www.mercadolivre.com.br/smart-tv-65-pol-tcl-55c6k-4k-qdmini-led-144hz-google-tv/up/MLBU5358792318,55C6K
2026-10-03T12:45:09-03:00,mercadolivre,loja,Mercado Livre,TCL,Smart Tv Tcl 55  Qled Mini Led 4k C6k Wifi Bluetooth 55c6k,5299.0,,"10x R$ 529,90 sem juros",,https://www.mercadolivre.com.br/smart-tv-tcl-55--qled-mini-led-4k-c6k-wifi-bluetooth-55c6k/up/MLBU3921703471,55C6K
2026-10-03T12:45:09-03:00,mercadolivre,loja,Mercado Livre,Mercado Livre,Smart Tv Tcl 65 Polegadas Qd-Mini Led 4k C6k Wifi Bluetooth Google Tv 4 Hdmi 144hz Hdr10+ 65c6k,4299.0,3869.1,,,https://www.mercadolivre.com.br/p/MLB50368907?pdp_filters=item_id%3AMLB5446673958,65C6K
2026-10-03T12:45:09-03:00,mercadolivre,loja,Mercado Livre,Casas Bahia,Smart Tv 65 65c6k 4k Qd-mini Led 144hz Com Google Tv Tcl,4199.0,,"10x R$ 419,90 sem juros",,https://www.mercadolivre.com.br/smart-tv-65-65c6k-4k-qdmini-led-144hz-com-google-tv-tcl/up/MLBU3519154684,65C6K
2026-10-03T12:45:09-03:00,mercadolivre,loja,Mercado Livre,TCL,Smart Tv Tcl 65  Qled Mini Led 4k C6k Wifi Bluetooth 65c6k,6499.0,,"10x R$ 649,90 sem juros",,https://www.mercadolivre.com.br/smart-tv-tcl-65--qled-mini-led-4k-c6k-wifi-bluetooth-65c6k/up/MLBU3933299210,65C6K
2026-10-03T12:45:09-03:00,aliexpress,loja,AliExpress,,"Smart TV 55"" TCL 4K UHD MiniLED 55C6K 120Hz Google TV AiPQ Google Assistente 4 HDMI 2 USB R$ 3.799 R$ 4.199 -9% 4.8 5.000+ vendido(s) Top ve",3799.0,,,,https://pt.aliexpress.com/item/1005009459962683.html,55C6K
2026-10-03T12:45:09-03:00,aliexpress,loja,AliExpress,,"Smart TV 65"" TCL 4K UHD MiniLED 65C6K 120Hz Google TV AiPQ Google Assistente 4 HDMI 2 USB R$ 4.159 R$ 4.899 -15% 4.8 2.000+ vendido(s) Top v",4159.0,,,,https://pt.aliexpress.com/item/1005009036343124.html,65C6K
2026-10-03T13:35:10-03:00,amazon,loja,Amazon,Amazon.com.br Política de devolução,Smart TV TCL 55 Polegadas QD-Mini LED 4K C6K WiFi Bluetooth Google TV 4 HDMI 144Hz HDR10+ 55C6K,3498.0,,,,https://www.amazon.com.br/dp/B0F7JZMVKF?smid=A1ZZFT5FULY4LN,55C6K
2026-10-03T13:35:10-03:00,amazon,loja,Amazon,Magalu.,Smart TV TCL 55 Polegadas QD-Mini LED 4K C6K WiFi Bluetooth Google TV 4 HDMI 144Hz HDR10+ 55C6K,,3329.1,,,https://www.amazon.com.br/dp/B0F7JZMVKF?smid=ACUNARZFR75ET,55C6K
2026-10-03T13:35:10-03:00,amazon,loja,Amazon,Lojas Colombo S/A,Smart TV TCL 55 Polegadas QD-Mini LED 4K C6K WiFi Bluetooth Google TV 4 HDMI 144Hz HDR10+ 55C6K,,3997.73,,,https://www.amazon.com.br/dp/B0F7JZMVKF?smid=A30OZFNW1RCCSM,55C6K
2026-10-03T13:35:10-03:00,amazon,loja,Amazon,Leonfer Shop,Smart TV TCL 55 Polegadas QD-Mini LED 4K C6K WiFi Bluetooth Google TV 4 HDMI 144Hz HDR10+ 55C6K,,5557.4,,,https://www.amazon.com.br/dp/B0F7JZMVKF?smid=A28W2XGABGHXAH,55C6K
2026-10-03T13:35:10-03:00,amazon,loja,Amazon,TCLSEMP.,Smart TV TCL 55 Polegadas QD-Mini LED 4K C6K WiFi Bluetooth Google TV 4 HDMI 144Hz HDR10+ 55C6K,3599.0,3419.05,"12x R$ 299,99 sem juros",,https://www.amazon.com.br/dp/B0F7JZMVKF?smid=A3R1Z59ZORN2J9,55C6K
2026-10-03T13:35:10-03:00,amazon,loja,Amazon,Magalu.,Smart TV TCL 65 Polegadas QD-Mini LED 4K C6K WiFi Bluetooth Google TV 4 HDMI 144Hz HDR10+ 65C6K,,4229.1,,,https://www.amazon.com.br/dp/B0F7K7B2PD?smid=ACUNARZFR75ET,65C6K
2026-10-03T13:35:10-03:00,amazon,loja,Amazon,Lojas Colombo S/A,Smart TV TCL 65 Polegadas QD-Mini LED 4K C6K WiFi Bluetooth Google TV 4 HDMI 144Hz HDR10+ 65C6K,,5058.19,,,https://www.amazon.com.br/dp/B0F7K7B2PD?smid=A30OZFNW1RCCSM,65C6K
2026-10-03T13:35:10-03:00,amazon,loja,Amazon,Leonfer Shop,Smart TV TCL 65 Polegadas QD-Mini LED 4K C6K WiFi Bluetooth Google TV 4 HDMI 144Hz HDR10+ 65C6K,,6854.15,,,https://www.amazon.com.br/dp/B0F7K7B2PD?smid=A28W2XGABGHXAH,65C6K
2026-10-03T13:35:10-03:00,amazon,loja,Amazon,Amazon.com.br,Smart TV TCL 65 Polegadas QD-Mini LED 4K C6K WiFi Bluetooth Google TV 4 HDMI 144Hz HDR10+ 65C6K,4299.0,4084.06,"12x R$ 358,25 sem juros",,https://www.amazon.com.br/dp/B0F7K7B2PD?smid=A1ZZFT5FULY4LN,65C6K
2026-10-03T13:35:10-03:00,mercadolivre,loja,Mercado Livre,Loja oficial Magalu,Smart Tv Tcl 55 Polegadas Qd-Mini Led 4k C6k Wifi Bluetooth Google Tv 4 Hdmi 144hz Hdr10+ 55c6k,3699.0,,"10x R$ 369,90 sem juros",,https://www.mercadolivre.com.br/p/MLB48808732?pdp_filters=item_id%3AMLB7574364080,55C6K
2026-10-03T13:35:10-03:00,mercadolivre,loja,Mercado Livre,Magalu,Smart Tv Tcl 55 Polegadas Qd-Mini Led 4k C6k Wifi Bluetooth Google Tv 4 Hdmi 144hz Hdr10+ 55c6k,3699.0,3514.05,,,https://www.mercadolivre.com.br/p/MLB48808732?pdp_filters=item_id%3AMLB5249073715,55C6K
2026-10-03T13:35:10-03:00,mercadolivre,loja,Mercado Livre,,Smart Tv 55 Pol Tcl 55c6k 4k Qd-mini Led 144hz Google Tv,4599.0,,"10x R$ 489,99 sem juros",,https://www.mercadolivre.com.br/smart-tv-55-pol-tcl-55c6k-4k-qdmini-led-144hz-google-tv/up/MLBU5358336840,55C6K
2026-10-03T13:35:10-03:00,mercadolivre,loja,Mercado Livre,,Smart Tv 65 Pol Tcl 55c6k 4k Qd-mini Led 144hz Google Tv,5299.0,,"10x R$ 559,99 sem juros",,https://www.mercadolivre.com.br/smart-tv-65-pol-tcl-55c6k-4k-qdmini-led-144hz-google-tv/up/MLBU5358792318,55C6K
2026-10-03T13:35:10-03:00,mercadolivre,loja,Mercado Livre,TCL,Smart Tv Tcl 55  Qled Mini Led 4k C6k Wifi Bluetooth 55c6k,5299.0,,"10x R$ 529,90 sem juros",,https://www.mercadolivre.com.br/smart-tv-tcl-55--qled-mini-led-4k-c6k-wifi-bluetooth-55c6k/up/MLBU3921703471,55C6K
2026-10-03T13:35:10-03:00,mercadolivre,loja,Mercado Livre,Mercado Livre,Smart Tv Tcl 65 Polegadas Qd-Mini Led 4k C6k Wifi Bluetooth Google Tv 4 Hdmi 144hz Hdr10+ 65c6k,4299.0,3869.1,,,https://www.mercadolivre.com.br/p/MLB50368907?pdp_filters=item_id%3AMLB5446673958,65C6K
2026-10-03T13:35:10-03:00,mercadolivre,loja,Mercado Livre,Casas Bahia,Smart Tv 65 65c6k 4k Qd-mini Led 144hz Com Google Tv Tcl,4199.0,,"10x R$ 419,90 sem juros",,https://www.mercadolivre.com.br/smart-tv-65-65c6k-4k-qdmini-led-144hz-com-google-tv-tcl/up/MLBU3519154684,65C6K
2026-10-03T13:35:10-03:00,mercadolivre,loja,Mercado Livre,TCL,Smart Tv Tcl 65  Qled Mini Led 4k C6k Wifi Bluetooth 65c6k,6499.0,,"10x R$ 649,90 sem juros",,https://www.mercadolivre.com.br/smart-tv-tcl-65--qled-mini-led-4k-c6k-wifi-bluetooth-65c6k/up/MLBU3933299210,65C6K
2026-10-03T13:35:10-03:00,aliexpress,loja,AliExpress,,"Smart TV 55"" TCL 4K UHD MiniLED 55C6K 120Hz Google TV AiPQ Google Assistente 4 HDMI 2 USB R$ 3.799 R$ 4.199 -9% 4.8 5.000+ vendido(s) Top ve",3799.0,,,,https://pt.aliexpress.com/item/1005009459962683.html,55C6K
2026-10-03T13:35:10-03:00,aliexpress,loja,AliExpress,,"Smart TV 65"" TCL 4K UHD MiniLED 65C6K 120Hz Google TV AiPQ Google Assistente 4 HDMI 2 USB R$ 4.159 R$ 4.899 -15% 4.8 2.000+ vendido(s) Top v",4159.0,,,,https://pt.aliexpress.com/item/1005009036343124.html,65C6K
2026-10-03T14:15:00-03:00,amazon,loja,Amazon,Amazon.com.br Política de devolução,Smart TV TCL 55 Polegadas QD-Mini LED 4K C6K WiFi Bluetooth Google TV 4 HDMI 144Hz HDR10+ 55C6K,3498.0,,,,https://www.amazon.com.br/dp/B0F7JZMVKF?smid=A1ZZFT5FULY4LN,55C6K
2026-10-03T14:15:00-03:00,amazon,loja,Amazon,Magalu.,Smart TV TCL 55 Polegadas QD-Mini LED 4K C6K WiFi Bluetooth Google TV 4 HDMI 144Hz HDR10+ 55C6K,,3329.1,,,https://www.amazon.com.br/dp/B0F7JZMVKF?smid=ACUNARZFR75ET,55C6K
2026-10-03T14:15:00-03:00,amazon,loja,Amazon,Lojas Colombo S/A,Smart TV TCL 55 Polegadas QD-Mini LED 4K C6K WiFi Bluetooth Google TV 4 HDMI 144Hz HDR10+ 55C6K,,3997.73,,,https://www.amazon.com.br/dp/B0F7JZMVKF?smid=A30OZFNW1RCCSM,55C6K
2026-10-03T14:15:00-03:00,amazon,loja,Amazon,Leonfer Shop,Smart TV TCL 55 Polegadas QD-Mini LED 4K C6K WiFi Bluetooth Google TV 4 HDMI 144Hz HDR10+ 55C6K,,5557.4,,,https://www.amazon.com.br/dp/B0F7JZMVKF?smid=A28W2XGABGHXAH,55C6K
2026-10-03T14:15:00-03:00,amazon,loja,Amazon,TCLSEMP.,Smart TV TCL 55 Polegadas QD-Mini LED 4K C6K WiFi Bluetooth Google TV 4 HDMI 144Hz HDR10+ 55C6K,3599.0,3419.05,"12x R$ 299,99 sem juros",,https://www.amazon.com.br/dp/B0F7JZMVKF?smid=A3R1Z59ZORN2J9,55C6K
2026-10-03T14:15:00-03:00,amazon,loja,Amazon,Magalu.,Smart TV TCL 65 Polegadas QD-Mini LED 4K C6K WiFi Bluetooth Google TV 4 HDMI 144Hz HDR10+ 65C6K,,4229.1,,,https://www.amazon.com.br/dp/B0F7K7B2PD?smid=ACUNARZFR75ET,65C6K
2026-10-03T14:15:00-03:00,amazon,loja,Amazon,Lojas Colombo S/A,Smart TV TCL 65 Polegadas QD-Mini LED 4K C6K WiFi Bluetooth Google TV 4 HDMI 144Hz HDR10+ 65C6K,,5058.19,,,https://www.amazon.com.br/dp/B0F7K7B2PD?smid=A30OZFNW1RCCSM,65C6K
2026-10-03T14:15:00-03:00,amazon,loja,Amazon,Leonfer Shop,Smart TV TCL 65 Polegadas QD-Mini LED 4K C6K WiFi Bluetooth Google TV 4 HDMI 144Hz HDR10+ 65C6K,,6854.15,,,https://www.amazon.com.br/dp/B0F7K7B2PD?smid=A28W2XGABGHXAH,65C6K
2026-10-03T14:15:00-03:00,amazon,loja,Amazon,Amazon.com.br,Smart TV TCL 65 Polegadas QD-Mini LED 4K C6K WiFi Bluetooth Google TV 4 HDMI 144Hz HDR10+ 65C6K,4299.0,4084.06,"12x R$ 358,25 sem juros",,https://www.amazon.com.br/dp/B0F7K7B2PD?smid=A1ZZFT5FULY4LN,65C6K
2026-10-03T14:15:00-03:00,mercadolivre,loja,Mercado Livre,Loja oficial Magalu,Smart Tv Tcl 55 Polegadas Qd-Mini Led 4k C6k Wifi Bluetooth Google Tv 4 Hdmi 144hz Hdr10+ 55c6k,3699.0,,"10x R$ 369,90 sem juros",,https://www.mercadolivre.com.br/p/MLB48808732?pdp_filters=item_id%3AMLB7574364080,55C6K
2026-10-03T14:15:00-03:00,mercadolivre,loja,Mercado Livre,Magalu,Smart Tv Tcl 55 Polegadas Qd-Mini Led 4k C6k Wifi Bluetooth Google Tv 4 Hdmi 144hz Hdr10+ 55c6k,3699.0,3514.05,,,https://www.mercadolivre.com.br/p/MLB48808732?pdp_filters=item_id%3AMLB5249073715,55C6K
2026-10-03T14:15:00-03:00,mercadolivre,loja,Mercado Livre,,Smart Tv 55 Pol Tcl 55c6k 4k Qd-mini Led 144hz Google Tv,4599.0,,"10x R$ 489,99 sem juros",,https://www.mercadolivre.com.br/smart-tv-55-pol-tcl-55c6k-4k-qdmini-led-144hz-google-tv/up/MLBU5358336840,55C6K
2026-10-03T14:15:00-03:00,mercadolivre,loja,Mercado Livre,,Smart Tv 65 Pol Tcl 55c6k 4k Qd-mini Led 144hz Google Tv,5299.0,,"10x R$ 559,99 sem juros",,https://www.mercadolivre.com.br/smart-tv-65-pol-tcl-55c6k-4k-qdmini-led-144hz-google-tv/up/MLBU5358792318,55C6K
2026-10-03T14:15:00-03:00,mercadolivre,loja,Mercado Livre,TCL,Smart Tv Tcl 55  Qled Mini Led 4k C6k Wifi Bluetooth 55c6k,5299.0,,"10x R$ 529,90 sem juros",,https://www.mercadolivre.com.br/smart-tv-tcl-55--qled-mini-led-4k-c6k-wifi-bluetooth-55c6k/up/MLBU3921703471,55C6K
2026-10-03T14:15:00-03:00,mercadolivre,loja,Mercado Livre,Mercado Livre,Smart Tv Tcl 65 Polegadas Qd-Mini Led 4k C6k Wifi Bluetooth Google Tv 4 Hdmi 144hz Hdr10+ 65c6k,4299.0,3869.1,,,https://www.mercadolivre.com.br/p/MLB50368907?pdp_filters=item_id%3AMLB5446673958,65C6K
2026-10-03T14:15:00-03:00,mercadolivre,loja,Mercado Livre,Casas Bahia,Smart Tv 65 65c6k 4k Qd-mini Led 144hz Com Google Tv Tcl,4199.0,,"10x R$ 419,90 sem juros",,https://www.mercadolivre.com.br/smart-tv-65-65c6k-4k-qdmini-led-144hz-com-google-tv-tcl/up/MLBU3519154684,65C6K
2026-10-03T14:15:00-03:00,mercadolivre,loja,Mercado Livre,TCL,Smart Tv Tcl 65  Qled Mini Led 4k C6k Wifi Bluetooth 65c6k,6499.0,,"10x R$ 649,90 sem juros",,https://www.mercadolivre.com.br/smart-tv-tcl-65--qled-mini-led-4k-c6k-wifi-bluetooth-65c6k/up/MLBU3933299210,65C6K
2026-10-03T14:15:00-03:00,aliexpress,loja,AliExpress,,"Smart TV 55"" TCL 4K UHD MiniLED 55C6K 120Hz Google TV AiPQ Google Assistente 4 HDMI 2 USB R$ 3.799 R$ 4.199 -9% 4.8 5.000+ vendido(s) Top ve",3799.0,,,,https://pt.aliexpress.com/item/1005009459962683.html,55C6K
2026-10-03T14:15:00-03:00,aliexpress,loja,AliExpress,,"Smart TV 65"" TCL 4K UHD MiniLED 65C6K 120Hz Google TV AiPQ Google Assistente 4 HDMI 2 USB R$ 4.159 R$ 4.899 -15% 4.8 2.000+ vendido(s) Top v",4159.0,,,,https://pt.aliexpress.com/item/1005009036343124.html,65C6K
2026-10-03T14:45:56-03:00,amazon,loja,Amazon,Amazon.com.br Política de devolução,Smart TV TCL 55 Polegadas QD-Mini LED 4K C6K WiFi Bluetooth Google TV 4 HDMI 144Hz HDR10+ 55C6K,3498.0,,,,https://www.amazon.com.br/dp/B0F7JZMVKF?smid=A1ZZFT5FULY4LN,55C6K
2026-10-03T14:45:56-03:00,amazon,loja,Amazon,Magalu.,Smart TV TCL 55 Polegadas QD-Mini LED 4K C6K WiFi Bluetooth Google TV 4 HDMI 144Hz HDR10+ 55C6K,,3329.1,,,https://www.amazon.com.br/dp/B0F7JZMVKF?smid=ACUNARZFR75ET,55C6K
2026-10-03T14:45:56-03:00,amazon,loja,Amazon,Lojas Colombo S/A,Smart TV TCL 55 Polegadas QD-Mini LED 4K C6K WiFi Bluetooth Google TV 4 HDMI 144Hz HDR10+ 55C6K,,3997.73,,,https://www.amazon.com.br/dp/B0F7JZMVKF?smid=A30OZFNW1RCCSM,55C6K
2026-10-03T14:45:56-03:00,amazon,loja,Amazon,Leonfer Shop,Smart TV TCL 55 Polegadas QD-Mini LED 4K C6K WiFi Bluetooth Google TV 4 HDMI 144Hz HDR10+ 55C6K,,5557.4,,,https://www.amazon.com.br/dp/B0F7JZMVKF?smid=A28W2XGABGHXAH,55C6K
2026-10-03T14:45:56-03:00,amazon,loja,Amazon,TCLSEMP.,Smart TV TCL 55 Polegadas QD-Mini LED 4K C6K WiFi Bluetooth Google TV 4 HDMI 144Hz HDR10+ 55C6K,3599.0,3419.05,"12x R$ 299,99 sem juros",,https://www.amazon.com.br/dp/B0F7JZMVKF?smid=A3R1Z59ZORN2J9,55C6K
2026-10-03T14:45:56-03:00,amazon,loja,Amazon,Magalu.,Smart TV TCL 65 Polegadas QD-Mini LED 4K C6K WiFi Bluetooth Google TV 4 HDMI 144Hz HDR10+ 65C6K,,4229.1,,,https://www.amazon.com.br/dp/B0F7K7B2PD?smid=ACUNARZFR75ET,65C6K
2026-10-03T14:45:56-03:00,amazon,loja,Amazon,Lojas Colombo S/A,Smart TV TCL 65 Polegadas QD-Mini LED 4K C6K WiFi Bluetooth Google TV 4 HDMI 144Hz HDR10+ 65C6K,,5058.19,,,https://www.amazon.com.br/dp/B0F7K7B2PD?smid=A30OZFNW1RCCSM,65C6K
2026-10-03T14:45:56-03:00,amazon,loja,Amazon,Leonfer Shop,Smart TV TCL 65 Polegadas QD-Mini LED 4K C6K WiFi Bluetooth Google TV 4 HDMI 144Hz HDR10+ 65C6K,,6854.15,,,https://www.amazon.com.br/dp/B0F7K7B2PD?smid=A28W2XGABGHXAH,65C6K
2026-10-03T14:45:56-03:00,amazon,loja,Amazon,Amazon.com.br,Smart TV TCL 65 Polegadas QD-Mini LED 4K C6K WiFi Bluetooth Google TV 4 HDMI 144Hz HDR10+ 65C6K,4299.0,4084.06,"12x R$ 358,25 sem juros",,https://www.amazon.com.br/dp/B0F7K7B2PD?smid=A1ZZFT5FULY4LN,65C6K
2026-10-03T14:45:56-03:00,casasbahia,loja,Casas Bahia,Casas Bahia,Smart TV TCL 65 Polegadas 65C6K QD-Mini LED 4K UHD Google TV 144Hz HDR10+,4354.44,3919.0,"10x R$ 435,44 sem juros (cartão Casas Bahia)",,https://www.casasbahia.com.br/smart-tv-65-tcl-65c6k-4k-qd-mini-led-144hz-com-sistema-operacional-google-tv/p/55069453,65C6K
2026-10-03T14:45:56-03:00,mercadolivre,loja,Mercado Livre,Loja oficial Magalu,Smart Tv Tcl 55 Polegadas Qd-Mini Led 4k C6k Wifi Bluetooth Google Tv 4 Hdmi 144hz Hdr10+ 55c6k,3699.0,,"10x R$ 369,90 sem juros",,https://www.mercadolivre.com.br/p/MLB48808732?pdp_filters=item_id%3AMLB7574364080,55C6K
2026-10-03T14:45:56-03:00,mercadolivre,loja,Mercado Livre,Magalu,Smart Tv Tcl 55 Polegadas Qd-Mini Led 4k C6k Wifi Bluetooth Google Tv 4 Hdmi 144hz Hdr10+ 55c6k,3699.0,3514.05,,,https://www.mercadolivre.com.br/p/MLB48808732?pdp_filters=item_id%3AMLB5249073715,55C6K
2026-10-03T14:45:56-03:00,mercadolivre,loja,Mercado Livre,,Smart Tv 55 Pol Tcl 55c6k 4k Qd-mini Led 144hz Google Tv,4599.0,,"10x R$ 489,99 sem juros",,https://www.mercadolivre.com.br/smart-tv-55-pol-tcl-55c6k-4k-qdmini-led-144hz-google-tv/up/MLBU5358336840,55C6K
2026-10-03T14:45:56-03:00,mercadolivre,loja,Mercado Livre,,Smart Tv 65 Pol Tcl 55c6k 4k Qd-mini Led 144hz Google Tv,5299.0,,"10x R$ 559,99 sem juros",,https://www.mercadolivre.com.br/smart-tv-65-pol-tcl-55c6k-4k-qdmini-led-144hz-google-tv/up/MLBU5358792318,55C6K
2026-10-03T14:45:56-03:00,mercadolivre,loja,Mercado Livre,TCL,Smart Tv Tcl 55  Qled Mini Led 4k C6k Wifi Bluetooth 55c6k,5299.0,,"10x R$ 529,90 sem juros",,https://www.mercadolivre.com.br/smart-tv-tcl-55--qled-mini-led-4k-c6k-wifi-bluetooth-55c6k/up/MLBU3921703471,55C6K
2026-10-03T14:45:56-03:00,mercadolivre,loja,Mercado Livre,Mercado Livre,Smart Tv Tcl 65 Polegadas Qd-Mini Led 4k C6k Wifi Bluetooth Google Tv 4 Hdmi 144hz Hdr10+ 65c6k,4299.0,3869.1,,,https://www.mercadolivre.com.br/p/MLB50368907?pdp_filters=item_id%3AMLB5446673958,65C6K
2026-10-03T14:45:56-03:00,mercadolivre,loja,Mercado Livre,Casas Bahia,Smart Tv 65 65c6k 4k Qd-mini Led 144hz Com Google Tv Tcl,4199.0,,"10x R$ 419,90 sem juros",,https://www.mercadolivre.com.br/smart-tv-65-65c6k-4k-qdmini-led-144hz-com-google-tv-tcl/up/MLBU3519154684,65C6K
2026-10-03T14:45:56-03:00,mercadolivre,loja,Mercado Livre,TCL,Smart Tv Tcl 65  Qled Mini Led 4k C6k Wifi Bluetooth 65c6k,6499.0,,"10x R$ 649,90 sem juros",,https://www.mercadolivre.com.br/smart-tv-tcl-65--qled-mini-led-4k-c6k-wifi-bluetooth-65c6k/up/MLBU3933299210,65C6K
2026-10-03T14:45:56-03:00,aliexpress,loja,AliExpress,,"Smart TV 55"" TCL 4K UHD MiniLED 55C6K 120Hz Google TV AiPQ Google Assistente 4 HDMI 2 USB R$ 3.799 R$ 4.199 -9% 4.8 5.000+ vendido(s) Top ve",3799.0,,,,https://pt.aliexpress.com/item/1005009459962683.html,55C6K
2026-10-03T14:45:56-03:00,aliexpress,loja,AliExpress,,"Smart TV 65"" TCL 4K UHD MiniLED 65C6K 120Hz Google TV AiPQ Google Assistente 4 HDMI 2 USB R$ 4.159 R$ 4.899 -15% 4.8 2.000+ vendido(s) Top v",4159.0,,,,https://pt.aliexpress.com/item/1005009036343124.html,65C6K
2026-10-03T15:15:58-03:00,amazon,loja,Amazon,Amazon.com.br Política de devolução,Smart TV TCL 55 Polegadas QD-Mini LED 4K C6K WiFi Bluetooth Google TV 4 HDMI 144Hz HDR10+ 55C6K,3498.0,,,,https://www.amazon.com.br/dp/B0F7JZMVKF?smid=A1ZZFT5FULY4LN,55C6K
2026-10-03T15:15:58-03:00,amazon,loja,Amazon,Magalu.,Smart TV TCL 55 Polegadas QD-Mini LED 4K C6K WiFi Bluetooth Google TV 4 HDMI 144Hz HDR10+ 55C6K,,3329.1,,,https://www.amazon.com.br/dp/B0F7JZMVKF?smid=ACUNARZFR75ET,55C6K
2026-10-03T15:15:58-03:00,amazon,loja,Amazon,Lojas Colombo S/A,Smart TV TCL 55 Polegadas QD-Mini LED 4K C6K WiFi Bluetooth Google TV 4 HDMI 144Hz HDR10+ 55C6K,,3997.73,,,https://www.amazon.com.br/dp/B0F7JZMVKF?smid=A30OZFNW1RCCSM,55C6K
2026-10-03T15:15:58-03:00,amazon,loja,Amazon,Leonfer Shop,Smart TV TCL 55 Polegadas QD-Mini LED 4K C6K WiFi Bluetooth Google TV 4 HDMI 144Hz HDR10+ 55C6K,,5557.4,,,https://www.amazon.com.br/dp/B0F7JZMVKF?smid=A28W2XGABGHXAH,55C6K
2026-10-03T15:15:58-03:00,amazon,loja,Amazon,TCLSEMP.,Smart TV TCL 55 Polegadas QD-Mini LED 4K C6K WiFi Bluetooth Google TV 4 HDMI 144Hz HDR10+ 55C6K,3599.0,3419.05,"12x R$ 299,99 sem juros",,https://www.amazon.com.br/dp/B0F7JZMVKF?smid=A3R1Z59ZORN2J9,55C6K
2026-10-03T15:15:58-03:00,amazon,loja,Amazon,Magalu.,Smart TV TCL 65 Polegadas QD-Mini LED 4K C6K WiFi Bluetooth Google TV 4 HDMI 144Hz HDR10+ 65C6K,,4229.1,,,https://www.amazon.com.br/dp/B0F7K7B2PD?smid=ACUNARZFR75ET,65C6K
2026-10-03T15:15:58-03:00,amazon,loja,Amazon,Lojas Colombo S/A,Smart TV TCL 65 Polegadas QD-Mini LED 4K C6K WiFi Bluetooth Google TV 4 HDMI 144Hz HDR10+ 65C6K,,5058.19,,,https://www.amazon.com.br/dp/B0F7K7B2PD?smid=A30OZFNW1RCCSM,65C6K
2026-10-03T15:15:58-03:00,amazon,loja,Amazon,Leonfer Shop,Smart TV TCL 65 Polegadas QD-Mini LED 4K C6K WiFi Bluetooth Google TV 4 HDMI 144Hz HDR10+ 65C6K,,6854.15,,,https://www.amazon.com.br/dp/B0F7K7B2PD?smid=A28W2XGABGHXAH,65C6K
2026-10-03T15:15:58-03:00,amazon,loja,Amazon,Amazon.com.br,Smart TV TCL 65 Polegadas QD-Mini LED 4K C6K WiFi Bluetooth Google TV 4 HDMI 144Hz HDR10+ 65C6K,4299.0,4084.06,"12x R$ 358,25 sem juros",,https://www.amazon.com.br/dp/B0F7K7B2PD?smid=A1ZZFT5FULY4LN,65C6K
2026-10-03T15:15:58-03:00,casasbahia,loja,Casas Bahia,Casas Bahia,Smart TV TCL 65 Polegadas 65C6K QD-Mini LED 4K UHD Google TV 144Hz HDR10+,4354.44,3919.0,"10x R$ 435,44 sem juros (cartão Casas Bahia)",,https://www.casasbahia.com.br/smart-tv-65-tcl-65c6k-4k-qd-mini-led-144hz-com-sistema-operacional-google-tv/p/55069453,65C6K
2026-10-03T15:15:58-03:00,mercadolivre,loja,Mercado Livre,Loja oficial Magalu,Smart Tv Tcl 55 Polegadas Qd-Mini Led 4k C6k Wifi Bluetooth Google Tv 4 Hdmi 144hz Hdr10+ 55c6k,3699.0,,"10x R$ 369,90 sem juros",,https://www.mercadolivre.com.br/p/MLB48808732?pdp_filters=item_id%3AMLB7574364080,55C6K
2026-10-03T15:15:58-03:00,mercadolivre,loja,Mercado Livre,Magalu,Smart Tv Tcl 55 Polegadas Qd-Mini Led 4k C6k Wifi Bluetooth Google Tv 4 Hdmi 144hz Hdr10+ 55c6k,3699.0,3514.05,,,https://www.mercadolivre.com.br/p/MLB48808732?pdp_filters=item_id%3AMLB5249073715,55C6K
2026-10-03T15:15:58-03:00,mercadolivre,loja,Mercado Livre,,Smart Tv 55 Pol Tcl 55c6k 4k Qd-mini Led 144hz Google Tv,4599.0,,"10x R$ 489,99 sem juros",,https://www.mercadolivre.com.br/smart-tv-55-pol-tcl-55c6k-4k-qdmini-led-144hz-google-tv/up/MLBU5358336840,55C6K
2026-10-03T15:15:58-03:00,mercadolivre,loja,Mercado Livre,,Smart Tv 65 Pol Tcl 55c6k 4k Qd-mini Led 144hz Google Tv,5299.0,,"10x R$ 559,99 sem juros",,https://www.mercadolivre.com.br/smart-tv-65-pol-tcl-55c6k-4k-qdmini-led-144hz-google-tv/up/MLBU5358792318,55C6K
2026-10-03T15:15:58-03:00,mercadolivre,loja,Mercado Livre,TCL,Smart Tv Tcl 55  Qled Mini Led 4k C6k Wifi Bluetooth 55c6k,5299.0,,"10x R$ 529,90 sem juros",,https://www.mercadolivre.com.br/smart-tv-tcl-55--qled-mini-led-4k-c6k-wifi-bluetooth-55c6k/up/MLBU3921703471,55C6K
2026-10-03T15:15:58-03:00,mercadolivre,loja,Mercado Livre,Mercado Livre,Smart Tv Tcl 65 Polegadas Qd-Mini Led 4k C6k Wifi Bluetooth Google Tv 4 Hdmi 144hz Hdr10+ 65c6k,4299.0,,,,https://www.mercadolivre.com.br/p/MLB50368907?pdp_filters=item_id%3AMLB5446673958,65C6K
2026-10-03T15:15:58-03:00,mercadolivre,loja,Mercado Livre,Mercado Livre,Tcl 4k Qd-mini Led Tv 65 C6k Google Tv,4299.0,,,,https://www.mercadolivre.com.br/tcl-4k-qdmini-led-tv-65-c6k-google-tv/up/MLBU3187349883,65C6K
2026-10-03T15:15:58-03:00,mercadolivre,loja,Mercado Livre,TCL,Smart Tv Tcl 65  Qled Mini Led 4k C6k Wifi Bluetooth 65c6k,6499.0,,"10x R$ 649,90 sem juros",,https://www.mercadolivre.com.br/smart-tv-tcl-65--qled-mini-led-4k-c6k-wifi-bluetooth-65c6k/up/MLBU3933299210,65C6K
2026-10-03T15:15:58-03:00,aliexpress,loja,AliExpress,,"Smart TV 55"" TCL 4K UHD MiniLED 55C6K 120Hz Google TV AiPQ Google Assistente 4 HDMI 2 USB R$ 3.799 R$ 4.199 -9% 4.8 5.000+ vendido(s) Top ve",3799.0,,,,https://pt.aliexpress.com/item/1005009459962683.html,55C6K
2026-10-03T15:15:58-03:00,aliexpress,loja,AliExpress,,"Smart TV 65"" TCL 4K UHD MiniLED 65C6K 120Hz Google TV AiPQ Google Assistente 4 HDMI 2 USB R$ 4.159 R$ 4.899 -15% 4.8 2.000+ vendido(s) Top v",4159.0,,,,https://pt.aliexpress.com/item/1005009036343124.html,65C6K
2026-10-03T15:45:55-03:00,amazon,loja,Amazon,Amazon.com.br Política de devolução,Smart TV TCL 55 Polegadas QD-Mini LED 4K C6K WiFi Bluetooth Google TV 4 HDMI 144Hz HDR10+ 55C6K,3498.0,,,,https://www.amazon.com.br/dp/B0F7JZMVKF?smid=A1ZZFT5FULY4LN,55C6K
2026-10-03T15:45:55-03:00,amazon,loja,Amazon,Magalu.,Smart TV TCL 55 Polegadas QD-Mini LED 4K C6K WiFi Bluetooth Google TV 4 HDMI 144Hz HDR10+ 55C6K,,3329.1,,,https://www.amazon.com.br/dp/B0F7JZMVKF?smid=ACUNARZFR75ET,55C6K
2026-10-03T15:45:55-03:00,amazon,loja,Amazon,Lojas Colombo S/A,Smart TV TCL 55 Polegadas QD-Mini LED 4K C6K WiFi Bluetooth Google TV 4 HDMI 144Hz HDR10+ 55C6K,,3997.73,,,https://www.amazon.com.br/dp/B0F7JZMVKF?smid=A30OZFNW1RCCSM,55C6K
2026-10-03T15:45:55-03:00,amazon,loja,Amazon,Leonfer Shop,Smart TV TCL 55 Polegadas QD-Mini LED 4K C6K WiFi Bluetooth Google TV 4 HDMI 144Hz HDR10+ 55C6K,,5557.4,,,https://www.amazon.com.br/dp/B0F7JZMVKF?smid=A28W2XGABGHXAH,55C6K
2026-10-03T15:45:55-03:00,amazon,loja,Amazon,TCLSEMP.,Smart TV TCL 55 Polegadas QD-Mini LED 4K C6K WiFi Bluetooth Google TV 4 HDMI 144Hz HDR10+ 55C6K,3599.0,3419.05,"12x R$ 299,99 sem juros",,https://www.amazon.com.br/dp/B0F7JZMVKF?smid=A3R1Z59ZORN2J9,55C6K
2026-10-03T15:45:55-03:00,amazon,loja,Amazon,Magalu.,Smart TV TCL 65 Polegadas QD-Mini LED 4K C6K WiFi Bluetooth Google TV 4 HDMI 144Hz HDR10+ 65C6K,,4229.1,,,https://www.amazon.com.br/dp/B0F7K7B2PD?smid=ACUNARZFR75ET,65C6K
2026-10-03T15:45:55-03:00,amazon,loja,Amazon,Lojas Colombo S/A,Smart TV TCL 65 Polegadas QD-Mini LED 4K C6K WiFi Bluetooth Google TV 4 HDMI 144Hz HDR10+ 65C6K,,5058.19,,,https://www.amazon.com.br/dp/B0F7K7B2PD?smid=A30OZFNW1RCCSM,65C6K
2026-10-03T15:45:55-03:00,amazon,loja,Amazon,Leonfer Shop,Smart TV TCL 65 Polegadas QD-Mini LED 4K C6K WiFi Bluetooth Google TV 4 HDMI 144Hz HDR10+ 65C6K,,6854.15,,,https://www.amazon.com.br/dp/B0F7K7B2PD?smid=A28W2XGABGHXAH,65C6K
2026-10-03T15:45:55-03:00,amazon,loja,Amazon,Amazon.com.br,Smart TV TCL 65 Polegadas QD-Mini LED 4K C6K WiFi Bluetooth Google TV 4 HDMI 144Hz HDR10+ 65C6K,4299.0,4084.06,"12x R$ 358,25 sem juros",,https://www.amazon.com.br/dp/B0F7K7B2PD?smid=A1ZZFT5FULY4LN,65C6K
2026-10-03T15:45:55-03:00,casasbahia,loja,Casas Bahia,Casas Bahia,Smart TV TCL 65 Polegadas 65C6K QD-Mini LED 4K UHD Google TV 144Hz HDR10+,4354.44,3919.0,"10x R$ 435,44 sem juros (cartão Casas Bahia)",,https://www.casasbahia.com.br/smart-tv-65-tcl-65c6k-4k-qd-mini-led-144hz-com-sistema-operacional-google-tv/p/55069453,65C6K
2026-10-03T15:45:55-03:00,mercadolivre,loja,Mercado Livre,Loja oficial Magalu,Smart Tv Tcl 55 Polegadas Qd-Mini Led 4k C6k Wifi Bluetooth Google Tv 4 Hdmi 144hz Hdr10+ 55c6k,3699.0,,"10x R$ 369,90 sem juros",,https://www.mercadolivre.com.br/p/MLB48808732?pdp_filters=item_id%3AMLB7574364080,55C6K
2026-10-03T15:45:55-03:00,mercadolivre,loja,Mercado Livre,Magalu,Smart Tv Tcl 55 Polegadas Qd-Mini Led 4k C6k Wifi Bluetooth Google Tv 4 Hdmi 144hz Hdr10+ 55c6k,3699.0,3514.05,,,https://www.mercadolivre.com.br/p/MLB48808732?pdp_filters=item_id%3AMLB5249073715,55C6K
2026-10-03T15:45:55-03:00,mercadolivre,loja,Mercado Livre,,Smart Tv 55 Pol Tcl 55c6k 4k Qd-mini Led 144hz Google Tv,4599.0,,"10x R$ 489,99 sem juros",,https://www.mercadolivre.com.br/smart-tv-55-pol-tcl-55c6k-4k-qdmini-led-144hz-google-tv/up/MLBU5358336840,55C6K
2026-10-03T15:45:55-03:00,mercadolivre,loja,Mercado Livre,,Smart Tv 65 Pol Tcl 55c6k 4k Qd-mini Led 144hz Google Tv,5299.0,,"10x R$ 559,99 sem juros",,https://www.mercadolivre.com.br/smart-tv-65-pol-tcl-55c6k-4k-qdmini-led-144hz-google-tv/up/MLBU5358792318,55C6K
2026-10-03T15:45:55-03:00,mercadolivre,loja,Mercado Livre,TCL,Smart Tv Tcl 55  Qled Mini Led 4k C6k Wifi Bluetooth 55c6k,5299.0,,"10x R$ 529,90 sem juros",,https://www.mercadolivre.com.br/smart-tv-tcl-55--qled-mini-led-4k-c6k-wifi-bluetooth-55c6k/up/MLBU3921703471,55C6K
2026-10-03T15:45:55-03:00,mercadolivre,loja,Mercado Livre,Mercado Livre,Smart Tv Tcl 65 Polegadas Qd-Mini Led 4k C6k Wifi Bluetooth Google Tv 4 Hdmi 144hz Hdr10+ 65c6k,4299.0,3869.1,,,https://www.mercadolivre.com.br/p/MLB50368907?pdp_filters=item_id%3AMLB5446673958,65C6K
2026-10-03T15:45:55-03:00,mercadolivre,loja,Mercado Livre,Mercado Livre,Tcl 4k Qd-mini Led Tv 65 C6k Google Tv,4299.0,,,,https://www.mercadolivre.com.br/tcl-4k-qdmini-led-tv-65-c6k-google-tv/up/MLBU3187349883,65C6K
2026-10-03T15:45:55-03:00,mercadolivre,loja,Mercado Livre,TCL,Smart Tv Tcl 65  Qled Mini Led 4k C6k Wifi Bluetooth 65c6k,6499.0,,"10x R$ 649,90 sem juros",,https://www.mercadolivre.com.br/smart-tv-tcl-65--qled-mini-led-4k-c6k-wifi-bluetooth-65c6k/up/MLBU3933299210,65C6K
2026-10-03T15:45:55-03:00,aliexpress,loja,AliExpress,,"Smart TV 55"" TCL 4K UHD MiniLED 55C6K 120Hz Google TV AiPQ Google Assistente 4 HDMI 2 USB R$ 3.799 R$ 4.199 -9% 4.8 5.000+ vendido(s) Top ve",3799.0,,,,https://pt.aliexpress.com/item/1005009459962683.html,55C6K
2026-10-03T15:45:55-03:00,aliexpress,loja,AliExpress,,"Smart TV 65"" TCL 4K UHD MiniLED 65C6K 120Hz Google TV AiPQ Google Assistente 4 HDMI 2 USB R$ 4.159 R$ 4.899 -15% 4.8 2.000+ vendido(s) Top v",4159.0,,,,https://pt.aliexpress.com/item/1005009036343124.html,65C6K
2026-10-03T16:15:48-03:00,amazon,loja,Amazon,Amazon.com.br Política de devolução,Smart TV TCL 55 Polegadas QD-Mini LED 4K C6K WiFi Bluetooth Google TV 4 HDMI 144Hz HDR10+ 55C6K,3498.0,,,,https://www.amazon.com.br/dp/B0F7JZMVKF?smid=A1ZZFT5FULY4LN,55C6K
2026-10-03T16:15:48-03:00,amazon,loja,Amazon,Magalu.,Smart TV TCL 55 Polegadas QD-Mini LED 4K C6K WiFi Bluetooth Google TV 4 HDMI 144Hz HDR10+ 55C6K,,3329.1,,,https://www.amazon.com.br/dp/B0F7JZMVKF?smid=ACUNARZFR75ET,55C6K
2026-10-03T16:15:48-03:00,amazon,loja,Amazon,Lojas Colombo S/A,Smart TV TCL 55 Polegadas QD-Mini LED 4K C6K WiFi Bluetooth Google TV 4 HDMI 144Hz HDR10+ 55C6K,,3997.73,,,https://www.amazon.com.br/dp/B0F7JZMVKF?smid=A30OZFNW1RCCSM,55C6K
2026-10-03T16:15:48-03:00,amazon,loja,Amazon,Leonfer Shop,Smart TV TCL 55 Polegadas QD-Mini LED 4K C6K WiFi Bluetooth Google TV 4 HDMI 144Hz HDR10+ 55C6K,,5557.4,,,https://www.amazon.com.br/dp/B0F7JZMVKF?smid=A28W2XGABGHXAH,55C6K
2026-10-03T16:15:48-03:00,amazon,loja,Amazon,TCLSEMP.,Smart TV TCL 55 Polegadas QD-Mini LED 4K C6K WiFi Bluetooth Google TV 4 HDMI 144Hz HDR10+ 55C6K,3599.0,3419.05,"12x R$ 299,99 sem juros",,https://www.amazon.com.br/dp/B0F7JZMVKF?smid=A3R1Z59ZORN2J9,55C6K
2026-10-03T16:15:48-03:00,amazon,loja,Amazon,Magalu.,Smart TV TCL 65 Polegadas QD-Mini LED 4K C6K WiFi Bluetooth Google TV 4 HDMI 144Hz HDR10+ 65C6K,,4229.1,,,https://www.amazon.com.br/dp/B0F7K7B2PD?smid=ACUNARZFR75ET,65C6K
2026-10-03T16:15:48-03:00,amazon,loja,Amazon,Lojas Colombo S/A,Smart TV TCL 65 Polegadas QD-Mini LED 4K C6K WiFi Bluetooth Google TV 4 HDMI 144Hz HDR10+ 65C6K,,5058.19,,,https://www.amazon.com.br/dp/B0F7K7B2PD?smid=A30OZFNW1RCCSM,65C6K
2026-10-03T16:15:48-03:00,amazon,loja,Amazon,Leonfer Shop,Smart TV TCL 65 Polegadas QD-Mini LED 4K C6K WiFi Bluetooth Google TV 4 HDMI 144Hz HDR10+ 65C6K,,6854.15,,,https://www.amazon.com.br/dp/B0F7K7B2PD?smid=A28W2XGABGHXAH,65C6K
2026-10-03T16:15:48-03:00,amazon,loja,Amazon,Amazon.com.br,Smart TV TCL 65 Polegadas QD-Mini LED 4K C6K WiFi Bluetooth Google TV 4 HDMI 144Hz HDR10+ 65C6K,4299.0,4084.06,"12x R$ 358,25 sem juros",,https://www.amazon.com.br/dp/B0F7K7B2PD?smid=A1ZZFT5FULY4LN,65C6K
2026-10-03T16:15:48-03:00,casasbahia,loja,Casas Bahia,Casas Bahia,Smart TV TCL 65 Polegadas 65C6K QD-Mini LED 4K UHD Google TV 144Hz HDR10+,4354.44,3919.0,"10x R$ 435,44 sem juros (cartão Casas Bahia)",,https://www.casasbahia.com.br/smart-tv-65-tcl-65c6k-4k-qd-mini-led-144hz-com-sistema-operacional-google-tv/p/55069453,65C6K
2026-10-03T16:15:48-03:00,mercadolivre,loja,Mercado Livre,Loja oficial Magalu,Smart Tv Tcl 55 Polegadas Qd-Mini Led 4k C6k Wifi Bluetooth Google Tv 4 Hdmi 144hz Hdr10+ 55c6k,3699.0,,"10x R$ 369,90 sem juros",,https://www.mercadolivre.com.br/p/MLB48808732?pdp_filters=item_id%3AMLB7574364080,55C6K
2026-10-03T16:15:48-03:00,mercadolivre,loja,Mercado Livre,Mercado Livre,Smart Tv Tcl 55 Polegadas Qd-Mini Led 4k C6k Wifi Bluetooth Google Tv 4 Hdmi 144hz Hdr10+ 55c6k,3599.0,3491.03,,,https://www.mercadolivre.com.br/p/MLB48808732?pdp_filters=item_id%3AMLB5417889802,55C6K
2026-10-03T16:15:48-03:00,mercadolivre,loja,Mercado Livre,,Smart Tv 55 Pol Tcl 55c6k 4k Qd-mini Led 144hz Google Tv,4599.0,,"10x R$ 489,99 sem juros",,https://www.mercadolivre.com.br/smart-tv-55-pol-tcl-55c6k-4k-qdmini-led-144hz-google-tv/up/MLBU5358336840,55C6K
2026-10-03T16:15:48-03:00,mercadolivre,loja,Mercado Livre,,Smart Tv 65 Pol Tcl 55c6k 4k Qd-mini Led 144hz Google Tv,5299.0,,"10x R$ 559,99 sem juros",,https://www.mercadolivre.com.br/smart-tv-65-pol-tcl-55c6k-4k-qdmini-led-144hz-google-tv/up/MLBU5358792318,55C6K
2026-10-03T16:15:48-03:00,mercadolivre,loja,Mercado Livre,TCL,Smart Tv Tcl 55  Qled Mini Led 4k C6k Wifi Bluetooth 55c6k,5299.0,,"10x R$ 529,90 sem juros",,https://www.mercadolivre.com.br/smart-tv-tcl-55--qled-mini-led-4k-c6k-wifi-bluetooth-55c6k/up/MLBU3921703471,55C6K
2026-10-03T16:15:48-03:00,mercadolivre,loja,Mercado Livre,Mercado Livre,Smart Tv Tcl 65 Polegadas Qd-Mini Led 4k C6k Wifi Bluetooth Google Tv 4 Hdmi 144hz Hdr10+ 65c6k,4299.0,3869.1,,,https://www.mercadolivre.com.br/p/MLB50368907?pdp_filters=item_id%3AMLB5446673958,65C6K
2026-10-03T16:15:48-03:00,mercadolivre,loja,Mercado Livre,Mercado Livre,Tcl 4k Qd-mini Led Tv 65 C6k Google Tv,4299.0,,,,https://www.mercadolivre.com.br/tcl-4k-qdmini-led-tv-65-c6k-google-tv/up/MLBU3187349883,65C6K
2026-10-03T16:15:48-03:00,mercadolivre,loja,Mercado Livre,TCL,Smart Tv Tcl 65  Qled Mini Led 4k C6k Wifi Bluetooth 65c6k,6499.0,,"10x R$ 649,90 sem juros",,https://www.mercadolivre.com.br/smart-tv-tcl-65--qled-mini-led-4k-c6k-wifi-bluetooth-65c6k/up/MLBU3933299210,65C6K
2026-10-03T16:15:48-03:00,aliexpress,loja,AliExpress,,"Smart TV 55"" TCL 4K UHD MiniLED 55C6K 120Hz Google TV AiPQ Google Assistente 4 HDMI 2 USB R$ 3.799 R$ 4.199 -9% 4.8 5.000+ vendido(s) Top ve",3799.0,,,,https://pt.aliexpress.com/item/1005009459962683.html,55C6K
2026-10-03T16:15:48-03:00,aliexpress,loja,AliExpress,,"Smart TV 65"" TCL 4K UHD MiniLED 65C6K 120Hz Google TV AiPQ Google Assistente 4 HDMI 2 USB R$ 4.159 R$ 4.899 -15% 4.8 2.000+ vendido(s) Top v",4159.0,,,,https://pt.aliexpress.com/item/1005009036343124.html,65C6K
2026-10-03T16:45:52-03:00,amazon,loja,Amazon,Amazon.com.br Política de devolução,Smart TV TCL 55 Polegadas QD-Mini LED 4K C6K WiFi Bluetooth Google TV 4 HDMI 144Hz HDR10+ 55C6K,3498.0,,,,https://www.amazon.com.br/dp/B0F7JZMVKF?smid=A1ZZFT5FULY4LN,55C6K
2026-10-03T16:45:52-03:00,amazon,loja,Amazon,Magalu.,Smart TV TCL 55 Polegadas QD-Mini LED 4K C6K WiFi Bluetooth Google TV 4 HDMI 144Hz HDR10+ 55C6K,,3329.1,,,https://www.amazon.com.br/dp/B0F7JZMVKF?smid=ACUNARZFR75ET,55C6K
2026-10-03T16:45:52-03:00,amazon,loja,Amazon,Lojas Colombo S/A,Smart TV TCL 55 Polegadas QD-Mini LED 4K C6K WiFi Bluetooth Google TV 4 HDMI 144Hz HDR10+ 55C6K,,3997.73,,,https://www.amazon.com.br/dp/B0F7JZMVKF?smid=A30OZFNW1RCCSM,55C6K
2026-10-03T16:45:52-03:00,amazon,loja,Amazon,Leonfer Shop,Smart TV TCL 55 Polegadas QD-Mini LED 4K C6K WiFi Bluetooth Google TV 4 HDMI 144Hz HDR10+ 55C6K,,5557.4,,,https://www.amazon.com.br/dp/B0F7JZMVKF?smid=A28W2XGABGHXAH,55C6K
2026-10-03T16:45:52-03:00,amazon,loja,Amazon,TCLSEMP.,Smart TV TCL 55 Polegadas QD-Mini LED 4K C6K WiFi Bluetooth Google TV 4 HDMI 144Hz HDR10+ 55C6K,3599.0,3419.05,"12x R$ 299,99 sem juros",,https://www.amazon.com.br/dp/B0F7JZMVKF?smid=A3R1Z59ZORN2J9,55C6K
2026-10-03T16:45:52-03:00,amazon,loja,Amazon,Magalu.,Smart TV TCL 65 Polegadas QD-Mini LED 4K C6K WiFi Bluetooth Google TV 4 HDMI 144Hz HDR10+ 65C6K,,4229.1,,,https://www.amazon.com.br/dp/B0F7K7B2PD?smid=ACUNARZFR75ET,65C6K
2026-10-03T16:45:52-03:00,amazon,loja,Amazon,Lojas Colombo S/A,Smart TV TCL 65 Polegadas QD-Mini LED 4K C6K WiFi Bluetooth Google TV 4 HDMI 144Hz HDR10+ 65C6K,,5058.19,,,https://www.amazon.com.br/dp/B0F7K7B2PD?smid=A30OZFNW1RCCSM,65C6K
2026-10-03T16:45:52-03:00,amazon,loja,Amazon,Leonfer Shop,Smart TV TCL 65 Polegadas QD-Mini LED 4K C6K WiFi Bluetooth Google TV 4 HDMI 144Hz HDR10+ 65C6K,,6854.15,,,https://www.amazon.com.br/dp/B0F7K7B2PD?smid=A28W2XGABGHXAH,65C6K
2026-10-03T16:45:52-03:00,amazon,loja,Amazon,Amazon.com.br,Smart TV TCL 65 Polegadas QD-Mini LED 4K C6K WiFi Bluetooth Google TV 4 HDMI 144Hz HDR10+ 65C6K,4299.0,4084.06,"12x R$ 358,25 sem juros",,https://www.amazon.com.br/dp/B0F7K7B2PD?smid=A1ZZFT5FULY4LN,65C6K
2026-10-03T16:45:52-03:00,casasbahia,loja,Casas Bahia,Casas Bahia,Smart TV TCL 65 Polegadas 65C6K QD-Mini LED 4K UHD Google TV 144Hz HDR10+,4354.44,3919.0,"10x R$ 435,44 sem juros (cartão Casas Bahia)",,https://www.casasbahia.com.br/smart-tv-65-tcl-65c6k-4k-qd-mini-led-144hz-com-sistema-operacional-google-tv/p/55069453,65C6K
2026-10-03T16:45:52-03:00,mercadolivre,loja,Mercado Livre,Loja oficial Magalu,Smart Tv Tcl 55 Polegadas Qd-Mini Led 4k C6k Wifi Bluetooth Google Tv 4 Hdmi 144hz Hdr10+ 55c6k,3699.0,,"10x R$ 369,90 sem juros",,https://www.mercadolivre.com.br/p/MLB48808732?pdp_filters=item_id%3AMLB7574364080,55C6K
2026-10-03T16:45:52-03:00,mercadolivre,loja,Mercado Livre,Mercado Livre,Smart Tv Tcl 55 Polegadas Qd-Mini Led 4k C6k Wifi Bluetooth Google Tv 4 Hdmi 144hz Hdr10+ 55c6k,3599.0,3491.03,,,https://www.mercadolivre.com.br/p/MLB48808732?pdp_filters=item_id%3AMLB5417889802,55C6K
2026-10-03T16:45:52-03:00,mercadolivre,loja,Mercado Livre,,Smart Tv 55 Pol Tcl 55c6k 4k Qd-mini Led 144hz Google Tv,4599.0,,"10x R$ 489,99 sem juros",,https://www.mercadolivre.com.br/smart-tv-55-pol-tcl-55c6k-4k-qdmini-led-144hz-google-tv/up/MLBU5358336840,55C6K
2026-10-03T16:45:52-03:00,mercadolivre,loja,Mercado Livre,,Smart Tv 65 Pol Tcl 55c6k 4k Qd-mini Led 144hz Google Tv,5299.0,,"10x R$ 559,99 sem juros",,https://www.mercadolivre.com.br/smart-tv-65-pol-tcl-55c6k-4k-qdmini-led-144hz-google-tv/up/MLBU5358792318,55C6K
2026-10-03T16:45:52-03:00,mercadolivre,loja,Mercado Livre,TCL,Smart Tv Tcl 55  Qled Mini Led 4k C6k Wifi Bluetooth 55c6k,5299.0,,"10x R$ 529,90 sem juros",,https://www.mercadolivre.com.br/smart-tv-tcl-55--qled-mini-led-4k-c6k-wifi-bluetooth-55c6k/up/MLBU3921703471,55C6K
2026-10-03T16:45:52-03:00,mercadolivre,loja,Mercado Livre,Mercado Livre,Smart Tv Tcl 65 Polegadas Qd-Mini Led 4k C6k Wifi Bluetooth Google Tv 4 Hdmi 144hz Hdr10+ 65c6k,4299.0,,,,https://www.mercadolivre.com.br/p/MLB50368907?pdp_filters=item_id%3AMLB5446673958,65C6K
2026-10-03T16:45:52-03:00,mercadolivre,loja,Mercado Livre,Mercado Livre,Tcl 4k Qd-mini Led Tv 65 C6k Google Tv,4299.0,,,,https://www.mercadolivre.com.br/tcl-4k-qdmini-led-tv-65-c6k-google-tv/up/MLBU3187349883,65C6K
2026-10-03T16:45:52-03:00,mercadolivre,loja,Mercado Livre,TCL,Smart Tv Tcl 65  Qled Mini Led 4k C6k Wifi Bluetooth 65c6k,6499.0,,"10x R$ 649,90 sem juros",,https://www.mercadolivre.com.br/smart-tv-tcl-65--qled-mini-led-4k-c6k-wifi-bluetooth-65c6k/up/MLBU3933299210,65C6K
2026-10-03T16:45:52-03:00,aliexpress,loja,AliExpress,,"Smart TV 55"" TCL 4K UHD MiniLED 55C6K 120Hz Google TV AiPQ Google Assistente 4 HDMI 2 USB R$ 3.799 R$ 4.199 -9% 4.8 5.000+ vendido(s) Top ve",3799.0,,,,https://pt.aliexpress.com/item/1005009459962683.html,55C6K
2026-10-03T16:45:52-03:00,aliexpress,loja,AliExpress,,"Smart TV 65"" TCL 4K UHD MiniLED 65C6K 120Hz Google TV AiPQ Google Assistente 4 HDMI 2 USB R$ 4.159 R$ 4.899 -15% 4.8 2.000+ vendido(s) Top v",4159.0,,,,https://pt.aliexpress.com/item/1005009036343124.html,65C6K
2026-10-03T17:15:48-03:00,amazon,loja,Amazon,Amazon.com.br Política de devolução,Smart TV TCL 55 Polegadas QD-Mini LED 4K C6K WiFi Bluetooth Google TV 4 HDMI 144Hz HDR10+ 55C6K,3498.0,,,,https://www.amazon.com.br/dp/B0F7JZMVKF?smid=A1ZZFT5FULY4LN,55C6K
2026-10-03T17:15:48-03:00,amazon,loja,Amazon,Magalu.,Smart TV TCL 55 Polegadas QD-Mini LED 4K C6K WiFi Bluetooth Google TV 4 HDMI 144Hz HDR10+ 55C6K,,3329.1,,,https://www.amazon.com.br/dp/B0F7JZMVKF?smid=ACUNARZFR75ET,55C6K
2026-10-03T17:15:48-03:00,amazon,loja,Amazon,Lojas Colombo S/A,Smart TV TCL 55 Polegadas QD-Mini LED 4K C6K WiFi Bluetooth Google TV 4 HDMI 144Hz HDR10+ 55C6K,,3997.73,,,https://www.amazon.com.br/dp/B0F7JZMVKF?smid=A30OZFNW1RCCSM,55C6K
2026-10-03T17:15:48-03:00,amazon,loja,Amazon,Leonfer Shop,Smart TV TCL 55 Polegadas QD-Mini LED 4K C6K WiFi Bluetooth Google TV 4 HDMI 144Hz HDR10+ 55C6K,,5557.4,,,https://www.amazon.com.br/dp/B0F7JZMVKF?smid=A28W2XGABGHXAH,55C6K
2026-10-03T17:15:48-03:00,amazon,loja,Amazon,TCLSEMP.,Smart TV TCL 55 Polegadas QD-Mini LED 4K C6K WiFi Bluetooth Google TV 4 HDMI 144Hz HDR10+ 55C6K,3599.0,3419.05,"12x R$ 299,99 sem juros",,https://www.amazon.com.br/dp/B0F7JZMVKF?smid=A3R1Z59ZORN2J9,55C6K
2026-10-03T17:15:48-03:00,amazon,loja,Amazon,Magalu.,Smart TV TCL 65 Polegadas QD-Mini LED 4K C6K WiFi Bluetooth Google TV 4 HDMI 144Hz HDR10+ 65C6K,,4229.1,,,https://www.amazon.com.br/dp/B0F7K7B2PD?smid=ACUNARZFR75ET,65C6K
2026-10-03T17:15:48-03:00,amazon,loja,Amazon,Lojas Colombo S/A,Smart TV TCL 65 Polegadas QD-Mini LED 4K C6K WiFi Bluetooth Google TV 4 HDMI 144Hz HDR10+ 65C6K,,5058.19,,,https://www.amazon.com.br/dp/B0F7K7B2PD?smid=A30OZFNW1RCCSM,65C6K
2026-10-03T17:15:48-03:00,amazon,loja,Amazon,Leonfer Shop,Smart TV TCL 65 Polegadas QD-Mini LED 4K C6K WiFi Bluetooth Google TV 4 HDMI 144Hz HDR10+ 65C6K,,6854.15,,,https://www.amazon.com.br/dp/B0F7K7B2PD?smid=A28W2XGABGHXAH,65C6K
2026-10-03T17:15:48-03:00,amazon,loja,Amazon,Amazon.com.br,Smart TV TCL 65 Polegadas QD-Mini LED 4K C6K WiFi Bluetooth Google TV 4 HDMI 144Hz HDR10+ 65C6K,4299.0,4084.06,"12x R$ 358,25 sem juros",,https://www.amazon.com.br/dp/B0F7K7B2PD?smid=A1ZZFT5FULY4LN,65C6K
2026-10-03T17:15:48-03:00,casasbahia,loja,Casas Bahia,Casas Bahia,Smart TV TCL 65 Polegadas 65C6K QD-Mini LED 4K UHD Google TV 144Hz HDR10+,4354.44,3919.0,"10x R$ 435,44 sem juros (cartão Casas Bahia)",,https://www.casasbahia.com.br/smart-tv-65-tcl-65c6k-4k-qd-mini-led-144hz-com-sistema-operacional-google-tv/p/55069453,65C6K
2026-10-03T17:15:48-03:00,mercadolivre,loja,Mercado Livre,Loja oficial Magalu,Smart Tv Tcl 55 Polegadas Qd-Mini Led 4k C6k Wifi Bluetooth Google Tv 4 Hdmi 144hz Hdr10+ 55c6k,3699.0,,"10x R$ 369,90 sem juros",,https://www.mercadolivre.com.br/p/MLB48808732?pdp_filters=item_id%3AMLB7574364080,55C6K
2026-10-03T17:15:48-03:00,mercadolivre,loja,Mercado Livre,Mercado Livre,Smart Tv Tcl 55 Polegadas Qd-Mini Led 4k C6k Wifi Bluetooth Google Tv 4 Hdmi 144hz Hdr10+ 55c6k,3599.0,3491.03,,,https://www.mercadolivre.com.br/p/MLB48808732?pdp_filters=item_id%3AMLB5417889802,55C6K
2026-10-03T17:15:48-03:00,mercadolivre,loja,Mercado Livre,,Smart Tv 55 Pol Tcl 55c6k 4k Qd-mini Led 144hz Google Tv,4599.0,,"10x R$ 489,99 sem juros",,https://www.mercadolivre.com.br/smart-tv-55-pol-tcl-55c6k-4k-qdmini-led-144hz-google-tv/up/MLBU5358336840,55C6K
2026-10-03T17:15:48-03:00,mercadolivre,loja,Mercado Livre,,Smart Tv 65 Pol Tcl 55c6k 4k Qd-mini Led 144hz Google Tv,5299.0,,"10x R$ 559,99 sem juros",,https://www.mercadolivre.com.br/smart-tv-65-pol-tcl-55c6k-4k-qdmini-led-144hz-google-tv/up/MLBU5358792318,55C6K
2026-10-03T17:15:48-03:00,mercadolivre,loja,Mercado Livre,TCL,Smart Tv Tcl 55  Qled Mini Led 4k C6k Wifi Bluetooth 55c6k,5299.0,,"10x R$ 529,90 sem juros",,https://www.mercadolivre.com.br/smart-tv-tcl-55--qled-mini-led-4k-c6k-wifi-bluetooth-55c6k/up/MLBU3921703471,55C6K
2026-10-03T17:15:48-03:00,mercadolivre,loja,Mercado Livre,Mercado Livre,Smart Tv Tcl 65 Polegadas Qd-Mini Led 4k C6k Wifi Bluetooth Google Tv 4 Hdmi 144hz Hdr10+ 65c6k,4299.0,3869.1,,,https://www.mercadolivre.com.br/p/MLB50368907?pdp_filters=item_id%3AMLB5446673958,65C6K
2026-10-03T17:15:48-03:00,mercadolivre,loja,Mercado Livre,Mercado Livre,Tcl 4k Qd-mini Led Tv 65 C6k Google Tv,4299.0,,,,https://www.mercadolivre.com.br/tcl-4k-qdmini-led-tv-65-c6k-google-tv/up/MLBU3187349883,65C6K
2026-10-03T17:15:48-03:00,mercadolivre,loja,Mercado Livre,TCL,Smart Tv Tcl 65  Qled Mini Led 4k C6k Wifi Bluetooth 65c6k,6499.0,,"10x R$ 649,90 sem juros",,https://www.mercadolivre.com.br/smart-tv-tcl-65--qled-mini-led-4k-c6k-wifi-bluetooth-65c6k/up/MLBU3933299210,65C6K
2026-10-03T17:15:48-03:00,aliexpress,loja,AliExpress,,"Smart TV 55"" TCL 4K UHD MiniLED 55C6K 120Hz Google TV AiPQ Google Assistente 4 HDMI 2 USB R$ 3.799 R$ 4.199 -9% 4.8 5.000+ vendido(s) Top ve",3799.0,,,,https://pt.aliexpress.com/item/1005009459962683.html,55C6K
2026-10-03T17:15:48-03:00,aliexpress,loja,AliExpress,,"Smart TV 65"" TCL 4K UHD MiniLED 65C6K 120Hz Google TV AiPQ Google Assistente 4 HDMI 2 USB R$ 4.159 R$ 4.899 -15% 4.8 2.000+ vendido(s) Top v",4159.0,,,,https://pt.aliexpress.com/item/1005009036343124.html,65C6K
2026-10-03T17:45:49-03:00,amazon,loja,Amazon,Amazon.com.br Política de devolução,Smart TV TCL 55 Polegadas QD-Mini LED 4K C6K WiFi Bluetooth Google TV 4 HDMI 144Hz HDR10+ 55C6K,3498.0,,,,https://www.amazon.com.br/dp/B0F7JZMVKF?smid=A1ZZFT5FULY4LN,55C6K
2026-10-03T17:45:49-03:00,amazon,loja,Amazon,Magalu.,Smart TV TCL 55 Polegadas QD-Mini LED 4K C6K WiFi Bluetooth Google TV 4 HDMI 144Hz HDR10+ 55C6K,,3329.1,,,https://www.amazon.com.br/dp/B0F7JZMVKF?smid=ACUNARZFR75ET,55C6K
2026-10-03T17:45:49-03:00,amazon,loja,Amazon,Lojas Colombo S/A,Smart TV TCL 55 Polegadas QD-Mini LED 4K C6K WiFi Bluetooth Google TV 4 HDMI 144Hz HDR10+ 55C6K,,3997.73,,,https://www.amazon.com.br/dp/B0F7JZMVKF?smid=A30OZFNW1RCCSM,55C6K
2026-10-03T17:45:49-03:00,amazon,loja,Amazon,Leonfer Shop,Smart TV TCL 55 Polegadas QD-Mini LED 4K C6K WiFi Bluetooth Google TV 4 HDMI 144Hz HDR10+ 55C6K,,5557.4,,,https://www.amazon.com.br/dp/B0F7JZMVKF?smid=A28W2XGABGHXAH,55C6K
2026-10-03T17:45:49-03:00,amazon,loja,Amazon,TCLSEMP.,Smart TV TCL 55 Polegadas QD-Mini LED 4K C6K WiFi Bluetooth Google TV 4 HDMI 144Hz HDR10+ 55C6K,3599.0,3419.05,"12x R$ 299,99 sem juros",,https://www.amazon.com.br/dp/B0F7JZMVKF?smid=A3R1Z59ZORN2J9,55C6K
2026-10-03T17:45:49-03:00,amazon,loja,Amazon,Magalu.,Smart TV TCL 65 Polegadas QD-Mini LED 4K C6K WiFi Bluetooth Google TV 4 HDMI 144Hz HDR10+ 65C6K,,4229.1,,,https://www.amazon.com.br/dp/B0F7K7B2PD?smid=ACUNARZFR75ET,65C6K
2026-10-03T17:45:49-03:00,amazon,loja,Amazon,Lojas Colombo S/A,Smart TV TCL 65 Polegadas QD-Mini LED 4K C6K WiFi Bluetooth Google TV 4 HDMI 144Hz HDR10+ 65C6K,,5058.19,,,https://www.amazon.com.br/dp/B0F7K7B2PD?smid=A30OZFNW1RCCSM,65C6K
2026-10-03T17:45:49-03:00,amazon,loja,Amazon,Leonfer Shop,Smart TV TCL 65 Polegadas QD-Mini LED 4K C6K WiFi Bluetooth Google TV 4 HDMI 144Hz HDR10+ 65C6K,,6854.15,,,https://www.amazon.com.br/dp/B0F7K7B2PD?smid=A28W2XGABGHXAH,65C6K
2026-10-03T17:45:49-03:00,amazon,loja,Amazon,Amazon.com.br,Smart TV TCL 65 Polegadas QD-Mini LED 4K C6K WiFi Bluetooth Google TV 4 HDMI 144Hz HDR10+ 65C6K,4299.0,4084.06,"12x R$ 358,25 sem juros",,https://www.amazon.com.br/dp/B0F7K7B2PD?smid=A1ZZFT5FULY4LN,65C6K
2026-10-03T17:45:49-03:00,casasbahia,loja,Casas Bahia,Casas Bahia,Smart TV TCL 65 Polegadas 65C6K QD-Mini LED 4K UHD Google TV 144Hz HDR10+,4354.44,3919.0,"10x R$ 435,44 sem juros (cartão Casas Bahia)",,https://www.casasbahia.com.br/smart-tv-65-tcl-65c6k-4k-qd-mini-led-144hz-com-sistema-operacional-google-tv/p/55069453,65C6K
2026-10-03T17:45:49-03:00,mercadolivre,loja,Mercado Livre,Loja oficial Magalu,Smart Tv Tcl 55 Polegadas Qd-Mini Led 4k C6k Wifi Bluetooth Google Tv 4 Hdmi 144hz Hdr10+ 55c6k,3699.0,,"10x R$ 369,90 sem juros",,https://www.mercadolivre.com.br/p/MLB48808732?pdp_filters=item_id%3AMLB7574364080,55C6K
2026-10-03T17:45:49-03:00,mercadolivre,loja,Mercado Livre,Mercado Livre,Smart Tv Tcl 55 Polegadas Qd-Mini Led 4k C6k Wifi Bluetooth Google Tv 4 Hdmi 144hz Hdr10+ 55c6k,3599.0,3491.03,,,https://www.mercadolivre.com.br/p/MLB48808732?pdp_filters=item_id%3AMLB5417889802,55C6K
2026-10-03T17:45:49-03:00,mercadolivre,loja,Mercado Livre,,Smart Tv 55 Pol Tcl 55c6k 4k Qd-mini Led 144hz Google Tv,4599.0,,"10x R$ 489,99 sem juros",,https://www.mercadolivre.com.br/smart-tv-55-pol-tcl-55c6k-4k-qdmini-led-144hz-google-tv/up/MLBU5358336840,55C6K
2026-10-03T17:45:49-03:00,mercadolivre,loja,Mercado Livre,,Smart Tv 65 Pol Tcl 55c6k 4k Qd-mini Led 144hz Google Tv,5299.0,,"10x R$ 559,99 sem juros",,https://www.mercadolivre.com.br/smart-tv-65-pol-tcl-55c6k-4k-qdmini-led-144hz-google-tv/up/MLBU5358792318,55C6K
2026-10-03T17:45:49-03:00,mercadolivre,loja,Mercado Livre,TCL,Smart Tv Tcl 55  Qled Mini Led 4k C6k Wifi Bluetooth 55c6k,5299.0,,"10x R$ 529,90 sem juros",,https://www.mercadolivre.com.br/smart-tv-tcl-55--qled-mini-led-4k-c6k-wifi-bluetooth-55c6k/up/MLBU3921703471,55C6K
2026-10-03T17:45:49-03:00,mercadolivre,loja,Mercado Livre,Mercado Livre,Smart Tv Tcl 65 Polegadas Qd-Mini Led 4k C6k Wifi Bluetooth Google Tv 4 Hdmi 144hz Hdr10+ 65c6k,4299.0,3869.1,,,https://www.mercadolivre.com.br/p/MLB50368907?pdp_filters=item_id%3AMLB5446673958,65C6K
2026-10-03T17:45:49-03:00,mercadolivre,loja,Mercado Livre,Mercado Livre,Tcl 4k Qd-mini Led Tv 65 C6k Google Tv,4299.0,,,,https://www.mercadolivre.com.br/tcl-4k-qdmini-led-tv-65-c6k-google-tv/up/MLBU3187349883,65C6K
2026-10-03T17:45:49-03:00,mercadolivre,loja,Mercado Livre,TCL,Smart Tv Tcl 65  Qled Mini Led 4k C6k Wifi Bluetooth 65c6k,6499.0,,"10x R$ 649,90 sem juros",,https://www.mercadolivre.com.br/smart-tv-tcl-65--qled-mini-led-4k-c6k-wifi-bluetooth-65c6k/up/MLBU3933299210,65C6K
2026-10-03T17:45:49-03:00,aliexpress,loja,AliExpress,,"Smart TV 55"" TCL 4K UHD MiniLED 55C6K 120Hz Google TV AiPQ Google Assistente 4 HDMI 2 USB R$ 3.799 R$ 4.199 -9% 4.8 5.000+ vendido(s) Top ve",3799.0,,,,https://pt.aliexpress.com/item/1005009459962683.html,55C6K
2026-10-03T17:45:49-03:00,aliexpress,loja,AliExpress,,"Smart TV 65"" TCL 4K UHD MiniLED 65C6K 120Hz Google TV AiPQ Google Assistente 4 HDMI 2 USB R$ 4.159 R$ 4.899 -15% 4.8 2.000+ vendido(s) Top v",4159.0,,,,https://pt.aliexpress.com/item/1005009036343124.html,65C6K
2026-10-03T18:15:58-03:00,amazon,loja,Amazon,Amazon.com.br Política de devolução,Smart TV TCL 55 Polegadas QD-Mini LED 4K C6K WiFi Bluetooth Google TV 4 HDMI 144Hz HDR10+ 55C6K,3498.0,,,,https://www.amazon.com.br/dp/B0F7JZMVKF?smid=A1ZZFT5FULY4LN,55C6K
2026-10-03T18:15:58-03:00,amazon,loja,Amazon,Magalu.,Smart TV TCL 55 Polegadas QD-Mini LED 4K C6K WiFi Bluetooth Google TV 4 HDMI 144Hz HDR10+ 55C6K,,3329.1,,,https://www.amazon.com.br/dp/B0F7JZMVKF?smid=ACUNARZFR75ET,55C6K
2026-10-03T18:15:58-03:00,amazon,loja,Amazon,Lojas Colombo S/A,Smart TV TCL 55 Polegadas QD-Mini LED 4K C6K WiFi Bluetooth Google TV 4 HDMI 144Hz HDR10+ 55C6K,,3997.73,,,https://www.amazon.com.br/dp/B0F7JZMVKF?smid=A30OZFNW1RCCSM,55C6K
2026-10-03T18:15:58-03:00,amazon,loja,Amazon,Leonfer Shop,Smart TV TCL 55 Polegadas QD-Mini LED 4K C6K WiFi Bluetooth Google TV 4 HDMI 144Hz HDR10+ 55C6K,,5557.4,,,https://www.amazon.com.br/dp/B0F7JZMVKF?smid=A28W2XGABGHXAH,55C6K
2026-10-03T18:15:58-03:00,amazon,loja,Amazon,TCLSEMP.,Smart TV TCL 55 Polegadas QD-Mini LED 4K C6K WiFi Bluetooth Google TV 4 HDMI 144Hz HDR10+ 55C6K,3599.0,3419.05,"12x R$ 299,99 sem juros",,https://www.amazon.com.br/dp/B0F7JZMVKF?smid=A3R1Z59ZORN2J9,55C6K
2026-10-03T18:15:58-03:00,amazon,loja,Amazon,Magalu.,Smart TV TCL 65 Polegadas QD-Mini LED 4K C6K WiFi Bluetooth Google TV 4 HDMI 144Hz HDR10+ 65C6K,,4229.1,,,https://www.amazon.com.br/dp/B0F7K7B2PD?smid=ACUNARZFR75ET,65C6K
2026-10-03T18:15:58-03:00,amazon,loja,Amazon,Lojas Colombo S/A,Smart TV TCL 65 Polegadas QD-Mini LED 4K C6K WiFi Bluetooth Google TV 4 HDMI 144Hz HDR10+ 65C6K,,5058.19,,,https://www.amazon.com.br/dp/B0F7K7B2PD?smid=A30OZFNW1RCCSM,65C6K
2026-10-03T18:15:58-03:00,amazon,loja,Amazon,Leonfer Shop,Smart TV TCL 65 Polegadas QD-Mini LED 4K C6K WiFi Bluetooth Google TV 4 HDMI 144Hz HDR10+ 65C6K,,6854.15,,,https://www.amazon.com.br/dp/B0F7K7B2PD?smid=A28W2XGABGHXAH,65C6K
2026-10-03T18:15:58-03:00,amazon,loja,Amazon,Amazon.com.br,Smart TV TCL 65 Polegadas QD-Mini LED 4K C6K WiFi Bluetooth Google TV 4 HDMI 144Hz HDR10+ 65C6K,4299.0,4084.06,"12x R$ 358,25 sem juros",,https://www.amazon.com.br/dp/B0F7K7B2PD?smid=A1ZZFT5FULY4LN,65C6K
2026-10-03T18:15:58-03:00,mercadolivre,loja,Mercado Livre,Loja oficial Magalu,Smart Tv Tcl 55 Polegadas Qd-Mini Led 4k C6k Wifi Bluetooth Google Tv 4 Hdmi 144hz Hdr10+ 55c6k,3699.0,,"10x R$ 369,90 sem juros",,https://www.mercadolivre.com.br/p/MLB48808732?pdp_filters=item_id%3AMLB7574364080,55C6K
2026-10-03T18:15:58-03:00,mercadolivre,loja,Mercado Livre,Mercado Livre,Smart Tv Tcl 55 Polegadas Qd-Mini Led 4k C6k Wifi Bluetooth Google Tv 4 Hdmi 144hz Hdr10+ 55c6k,3599.0,3491.03,,,https://www.mercadolivre.com.br/p/MLB48808732?pdp_filters=item_id%3AMLB5417889802,55C6K
2026-10-03T18:15:58-03:00,mercadolivre,loja,Mercado Livre,,Smart Tv 55 Pol Tcl 55c6k 4k Qd-mini Led 144hz Google Tv,4599.0,,"10x R$ 489,99 sem juros",,https://www.mercadolivre.com.br/smart-tv-55-pol-tcl-55c6k-4k-qdmini-led-144hz-google-tv/up/MLBU5358336840,55C6K
2026-10-03T18:15:58-03:00,mercadolivre,loja,Mercado Livre,,Smart Tv 65 Pol Tcl 55c6k 4k Qd-mini Led 144hz Google Tv,5299.0,,"10x R$ 559,99 sem juros",,https://www.mercadolivre.com.br/smart-tv-65-pol-tcl-55c6k-4k-qdmini-led-144hz-google-tv/up/MLBU5358792318,55C6K
2026-10-03T18:15:58-03:00,mercadolivre,loja,Mercado Livre,TCL,Smart Tv Tcl 55  Qled Mini Led 4k C6k Wifi Bluetooth 55c6k,5299.0,,"10x R$ 529,90 sem juros",,https://www.mercadolivre.com.br/smart-tv-tcl-55--qled-mini-led-4k-c6k-wifi-bluetooth-55c6k/up/MLBU3921703471,55C6K
2026-10-03T18:15:58-03:00,mercadolivre,loja,Mercado Livre,Mercado Livre,Smart Tv Tcl 65 Polegadas Qd-Mini Led 4k C6k Wifi Bluetooth Google Tv 4 Hdmi 144hz Hdr10+ 65c6k,4299.0,3869.1,,,https://www.mercadolivre.com.br/p/MLB50368907?pdp_filters=item_id%3AMLB5446673958,65C6K
2026-10-03T18:15:58-03:00,mercadolivre,loja,Mercado Livre,Mercado Livre,Tcl 4k Qd-mini Led Tv 65 C6k Google Tv,4299.0,,,,https://www.mercadolivre.com.br/tcl-4k-qdmini-led-tv-65-c6k-google-tv/up/MLBU3187349883,65C6K
2026-10-03T18:15:58-03:00,mercadolivre,loja,Mercado Livre,TCL,Smart Tv Tcl 65  Qled Mini Led 4k C6k Wifi Bluetooth 65c6k,6499.0,,"10x R$ 649,90 sem juros",,https://www.mercadolivre.com.br/smart-tv-tcl-65--qled-mini-led-4k-c6k-wifi-bluetooth-65c6k/up/MLBU3933299210,65C6K
2026-10-03T18:15:58-03:00,aliexpress,loja,AliExpress,,"Smart TV 55"" TCL 4K UHD MiniLED 55C6K 120Hz Google TV AiPQ Google Assistente 4 HDMI 2 USB R$ 3.799 R$ 4.199 -9% 4.8 5.000+ vendido(s) Top ve",3799.0,,,,https://pt.aliexpress.com/item/1005009459962683.html,55C6K
2026-10-03T18:15:58-03:00,aliexpress,loja,AliExpress,,"Smart TV 65"" TCL 4K UHD MiniLED 65C6K 120Hz Google TV AiPQ Google Assistente 4 HDMI 2 USB R$ 4.159 R$ 4.899 -15% 4.8 2.000+ vendido(s) Top v",4159.0,,,,https://pt.aliexpress.com/item/1005009036343124.html,65C6K
2026-10-03T18:44:54-03:00,amazon,loja,Amazon,Amazon.com.br Política de devolução,Smart TV TCL 55 Polegadas QD-Mini LED 4K C6K WiFi Bluetooth Google TV 4 HDMI 144Hz HDR10+ 55C6K,3498.0,,,,https://www.amazon.com.br/dp/B0F7JZMVKF?smid=A1ZZFT5FULY4LN,55C6K
2026-10-03T18:44:54-03:00,amazon,loja,Amazon,Magalu.,Smart TV TCL 55 Polegadas QD-Mini LED 4K C6K WiFi Bluetooth Google TV 4 HDMI 144Hz HDR10+ 55C6K,,3329.1,,,https://www.amazon.com.br/dp/B0F7JZMVKF?smid=ACUNARZFR75ET,55C6K
2026-10-03T18:44:54-03:00,amazon,loja,Amazon,Lojas Colombo S/A,Smart TV TCL 55 Polegadas QD-Mini LED 4K C6K WiFi Bluetooth Google TV 4 HDMI 144Hz HDR10+ 55C6K,,3997.73,,,https://www.amazon.com.br/dp/B0F7JZMVKF?smid=A30OZFNW1RCCSM,55C6K
2026-10-03T18:44:54-03:00,amazon,loja,Amazon,Leonfer Shop,Smart TV TCL 55 Polegadas QD-Mini LED 4K C6K WiFi Bluetooth Google TV 4 HDMI 144Hz HDR10+ 55C6K,,5557.4,,,https://www.amazon.com.br/dp/B0F7JZMVKF?smid=A28W2XGABGHXAH,55C6K
2026-10-03T18:44:54-03:00,amazon,loja,Amazon,TCLSEMP.,Smart TV TCL 55 Polegadas QD-Mini LED 4K C6K WiFi Bluetooth Google TV 4 HDMI 144Hz HDR10+ 55C6K,3599.0,3419.05,"12x R$ 299,99 sem juros",,https://www.amazon.com.br/dp/B0F7JZMVKF?smid=A3R1Z59ZORN2J9,55C6K
2026-10-03T18:44:54-03:00,amazon,loja,Amazon,Magalu.,Smart TV TCL 65 Polegadas QD-Mini LED 4K C6K WiFi Bluetooth Google TV 4 HDMI 144Hz HDR10+ 65C6K,,4229.1,,,https://www.amazon.com.br/dp/B0F7K7B2PD?smid=ACUNARZFR75ET,65C6K
2026-10-03T18:44:54-03:00,amazon,loja,Amazon,Lojas Colombo S/A,Smart TV TCL 65 Polegadas QD-Mini LED 4K C6K WiFi Bluetooth Google TV 4 HDMI 144Hz HDR10+ 65C6K,,5058.19,,,https://www.amazon.com.br/dp/B0F7K7B2PD?smid=A30OZFNW1RCCSM,65C6K
2026-10-03T18:44:54-03:00,amazon,loja,Amazon,Leonfer Shop,Smart TV TCL 65 Polegadas QD-Mini LED 4K C6K WiFi Bluetooth Google TV 4 HDMI 144Hz HDR10+ 65C6K,,6854.15,,,https://www.amazon.com.br/dp/B0F7K7B2PD?smid=A28W2XGABGHXAH,65C6K
2026-10-03T18:44:54-03:00,amazon,loja,Amazon,Amazon.com.br,Smart TV TCL 65 Polegadas QD-Mini LED 4K C6K WiFi Bluetooth Google TV 4 HDMI 144Hz HDR10+ 65C6K,4299.0,4084.06,"12x R$ 358,25 sem juros",,https://www.amazon.com.br/dp/B0F7K7B2PD?smid=A1ZZFT5FULY4LN,65C6K
2026-10-03T18:44:54-03:00,mercadolivre,loja,Mercado Livre,Loja oficial Magalu,Smart Tv Tcl 55 Polegadas Qd-Mini Led 4k C6k Wifi Bluetooth Google Tv 4 Hdmi 144hz Hdr10+ 55c6k,3699.0,,"10x R$ 369,90 sem juros",,https://www.mercadolivre.com.br/p/MLB48808732?pdp_filters=item_id%3AMLB7574364080,55C6K
2026-10-03T18:44:54-03:00,mercadolivre,loja,Mercado Livre,Mercado Livre,Smart Tv Tcl 55 Polegadas Qd-Mini Led 4k C6k Wifi Bluetooth Google Tv 4 Hdmi 144hz Hdr10+ 55c6k,3599.0,3491.03,,,https://www.mercadolivre.com.br/p/MLB48808732?pdp_filters=item_id%3AMLB5417889802,55C6K
2026-10-03T18:44:54-03:00,mercadolivre,loja,Mercado Livre,,Smart Tv 55 Pol Tcl 55c6k 4k Qd-mini Led 144hz Google Tv,4599.0,,"10x R$ 489,99 sem juros",,https://www.mercadolivre.com.br/smart-tv-55-pol-tcl-55c6k-4k-qdmini-led-144hz-google-tv/up/MLBU5358336840,55C6K
2026-10-03T18:44:54-03:00,mercadolivre,loja,Mercado Livre,,Smart Tv 65 Pol Tcl 55c6k 4k Qd-mini Led 144hz Google Tv,5299.0,,"10x R$ 559,99 sem juros",,https://www.mercadolivre.com.br/smart-tv-65-pol-tcl-55c6k-4k-qdmini-led-144hz-google-tv/up/MLBU5358792318,55C6K
2026-10-03T18:44:54-03:00,mercadolivre,loja,Mercado Livre,TCL,Smart Tv Tcl 55  Qled Mini Led 4k C6k Wifi Bluetooth 55c6k,5299.0,,"10x R$ 529,90 sem juros",,https://www.mercadolivre.com.br/smart-tv-tcl-55--qled-mini-led-4k-c6k-wifi-bluetooth-55c6k/up/MLBU3921703471,55C6K
2026-10-03T18:44:54-03:00,mercadolivre,loja,Mercado Livre,Mercado Livre,Smart Tv Tcl 65 Polegadas Qd-Mini Led 4k C6k Wifi Bluetooth Google Tv 4 Hdmi 144hz Hdr10+ 65c6k,4299.0,3869.1,,,https://www.mercadolivre.com.br/p/MLB50368907?pdp_filters=item_id%3AMLB5446673958,65C6K
2026-10-03T18:44:54-03:00,mercadolivre,loja,Mercado Livre,Mercado Livre,Tcl 4k Qd-mini Led Tv 65 C6k Google Tv,4299.0,,,,https://www.mercadolivre.com.br/tcl-4k-qdmini-led-tv-65-c6k-google-tv/up/MLBU3187349883,65C6K
2026-10-03T18:44:54-03:00,mercadolivre,loja,Mercado Livre,TCL,Smart Tv Tcl 65  Qled Mini Led 4k C6k Wifi Bluetooth 65c6k,6499.0,,"10x R$ 649,90 sem juros",,https://www.mercadolivre.com.br/smart-tv-tcl-65--qled-mini-led-4k-c6k-wifi-bluetooth-65c6k/up/MLBU3933299210,65C6K
2026-10-03T18:44:54-03:00,aliexpress,loja,AliExpress,,"Smart TV 55"" TCL 4K UHD MiniLED 55C6K 120Hz Google TV AiPQ Google Assistente 4 HDMI 2 USB R$ 3.799 R$ 4.199 -9% 4.8 5.000+ vendido(s) Top ve",3799.0,,,,https://pt.aliexpress.com/item/1005009459962683.html,55C6K
2026-10-03T18:44:54-03:00,aliexpress,loja,AliExpress,,"Smart TV 65"" TCL 4K UHD MiniLED 65C6K 120Hz Google TV AiPQ Google Assistente 4 HDMI 2 USB R$ 4.159 R$ 4.899 -15% 4.8 2.000+ vendido(s) Top v",4159.0,,,,https://pt.aliexpress.com/item/1005009036343124.html,65C6K
